service_number,unit_id,domain,observed_on,value_normalised,raw_kind
SYNTH-CRPF-01-455510,CRPF-01,leave,2026-09-05,0.7353,leave_denied_rate
SYNTH-CRPF-01-455510,CRPF-01,deployment,2026-09-05,0.2993,days_deployed_away_from_station
SYNTH-CRPF-01-455510,CRPF-01,duty_roster,2026-09-05,0.5918,consecutive_duty_days
SYNTH-CRPF-01-455510,CRPF-01,transfer,2026-09-05,0.25,postings_in_trailing_year
SYNTH-CRPF-01-455510,CRPF-01,training,2026-09-05,0.0,course_days_assigned
SYNTH-CRPF-01-455510,CRPF-01,workload,2026-09-05,0.5475,duty_hours_over_establishment
SYNTH-CRPF-01-465274,CRPF-01,leave,2026-09-05,0.7233,leave_denied_rate
SYNTH-CRPF-01-465274,CRPF-01,deployment,2026-09-05,0.2565,days_deployed_away_from_station
SYNTH-CRPF-01-465274,CRPF-01,duty_roster,2026-09-05,0.7185,consecutive_duty_days
SYNTH-CRPF-01-465274,CRPF-01,transfer,2026-09-05,0.25,postings_in_trailing_year
SYNTH-CRPF-01-465274,CRPF-01,training,2026-09-05,0.0,course_days_assigned
SYNTH-CRPF-01-465274,CRPF-01,workload,2026-09-05,0.6545,duty_hours_over_establishment
SYNTH-CRPF-01-465274,CRPF-01,self_report,2026-09-05,0.1925,instrument_score_normalised
SYNTH-CRPF-01-998057,CRPF-01,leave,2026-09-05,0.3642,leave_denied_rate
SYNTH-CRPF-01-998057,CRPF-01,deployment,2026-09-05,0.1662,days_deployed_away_from_station
SYNTH-CRPF-01-998057,CRPF-01,duty_roster,2026-09-05,0.4287,consecutive_duty_days
SYNTH-CRPF-01-998057,CRPF-01,transfer,2026-09-05,0.25,postings_in_trailing_year
SYNTH-CRPF-01-998057,CRPF-01,training,2026-09-05,0.0,course_days_assigned
SYNTH-CRPF-01-998057,CRPF-01,workload,2026-09-05,0.3964,duty_hours_over_establishment
SYNTH-CRPF-01-998057,CRPF-01,self_report,2026-09-05,0.3095,instrument_score_normalised
SYNTH-CRPF-01-704953,CRPF-01,leave,2026-09-05,0.5132,leave_denied_rate
SYNTH-CRPF-01-704953,CRPF-01,deployment,2026-09-05,0.182,days_deployed_away_from_station
SYNTH-CRPF-01-704953,CRPF-01,duty_roster,2026-09-05,0.5116,consecutive_duty_days
SYNTH-CRPF-01-704953,CRPF-01,transfer,2026-09-05,0.25,postings_in_trailing_year
SYNTH-CRPF-01-704953,CRPF-01,training,2026-09-05,0.0,course_days_assigned
SYNTH-CRPF-01-704953,CRPF-01,workload,2026-09-05,0.4502,duty_hours_over_establishment
SYNTH-CRPF-01-704953,CRPF-01,self_report,2026-09-05,0.4315,instrument_score_normalised
SYNTH-CRPF-01-548760,CRPF-01,leave,2026-09-05,0.2275,leave_denied_rate
SYNTH-CRPF-01-548760,CRPF-01,deployment,2026-09-05,0.0365,days_deployed_away_from_station
SYNTH-CRPF-01-548760,CRPF-01,duty_roster,2026-09-05,0.3215,consecutive_duty_days
SYNTH-CRPF-01-548760,CRPF-01,transfer,2026-09-05,0.25,postings_in_trailing_year
SYNTH-CRPF-01-548760,CRPF-01,training,2026-09-05,0.0,course_days_assigned
SYNTH-CRPF-01-548760,CRPF-01,workload,2026-09-05,0.4195,duty_hours_over_establishment
SYNTH-CRPF-01-548760,CRPF-01,biometric,2026-09-05,0.1978,resting_heart_rate_trend
SYNTH-CRPF-01-631837,CRPF-01,leave,2026-09-05,0.432,leave_denied_rate
SYNTH-CRPF-01-631837,CRPF-01,deployment,2026-09-05,0.1738,days_deployed_away_from_station
SYNTH-CRPF-01-631837,CRPF-01,duty_roster,2026-09-05,0.4312,consecutive_duty_days
SYNTH-CRPF-01-631837,CRPF-01,transfer,2026-09-05,0.25,postings_in_trailing_year
SYNTH-CRPF-01-631837,CRPF-01,training,2026-09-05,0.0,course_days_assigned
SYNTH-CRPF-01-631837,CRPF-01,workload,2026-09-05,0.3046,duty_hours_over_establishment
SYNTH-CRPF-01-583055,CRPF-01,leave,2026-09-05,0.4907,leave_denied_rate
SYNTH-CRPF-01-583055,CRPF-01,deployment,2026-09-05,0.1502,days_deployed_away_from_station
SYNTH-CRPF-01-583055,CRPF-01,duty_roster,2026-09-05,0.4557,consecutive_duty_days
SYNTH-CRPF-01-583055,CRPF-01,transfer,2026-09-05,0.25,postings_in_trailing_year
SYNTH-CRPF-01-583055,CRPF-01,training,2026-09-05,0.0,course_days_assigned
SYNTH-CRPF-01-583055,CRPF-01,workload,2026-09-05,0.4185,duty_hours_over_establishment
SYNTH-CRPF-01-583055,CRPF-01,self_report,2026-09-05,0.4459,instrument_score_normalised
SYNTH-CRPF-01-800162,CRPF-01,leave,2026-09-05,0.6726,leave_denied_rate
SYNTH-CRPF-01-800162,CRPF-01,deployment,2026-09-05,0.2031,days_deployed_away_from_station
SYNTH-CRPF-01-800162,CRPF-01,duty_roster,2026-09-05,0.7403,consecutive_duty_days
SYNTH-CRPF-01-800162,CRPF-01,transfer,2026-09-05,0.25,postings_in_trailing_year
SYNTH-CRPF-01-800162,CRPF-01,training,2026-09-05,0.0,course_days_assigned
SYNTH-CRPF-01-800162,CRPF-01,workload,2026-09-05,0.5931,duty_hours_over_establishment
SYNTH-CRPF-01-800162,CRPF-01,self_report,2026-09-05,0.2844,instrument_score_normalised
SYNTH-CRPF-01-473091,CRPF-01,leave,2026-09-05,0.6603,leave_denied_rate
SYNTH-CRPF-01-473091,CRPF-01,deployment,2026-09-05,0.2003,days_deployed_away_from_station
SYNTH-CRPF-01-473091,CRPF-01,duty_roster,2026-09-05,0.893,consecutive_duty_days
SYNTH-CRPF-01-473091,CRPF-01,transfer,2026-09-05,0.25,postings_in_trailing_year
SYNTH-CRPF-01-473091,CRPF-01,training,2026-09-05,0.0,course_days_assigned
SYNTH-CRPF-01-473091,CRPF-01,workload,2026-09-05,0.633,duty_hours_over_establishment
SYNTH-CRPF-01-473091,CRPF-01,self_report,2026-09-05,0.7544,instrument_score_normalised
SYNTH-CRPF-01-473091,CRPF-01,biometric,2026-09-05,0.6258,resting_heart_rate_trend
SYNTH-CRPF-01-124771,CRPF-01,leave,2026-09-05,0.5975,leave_denied_rate
SYNTH-CRPF-01-124771,CRPF-01,deployment,2026-09-05,0.1174,days_deployed_away_from_station
SYNTH-CRPF-01-124771,CRPF-01,duty_roster,2026-09-05,0.5878,consecutive_duty_days
SYNTH-CRPF-01-124771,CRPF-01,transfer,2026-09-05,0.25,postings_in_trailing_year
SYNTH-CRPF-01-124771,CRPF-01,training,2026-09-05,0.0,course_days_assigned
SYNTH-CRPF-01-124771,CRPF-01,workload,2026-09-05,0.3762,duty_hours_over_establishment
SYNTH-CRPF-01-124771,CRPF-01,biometric,2026-09-05,0.3985,resting_heart_rate_trend
SYNTH-CRPF-01-976873,CRPF-01,leave,2026-09-05,0.4205,leave_denied_rate
SYNTH-CRPF-01-976873,CRPF-01,deployment,2026-09-05,0.2016,days_deployed_away_from_station
SYNTH-CRPF-01-976873,CRPF-01,duty_roster,2026-09-05,0.455,consecutive_duty_days
SYNTH-CRPF-01-976873,CRPF-01,transfer,2026-09-05,0.25,postings_in_trailing_year
SYNTH-CRPF-01-976873,CRPF-01,training,2026-09-05,0.0,course_days_assigned
SYNTH-CRPF-01-976873,CRPF-01,workload,2026-09-05,0.5098,duty_hours_over_establishment
SYNTH-CRPF-01-976873,CRPF-01,self_report,2026-09-05,0.1484,instrument_score_normalised
SYNTH-CRPF-01-976873,CRPF-01,biometric,2026-09-05,0.4369,resting_heart_rate_trend
SYNTH-CRPF-01-507676,CRPF-01,leave,2026-09-05,0.6095,leave_denied_rate
SYNTH-CRPF-01-507676,CRPF-01,deployment,2026-09-05,0.1517,days_deployed_away_from_station
SYNTH-CRPF-01-507676,CRPF-01,duty_roster,2026-09-05,0.5259,consecutive_duty_days
SYNTH-CRPF-01-507676,CRPF-01,transfer,2026-09-05,0.25,postings_in_trailing_year
SYNTH-CRPF-01-507676,CRPF-01,training,2026-09-05,0.0,course_days_assigned
SYNTH-CRPF-01-507676,CRPF-01,workload,2026-09-05,0.5487,duty_hours_over_establishment
SYNTH-CRPF-01-507676,CRPF-01,self_report,2026-09-05,0.2048,instrument_score_normalised
SYNTH-CRPF-01-239213,CRPF-01,leave,2026-09-05,0.6625,leave_denied_rate
SYNTH-CRPF-01-239213,CRPF-01,deployment,2026-09-05,0.2138,days_deployed_away_from_station
SYNTH-CRPF-01-239213,CRPF-01,duty_roster,2026-09-05,0.6647,consecutive_duty_days
SYNTH-CRPF-01-239213,CRPF-01,transfer,2026-09-05,0.25,postings_in_trailing_year
SYNTH-CRPF-01-239213,CRPF-01,training,2026-09-05,0.0,course_days_assigned
SYNTH-CRPF-01-239213,CRPF-01,workload,2026-09-05,0.6479,duty_hours_over_establishment
SYNTH-CRPF-01-239213,CRPF-01,self_report,2026-09-05,0.4572,instrument_score_normalised
SYNTH-CRPF-01-239213,CRPF-01,biometric,2026-09-05,0.402,resting_heart_rate_trend
SYNTH-CRPF-01-552876,CRPF-01,leave,2026-09-05,0.7381,leave_denied_rate
SYNTH-CRPF-01-552876,CRPF-01,deployment,2026-09-05,0.2571,days_deployed_away_from_station
SYNTH-CRPF-01-552876,CRPF-01,duty_roster,2026-09-05,0.656,consecutive_duty_days
SYNTH-CRPF-01-552876,CRPF-01,transfer,2026-09-05,0.25,postings_in_trailing_year
SYNTH-CRPF-01-552876,CRPF-01,training,2026-09-05,0.0,course_days_assigned
SYNTH-CRPF-01-552876,CRPF-01,workload,2026-09-05,0.6766,duty_hours_over_establishment
SYNTH-CRPF-01-552876,CRPF-01,self_report,2026-09-05,0.3248,instrument_score_normalised
SYNTH-CRPF-01-552876,CRPF-01,biometric,2026-09-05,0.1919,resting_heart_rate_trend
SYNTH-CRPF-01-582851,CRPF-01,leave,2026-09-05,0.5642,leave_denied_rate
SYNTH-CRPF-01-582851,CRPF-01,deployment,2026-09-05,0.2588,days_deployed_away_from_station
SYNTH-CRPF-01-582851,CRPF-01,duty_roster,2026-09-05,0.7103,consecutive_duty_days
SYNTH-CRPF-01-582851,CRPF-01,transfer,2026-09-05,0.25,postings_in_trailing_year
SYNTH-CRPF-01-582851,CRPF-01,training,2026-09-05,0.0,course_days_assigned
SYNTH-CRPF-01-582851,CRPF-01,workload,2026-09-05,0.7873,duty_hours_over_establishment
SYNTH-CRPF-01-719618,CRPF-01,leave,2026-09-05,0.3685,leave_denied_rate
SYNTH-CRPF-01-719618,CRPF-01,deployment,2026-09-05,0.1454,days_deployed_away_from_station
SYNTH-CRPF-01-719618,CRPF-01,duty_roster,2026-09-05,0.3821,consecutive_duty_days
SYNTH-CRPF-01-719618,CRPF-01,transfer,2026-09-05,0.25,postings_in_trailing_year
SYNTH-CRPF-01-719618,CRPF-01,training,2026-09-05,0.0,course_days_assigned
SYNTH-CRPF-01-719618,CRPF-01,workload,2026-09-05,0.543,duty_hours_over_establishment
SYNTH-CRPF-01-719618,CRPF-01,biometric,2026-09-05,0.6303,resting_heart_rate_trend
SYNTH-CRPF-01-451473,CRPF-01,leave,2026-09-05,0.8198,leave_denied_rate
SYNTH-CRPF-01-451473,CRPF-01,deployment,2026-09-05,0.2688,days_deployed_away_from_station
SYNTH-CRPF-01-451473,CRPF-01,duty_roster,2026-09-05,0.5066,consecutive_duty_days
SYNTH-CRPF-01-451473,CRPF-01,transfer,2026-09-05,0.25,postings_in_trailing_year
SYNTH-CRPF-01-451473,CRPF-01,training,2026-09-05,0.0,course_days_assigned
SYNTH-CRPF-01-451473,CRPF-01,workload,2026-09-05,0.8329,duty_hours_over_establishment
SYNTH-CRPF-01-451473,CRPF-01,self_report,2026-09-05,0.0917,instrument_score_normalised
SYNTH-CRPF-01-873879,CRPF-01,leave,2026-09-05,0.4339,leave_denied_rate
SYNTH-CRPF-01-873879,CRPF-01,deployment,2026-09-05,0.1516,days_deployed_away_from_station
SYNTH-CRPF-01-873879,CRPF-01,duty_roster,2026-09-05,0.4447,consecutive_duty_days
SYNTH-CRPF-01-873879,CRPF-01,transfer,2026-09-05,0.25,postings_in_trailing_year
SYNTH-CRPF-01-873879,CRPF-01,training,2026-09-05,0.0,course_days_assigned
SYNTH-CRPF-01-873879,CRPF-01,workload,2026-09-05,0.4266,duty_hours_over_establishment
SYNTH-CRPF-01-873879,CRPF-01,self_report,2026-09-05,0.4269,instrument_score_normalised
SYNTH-CRPF-01-873879,CRPF-01,biometric,2026-09-05,0.2977,resting_heart_rate_trend
SYNTH-CRPF-01-362120,CRPF-01,leave,2026-09-05,0.5934,leave_denied_rate
SYNTH-CRPF-01-362120,CRPF-01,deployment,2026-09-05,0.318,days_deployed_away_from_station
SYNTH-CRPF-01-362120,CRPF-01,duty_roster,2026-09-05,0.6324,consecutive_duty_days
SYNTH-CRPF-01-362120,CRPF-01,transfer,2026-09-05,0.75,postings_in_trailing_year
SYNTH-CRPF-01-362120,CRPF-01,training,2026-09-05,0.0,course_days_assigned
SYNTH-CRPF-01-362120,CRPF-01,workload,2026-09-05,0.787,duty_hours_over_establishment
SYNTH-CRPF-01-736301,CRPF-01,leave,2026-09-05,0.5312,leave_denied_rate
SYNTH-CRPF-01-736301,CRPF-01,deployment,2026-09-05,0.2522,days_deployed_away_from_station
SYNTH-CRPF-01-736301,CRPF-01,duty_roster,2026-09-05,0.6991,consecutive_duty_days
SYNTH-CRPF-01-736301,CRPF-01,transfer,2026-09-05,0.25,postings_in_trailing_year
SYNTH-CRPF-01-736301,CRPF-01,training,2026-09-05,0.0,course_days_assigned
SYNTH-CRPF-01-736301,CRPF-01,workload,2026-09-05,0.7535,duty_hours_over_establishment
SYNTH-CRPF-01-736301,CRPF-01,self_report,2026-09-05,0.2698,instrument_score_normalised
SYNTH-CRPF-01-736301,CRPF-01,biometric,2026-09-05,0.199,resting_heart_rate_trend
SYNTH-CRPF-01-128836,CRPF-01,leave,2026-09-05,0.5257,leave_denied_rate
SYNTH-CRPF-01-128836,CRPF-01,deployment,2026-09-05,0.2215,days_deployed_away_from_station
SYNTH-CRPF-01-128836,CRPF-01,duty_roster,2026-09-05,0.5118,consecutive_duty_days
SYNTH-CRPF-01-128836,CRPF-01,transfer,2026-09-05,0.25,postings_in_trailing_year
SYNTH-CRPF-01-128836,CRPF-01,training,2026-09-05,0.0,course_days_assigned
SYNTH-CRPF-01-128836,CRPF-01,workload,2026-09-05,0.7053,duty_hours_over_establishment
SYNTH-CRPF-01-128836,CRPF-01,biometric,2026-09-05,0.2647,resting_heart_rate_trend
SYNTH-CRPF-01-445316,CRPF-01,leave,2026-09-05,0.7049,leave_denied_rate
SYNTH-CRPF-01-445316,CRPF-01,deployment,2026-09-05,0.2092,days_deployed_away_from_station
SYNTH-CRPF-01-445316,CRPF-01,duty_roster,2026-09-05,0.6718,consecutive_duty_days
SYNTH-CRPF-01-445316,CRPF-01,transfer,2026-09-05,0.25,postings_in_trailing_year
SYNTH-CRPF-01-445316,CRPF-01,training,2026-09-05,0.0,course_days_assigned
SYNTH-CRPF-01-445316,CRPF-01,workload,2026-09-05,0.5302,duty_hours_over_establishment
SYNTH-CRPF-01-445316,CRPF-01,self_report,2026-09-05,0.5332,instrument_score_normalised
SYNTH-CRPF-01-669793,CRPF-01,leave,2026-09-05,0.6385,leave_denied_rate
SYNTH-CRPF-01-669793,CRPF-01,deployment,2026-09-05,0.1716,days_deployed_away_from_station
SYNTH-CRPF-01-669793,CRPF-01,duty_roster,2026-09-05,0.8057,consecutive_duty_days
SYNTH-CRPF-01-669793,CRPF-01,transfer,2026-09-05,0.25,postings_in_trailing_year
SYNTH-CRPF-01-669793,CRPF-01,training,2026-09-05,0.0,course_days_assigned
SYNTH-CRPF-01-669793,CRPF-01,workload,2026-09-05,0.6854,duty_hours_over_establishment
SYNTH-CRPF-01-669793,CRPF-01,self_report,2026-09-05,0.3827,instrument_score_normalised
SYNTH-CRPF-01-367039,CRPF-01,leave,2026-09-05,0.5041,leave_denied_rate
SYNTH-CRPF-01-367039,CRPF-01,deployment,2026-09-05,0.1468,days_deployed_away_from_station
SYNTH-CRPF-01-367039,CRPF-01,duty_roster,2026-09-05,0.4347,consecutive_duty_days
SYNTH-CRPF-01-367039,CRPF-01,transfer,2026-09-05,0.25,postings_in_trailing_year
SYNTH-CRPF-01-367039,CRPF-01,training,2026-09-05,0.0,course_days_assigned
SYNTH-CRPF-01-367039,CRPF-01,workload,2026-09-05,0.7403,duty_hours_over_establishment
SYNTH-CRPF-01-117930,CRPF-01,leave,2026-09-05,0.4866,leave_denied_rate
SYNTH-CRPF-01-117930,CRPF-01,deployment,2026-09-05,0.232,days_deployed_away_from_station
SYNTH-CRPF-01-117930,CRPF-01,duty_roster,2026-09-05,0.7582,consecutive_duty_days
SYNTH-CRPF-01-117930,CRPF-01,transfer,2026-09-05,0.25,postings_in_trailing_year
SYNTH-CRPF-01-117930,CRPF-01,training,2026-09-05,0.0,course_days_assigned
SYNTH-CRPF-01-117930,CRPF-01,workload,2026-09-05,0.5887,duty_hours_over_establishment
SYNTH-CRPF-01-655590,CRPF-01,leave,2026-09-05,0.4882,leave_denied_rate
SYNTH-CRPF-01-655590,CRPF-01,deployment,2026-09-05,0.2299,days_deployed_away_from_station
SYNTH-CRPF-01-655590,CRPF-01,duty_roster,2026-09-05,0.7288,consecutive_duty_days
SYNTH-CRPF-01-655590,CRPF-01,transfer,2026-09-05,0.25,postings_in_trailing_year
SYNTH-CRPF-01-655590,CRPF-01,training,2026-09-05,0.0,course_days_assigned
SYNTH-CRPF-01-655590,CRPF-01,workload,2026-09-05,0.7604,duty_hours_over_establishment
SYNTH-CRPF-01-655590,CRPF-01,self_report,2026-09-05,0.3863,instrument_score_normalised
SYNTH-CRPF-01-655590,CRPF-01,biometric,2026-09-05,0.2829,resting_heart_rate_trend
SYNTH-CRPF-01-307014,CRPF-01,leave,2026-09-05,0.7017,leave_denied_rate
SYNTH-CRPF-01-307014,CRPF-01,deployment,2026-09-05,0.2602,days_deployed_away_from_station
SYNTH-CRPF-01-307014,CRPF-01,duty_roster,2026-09-05,0.7254,consecutive_duty_days
SYNTH-CRPF-01-307014,CRPF-01,transfer,2026-09-05,0.75,postings_in_trailing_year
SYNTH-CRPF-01-307014,CRPF-01,training,2026-09-05,0.0,course_days_assigned
SYNTH-CRPF-01-307014,CRPF-01,workload,2026-09-05,0.5743,duty_hours_over_establishment
SYNTH-CRPF-01-307014,CRPF-01,self_report,2026-09-05,0.1544,instrument_score_normalised
SYNTH-CRPF-01-307014,CRPF-01,biometric,2026-09-05,0.2246,resting_heart_rate_trend
SYNTH-CRPF-01-750550,CRPF-01,leave,2026-09-05,0.5092,leave_denied_rate
SYNTH-CRPF-01-750550,CRPF-01,deployment,2026-09-05,0.2082,days_deployed_away_from_station
SYNTH-CRPF-01-750550,CRPF-01,duty_roster,2026-09-05,0.4941,consecutive_duty_days
SYNTH-CRPF-01-750550,CRPF-01,transfer,2026-09-05,0.25,postings_in_trailing_year
SYNTH-CRPF-01-750550,CRPF-01,training,2026-09-05,0.0,course_days_assigned
SYNTH-CRPF-01-750550,CRPF-01,workload,2026-09-05,0.6565,duty_hours_over_establishment
SYNTH-CRPF-01-865717,CRPF-01,leave,2026-09-05,0.5081,leave_denied_rate
SYNTH-CRPF-01-865717,CRPF-01,deployment,2026-09-05,0.1537,days_deployed_away_from_station
SYNTH-CRPF-01-865717,CRPF-01,duty_roster,2026-09-05,0.5691,consecutive_duty_days
SYNTH-CRPF-01-865717,CRPF-01,transfer,2026-09-05,0.25,postings_in_trailing_year
SYNTH-CRPF-01-865717,CRPF-01,training,2026-09-05,0.0,course_days_assigned
SYNTH-CRPF-01-865717,CRPF-01,workload,2026-09-05,0.5155,duty_hours_over_establishment
SYNTH-CRPF-01-865717,CRPF-01,self_report,2026-09-05,0.6639,instrument_score_normalised
SYNTH-CRPF-01-515732,CRPF-01,leave,2026-09-05,0.5821,leave_denied_rate
SYNTH-CRPF-01-515732,CRPF-01,deployment,2026-09-05,0.2487,days_deployed_away_from_station
SYNTH-CRPF-01-515732,CRPF-01,duty_roster,2026-09-05,0.4478,consecutive_duty_days
SYNTH-CRPF-01-515732,CRPF-01,transfer,2026-09-05,0.25,postings_in_trailing_year
SYNTH-CRPF-01-515732,CRPF-01,training,2026-09-05,0.0,course_days_assigned
SYNTH-CRPF-01-515732,CRPF-01,workload,2026-09-05,0.7429,duty_hours_over_establishment
SYNTH-CRPF-01-515732,CRPF-01,self_report,2026-09-05,0.4178,instrument_score_normalised
SYNTH-CRPF-01-628006,CRPF-01,leave,2026-09-05,0.5411,leave_denied_rate
SYNTH-CRPF-01-628006,CRPF-01,deployment,2026-09-05,0.1158,days_deployed_away_from_station
SYNTH-CRPF-01-628006,CRPF-01,duty_roster,2026-09-05,0.6322,consecutive_duty_days
SYNTH-CRPF-01-628006,CRPF-01,transfer,2026-09-05,0.25,postings_in_trailing_year
SYNTH-CRPF-01-628006,CRPF-01,training,2026-09-05,0.0,course_days_assigned
SYNTH-CRPF-01-628006,CRPF-01,workload,2026-09-05,0.5947,duty_hours_over_establishment
SYNTH-CRPF-01-628006,CRPF-01,self_report,2026-09-05,0.5131,instrument_score_normalised
SYNTH-CRPF-01-628006,CRPF-01,biometric,2026-09-05,0.3755,resting_heart_rate_trend
SYNTH-CRPF-01-102589,CRPF-01,leave,2026-09-05,0.7749,leave_denied_rate
SYNTH-CRPF-01-102589,CRPF-01,deployment,2026-09-05,0.2814,days_deployed_away_from_station
SYNTH-CRPF-01-102589,CRPF-01,duty_roster,2026-09-05,0.8151,consecutive_duty_days
SYNTH-CRPF-01-102589,CRPF-01,transfer,2026-09-05,0.25,postings_in_trailing_year
SYNTH-CRPF-01-102589,CRPF-01,training,2026-09-05,0.0,course_days_assigned
SYNTH-CRPF-01-102589,CRPF-01,workload,2026-09-05,0.5706,duty_hours_over_establishment
SYNTH-CRPF-01-102589,CRPF-01,self_report,2026-09-05,0.426,instrument_score_normalised
SYNTH-CRPF-01-188067,CRPF-01,leave,2026-09-05,0.6672,leave_denied_rate
SYNTH-CRPF-01-188067,CRPF-01,deployment,2026-09-05,0.2363,days_deployed_away_from_station
SYNTH-CRPF-01-188067,CRPF-01,duty_roster,2026-09-05,0.6045,consecutive_duty_days
SYNTH-CRPF-01-188067,CRPF-01,transfer,2026-09-05,0.25,postings_in_trailing_year
SYNTH-CRPF-01-188067,CRPF-01,training,2026-09-05,0.0,course_days_assigned
SYNTH-CRPF-01-188067,CRPF-01,workload,2026-09-05,0.8269,duty_hours_over_establishment
SYNTH-CRPF-01-188067,CRPF-01,self_report,2026-09-05,0.3333,instrument_score_normalised
SYNTH-CRPF-01-123713,CRPF-01,leave,2026-09-05,0.6922,leave_denied_rate
SYNTH-CRPF-01-123713,CRPF-01,deployment,2026-09-05,0.2404,days_deployed_away_from_station
SYNTH-CRPF-01-123713,CRPF-01,duty_roster,2026-09-05,0.566,consecutive_duty_days
SYNTH-CRPF-01-123713,CRPF-01,transfer,2026-09-05,0.75,postings_in_trailing_year
SYNTH-CRPF-01-123713,CRPF-01,training,2026-09-05,0.0,course_days_assigned
SYNTH-CRPF-01-123713,CRPF-01,workload,2026-09-05,0.5062,duty_hours_over_establishment
SYNTH-CRPF-01-123713,CRPF-01,self_report,2026-09-05,0.4163,instrument_score_normalised
SYNTH-CRPF-01-270345,CRPF-01,leave,2026-09-05,0.7034,leave_denied_rate
SYNTH-CRPF-01-270345,CRPF-01,deployment,2026-09-05,0.1562,days_deployed_away_from_station
SYNTH-CRPF-01-270345,CRPF-01,duty_roster,2026-09-05,0.4221,consecutive_duty_days
SYNTH-CRPF-01-270345,CRPF-01,transfer,2026-09-05,0.25,postings_in_trailing_year
SYNTH-CRPF-01-270345,CRPF-01,training,2026-09-05,0.0,course_days_assigned
SYNTH-CRPF-01-270345,CRPF-01,workload,2026-09-05,0.6355,duty_hours_over_establishment
SYNTH-CRPF-01-270345,CRPF-01,self_report,2026-09-05,0.3387,instrument_score_normalised
SYNTH-CRPF-01-736632,CRPF-01,leave,2026-09-05,0.6635,leave_denied_rate
SYNTH-CRPF-01-736632,CRPF-01,deployment,2026-09-05,0.2445,days_deployed_away_from_station
SYNTH-CRPF-01-736632,CRPF-01,duty_roster,2026-09-05,0.8153,consecutive_duty_days
SYNTH-CRPF-01-736632,CRPF-01,transfer,2026-09-05,0.25,postings_in_trailing_year
SYNTH-CRPF-01-736632,CRPF-01,training,2026-09-05,0.0,course_days_assigned
SYNTH-CRPF-01-736632,CRPF-01,workload,2026-09-05,0.6837,duty_hours_over_establishment
SYNTH-CRPF-01-767254,CRPF-01,leave,2026-09-05,0.6469,leave_denied_rate
SYNTH-CRPF-01-767254,CRPF-01,deployment,2026-09-05,0.2756,days_deployed_away_from_station
SYNTH-CRPF-01-767254,CRPF-01,duty_roster,2026-09-05,0.5476,consecutive_duty_days
SYNTH-CRPF-01-767254,CRPF-01,transfer,2026-09-05,0.25,postings_in_trailing_year
SYNTH-CRPF-01-767254,CRPF-01,training,2026-09-05,0.0,course_days_assigned
SYNTH-CRPF-01-767254,CRPF-01,workload,2026-09-05,0.7344,duty_hours_over_establishment
SYNTH-CRPF-01-767254,CRPF-01,self_report,2026-09-05,0.0345,instrument_score_normalised
SYNTH-CRPF-01-767254,CRPF-01,biometric,2026-09-05,0.3226,resting_heart_rate_trend
SYNTH-CRPF-01-147693,CRPF-01,leave,2026-09-05,0.4336,leave_denied_rate
SYNTH-CRPF-01-147693,CRPF-01,deployment,2026-09-05,0.2253,days_deployed_away_from_station
SYNTH-CRPF-01-147693,CRPF-01,duty_roster,2026-09-05,0.5097,consecutive_duty_days
SYNTH-CRPF-01-147693,CRPF-01,transfer,2026-09-05,0.25,postings_in_trailing_year
SYNTH-CRPF-01-147693,CRPF-01,training,2026-09-05,0.0,course_days_assigned
SYNTH-CRPF-01-147693,CRPF-01,workload,2026-09-05,0.7112,duty_hours_over_establishment
SYNTH-CRPF-01-621214,CRPF-01,leave,2026-09-05,0.659,leave_denied_rate
SYNTH-CRPF-01-621214,CRPF-01,deployment,2026-09-05,0.1886,days_deployed_away_from_station
SYNTH-CRPF-01-621214,CRPF-01,duty_roster,2026-09-05,0.4837,consecutive_duty_days
SYNTH-CRPF-01-621214,CRPF-01,transfer,2026-09-05,0.25,postings_in_trailing_year
SYNTH-CRPF-01-621214,CRPF-01,training,2026-09-05,0.0,course_days_assigned
SYNTH-CRPF-01-621214,CRPF-01,workload,2026-09-05,0.6271,duty_hours_over_establishment
SYNTH-CRPF-01-621214,CRPF-01,biometric,2026-09-05,0.1345,resting_heart_rate_trend
SYNTH-CRPF-01-567283,CRPF-01,leave,2026-09-05,0.8244,leave_denied_rate
SYNTH-CRPF-01-567283,CRPF-01,deployment,2026-09-05,0.3247,days_deployed_away_from_station
SYNTH-CRPF-01-567283,CRPF-01,duty_roster,2026-09-05,0.767,consecutive_duty_days
SYNTH-CRPF-01-567283,CRPF-01,transfer,2026-09-05,0.75,postings_in_trailing_year
SYNTH-CRPF-01-567283,CRPF-01,training,2026-09-05,0.0,course_days_assigned
SYNTH-CRPF-01-567283,CRPF-01,workload,2026-09-05,0.7644,duty_hours_over_establishment
SYNTH-CRPF-01-831045,CRPF-01,leave,2026-09-05,0.5936,leave_denied_rate
SYNTH-CRPF-01-831045,CRPF-01,deployment,2026-09-05,0.2737,days_deployed_away_from_station
SYNTH-CRPF-01-831045,CRPF-01,duty_roster,2026-09-05,0.8137,consecutive_duty_days
SYNTH-CRPF-01-831045,CRPF-01,transfer,2026-09-05,0.25,postings_in_trailing_year
SYNTH-CRPF-01-831045,CRPF-01,training,2026-09-05,0.0,course_days_assigned
SYNTH-CRPF-01-831045,CRPF-01,workload,2026-09-05,0.6756,duty_hours_over_establishment
SYNTH-CRPF-01-831045,CRPF-01,self_report,2026-09-05,0.3657,instrument_score_normalised
SYNTH-CRPF-01-831045,CRPF-01,biometric,2026-09-05,0.4772,resting_heart_rate_trend
SYNTH-CRPF-01-472623,CRPF-01,leave,2026-09-05,0.6577,leave_denied_rate
SYNTH-CRPF-01-472623,CRPF-01,deployment,2026-09-05,0.235,days_deployed_away_from_station
SYNTH-CRPF-01-472623,CRPF-01,duty_roster,2026-09-05,0.5452,consecutive_duty_days
SYNTH-CRPF-01-472623,CRPF-01,transfer,2026-09-05,0.25,postings_in_trailing_year
SYNTH-CRPF-01-472623,CRPF-01,training,2026-09-05,0.0,course_days_assigned
SYNTH-CRPF-01-472623,CRPF-01,workload,2026-09-05,0.7206,duty_hours_over_establishment
SYNTH-CRPF-01-126603,CRPF-01,leave,2026-09-05,0.8745,leave_denied_rate
SYNTH-CRPF-01-126603,CRPF-01,deployment,2026-09-05,0.2527,days_deployed_away_from_station
SYNTH-CRPF-01-126603,CRPF-01,duty_roster,2026-09-05,0.8541,consecutive_duty_days
SYNTH-CRPF-01-126603,CRPF-01,transfer,2026-09-05,0.25,postings_in_trailing_year
SYNTH-CRPF-01-126603,CRPF-01,training,2026-09-05,0.0,course_days_assigned
SYNTH-CRPF-01-126603,CRPF-01,workload,2026-09-05,0.7043,duty_hours_over_establishment
SYNTH-CRPF-01-126603,CRPF-01,self_report,2026-09-05,0.7159,instrument_score_normalised
SYNTH-CRPF-01-647178,CRPF-01,leave,2026-09-05,0.6092,leave_denied_rate
SYNTH-CRPF-01-647178,CRPF-01,deployment,2026-09-05,0.1682,days_deployed_away_from_station
SYNTH-CRPF-01-647178,CRPF-01,duty_roster,2026-09-05,0.7387,consecutive_duty_days
SYNTH-CRPF-01-647178,CRPF-01,transfer,2026-09-05,0.25,postings_in_trailing_year
SYNTH-CRPF-01-647178,CRPF-01,training,2026-09-05,0.0,course_days_assigned
SYNTH-CRPF-01-647178,CRPF-01,workload,2026-09-05,0.5182,duty_hours_over_establishment
SYNTH-CRPF-01-647178,CRPF-01,self_report,2026-09-05,0.4802,instrument_score_normalised
SYNTH-CRPF-01-515490,CRPF-01,leave,2026-09-05,0.5275,leave_denied_rate
SYNTH-CRPF-01-515490,CRPF-01,deployment,2026-09-05,0.2061,days_deployed_away_from_station
SYNTH-CRPF-01-515490,CRPF-01,duty_roster,2026-09-05,0.8025,consecutive_duty_days
SYNTH-CRPF-01-515490,CRPF-01,transfer,2026-09-05,0.75,postings_in_trailing_year
SYNTH-CRPF-01-515490,CRPF-01,training,2026-09-05,0.0,course_days_assigned
SYNTH-CRPF-01-515490,CRPF-01,workload,2026-09-05,0.6401,duty_hours_over_establishment
SYNTH-CRPF-01-582304,CRPF-01,leave,2026-09-05,0.7743,leave_denied_rate
SYNTH-CRPF-01-582304,CRPF-01,deployment,2026-09-05,0.3155,days_deployed_away_from_station
SYNTH-CRPF-01-582304,CRPF-01,duty_roster,2026-09-05,0.6817,consecutive_duty_days
SYNTH-CRPF-01-582304,CRPF-01,transfer,2026-09-05,0.25,postings_in_trailing_year
SYNTH-CRPF-01-582304,CRPF-01,training,2026-09-05,0.0,course_days_assigned
SYNTH-CRPF-01-582304,CRPF-01,workload,2026-09-05,0.6141,duty_hours_over_establishment
SYNTH-CRPF-01-205605,CRPF-01,leave,2026-09-05,0.2793,leave_denied_rate
SYNTH-CRPF-01-205605,CRPF-01,deployment,2026-09-05,0.0675,days_deployed_away_from_station
SYNTH-CRPF-01-205605,CRPF-01,duty_roster,2026-09-05,0.4979,consecutive_duty_days
SYNTH-CRPF-01-205605,CRPF-01,transfer,2026-09-05,0.25,postings_in_trailing_year
SYNTH-CRPF-01-205605,CRPF-01,training,2026-09-05,0.0,course_days_assigned
SYNTH-CRPF-01-205605,CRPF-01,workload,2026-09-05,0.5619,duty_hours_over_establishment
SYNTH-CRPF-01-205605,CRPF-01,self_report,2026-09-05,0.2236,instrument_score_normalised
SYNTH-CRPF-01-206423,CRPF-01,leave,2026-09-05,0.7172,leave_denied_rate
SYNTH-CRPF-01-206423,CRPF-01,deployment,2026-09-05,0.279,days_deployed_away_from_station
SYNTH-CRPF-01-206423,CRPF-01,duty_roster,2026-09-05,0.6436,consecutive_duty_days
SYNTH-CRPF-01-206423,CRPF-01,transfer,2026-09-05,0.75,postings_in_trailing_year
SYNTH-CRPF-01-206423,CRPF-01,training,2026-09-05,0.0,course_days_assigned
SYNTH-CRPF-01-206423,CRPF-01,workload,2026-09-05,0.6866,duty_hours_over_establishment
SYNTH-CRPF-01-206423,CRPF-01,self_report,2026-09-05,0.3655,instrument_score_normalised
SYNTH-CRPF-01-206423,CRPF-01,biometric,2026-09-05,0.3263,resting_heart_rate_trend
SYNTH-CRPF-01-925617,CRPF-01,leave,2026-09-05,0.6576,leave_denied_rate
SYNTH-CRPF-01-925617,CRPF-01,deployment,2026-09-05,0.2376,days_deployed_away_from_station
SYNTH-CRPF-01-925617,CRPF-01,duty_roster,2026-09-05,0.6712,consecutive_duty_days
SYNTH-CRPF-01-925617,CRPF-01,transfer,2026-09-05,0.25,postings_in_trailing_year
SYNTH-CRPF-01-925617,CRPF-01,training,2026-09-05,0.0,course_days_assigned
SYNTH-CRPF-01-925617,CRPF-01,workload,2026-09-05,0.5526,duty_hours_over_establishment
SYNTH-CRPF-01-925617,CRPF-01,self_report,2026-09-05,0.4224,instrument_score_normalised
SYNTH-CRPF-01-925617,CRPF-01,biometric,2026-09-05,0.4132,resting_heart_rate_trend
SYNTH-CRPF-01-563937,CRPF-01,leave,2026-09-05,0.5709,leave_denied_rate
SYNTH-CRPF-01-563937,CRPF-01,deployment,2026-09-05,0.1282,days_deployed_away_from_station
SYNTH-CRPF-01-563937,CRPF-01,duty_roster,2026-09-05,0.3377,consecutive_duty_days
SYNTH-CRPF-01-563937,CRPF-01,transfer,2026-09-05,0.25,postings_in_trailing_year
SYNTH-CRPF-01-563937,CRPF-01,training,2026-09-05,0.0,course_days_assigned
SYNTH-CRPF-01-563937,CRPF-01,workload,2026-09-05,0.355,duty_hours_over_establishment
SYNTH-CRPF-01-563937,CRPF-01,self_report,2026-09-05,0.3054,instrument_score_normalised
SYNTH-CRPF-01-738803,CRPF-01,leave,2026-09-05,0.5285,leave_denied_rate
SYNTH-CRPF-01-738803,CRPF-01,deployment,2026-09-05,0.3091,days_deployed_away_from_station
SYNTH-CRPF-01-738803,CRPF-01,duty_roster,2026-09-05,0.5558,consecutive_duty_days
SYNTH-CRPF-01-738803,CRPF-01,transfer,2026-09-05,0.25,postings_in_trailing_year
SYNTH-CRPF-01-738803,CRPF-01,training,2026-09-05,0.0,course_days_assigned
SYNTH-CRPF-01-738803,CRPF-01,workload,2026-09-05,0.6473,duty_hours_over_establishment
SYNTH-CRPF-01-432300,CRPF-01,leave,2026-09-05,0.7807,leave_denied_rate
SYNTH-CRPF-01-432300,CRPF-01,deployment,2026-09-05,0.3047,days_deployed_away_from_station
SYNTH-CRPF-01-432300,CRPF-01,duty_roster,2026-09-05,0.5753,consecutive_duty_days
SYNTH-CRPF-01-432300,CRPF-01,transfer,2026-09-05,0.25,postings_in_trailing_year
SYNTH-CRPF-01-432300,CRPF-01,training,2026-09-05,0.0,course_days_assigned
SYNTH-CRPF-01-432300,CRPF-01,workload,2026-09-05,0.8014,duty_hours_over_establishment
SYNTH-CRPF-01-432300,CRPF-01,self_report,2026-09-05,0.292,instrument_score_normalised
SYNTH-CRPF-01-771702,CRPF-01,leave,2026-09-05,0.6344,leave_denied_rate
SYNTH-CRPF-01-771702,CRPF-01,deployment,2026-09-05,0.1793,days_deployed_away_from_station
SYNTH-CRPF-01-771702,CRPF-01,duty_roster,2026-09-05,0.3443,consecutive_duty_days
SYNTH-CRPF-01-771702,CRPF-01,transfer,2026-09-05,0.25,postings_in_trailing_year
SYNTH-CRPF-01-771702,CRPF-01,training,2026-09-05,0.0,course_days_assigned
SYNTH-CRPF-01-771702,CRPF-01,workload,2026-09-05,0.6653,duty_hours_over_establishment
SYNTH-CRPF-01-673781,CRPF-01,leave,2026-09-05,0.5985,leave_denied_rate
SYNTH-CRPF-01-673781,CRPF-01,deployment,2026-09-05,0.1398,days_deployed_away_from_station
SYNTH-CRPF-01-673781,CRPF-01,duty_roster,2026-09-05,0.4592,consecutive_duty_days
SYNTH-CRPF-01-673781,CRPF-01,transfer,2026-09-05,0.25,postings_in_trailing_year
SYNTH-CRPF-01-673781,CRPF-01,training,2026-09-05,0.0,course_days_assigned
SYNTH-CRPF-01-673781,CRPF-01,workload,2026-09-05,0.4979,duty_hours_over_establishment
SYNTH-CRPF-01-673781,CRPF-01,biometric,2026-09-05,0.5405,resting_heart_rate_trend
SYNTH-CRPF-01-937377,CRPF-01,leave,2026-09-05,0.7991,leave_denied_rate
SYNTH-CRPF-01-937377,CRPF-01,deployment,2026-09-05,0.2382,days_deployed_away_from_station
SYNTH-CRPF-01-937377,CRPF-01,duty_roster,2026-09-05,0.6578,consecutive_duty_days
SYNTH-CRPF-01-937377,CRPF-01,transfer,2026-09-05,0.25,postings_in_trailing_year
SYNTH-CRPF-01-937377,CRPF-01,training,2026-09-05,0.0,course_days_assigned
SYNTH-CRPF-01-937377,CRPF-01,workload,2026-09-05,0.6152,duty_hours_over_establishment
SYNTH-CRPF-01-879734,CRPF-01,leave,2026-09-05,0.8043,leave_denied_rate
SYNTH-CRPF-01-879734,CRPF-01,deployment,2026-09-05,0.3098,days_deployed_away_from_station
SYNTH-CRPF-01-879734,CRPF-01,duty_roster,2026-09-05,0.544,consecutive_duty_days
SYNTH-CRPF-01-879734,CRPF-01,transfer,2026-09-05,0.25,postings_in_trailing_year
SYNTH-CRPF-01-879734,CRPF-01,training,2026-09-05,0.0,course_days_assigned
SYNTH-CRPF-01-879734,CRPF-01,workload,2026-09-05,0.7422,duty_hours_over_establishment
SYNTH-CRPF-01-817677,CRPF-01,leave,2026-09-05,0.7566,leave_denied_rate
SYNTH-CRPF-01-817677,CRPF-01,deployment,2026-09-05,0.2616,days_deployed_away_from_station
SYNTH-CRPF-01-817677,CRPF-01,duty_roster,2026-09-05,0.5558,consecutive_duty_days
SYNTH-CRPF-01-817677,CRPF-01,transfer,2026-09-05,0.25,postings_in_trailing_year
SYNTH-CRPF-01-817677,CRPF-01,training,2026-09-05,0.0,course_days_assigned
SYNTH-CRPF-01-817677,CRPF-01,workload,2026-09-05,0.6746,duty_hours_over_establishment
SYNTH-CRPF-01-817677,CRPF-01,self_report,2026-09-05,0.3711,instrument_score_normalised
SYNTH-CRPF-01-616611,CRPF-01,leave,2026-09-05,0.5683,leave_denied_rate
SYNTH-CRPF-01-616611,CRPF-01,deployment,2026-09-05,0.0639,days_deployed_away_from_station
SYNTH-CRPF-01-616611,CRPF-01,duty_roster,2026-09-05,0.6101,consecutive_duty_days
SYNTH-CRPF-01-616611,CRPF-01,transfer,2026-09-05,0.25,postings_in_trailing_year
SYNTH-CRPF-01-616611,CRPF-01,training,2026-09-05,0.0,course_days_assigned
SYNTH-CRPF-01-616611,CRPF-01,workload,2026-09-05,0.3149,duty_hours_over_establishment
SYNTH-CRPF-01-616611,CRPF-01,self_report,2026-09-05,0.3046,instrument_score_normalised
SYNTH-CRPF-01-991356,CRPF-01,leave,2026-09-05,0.3798,leave_denied_rate
SYNTH-CRPF-01-991356,CRPF-01,deployment,2026-09-05,0.1495,days_deployed_away_from_station
SYNTH-CRPF-01-991356,CRPF-01,duty_roster,2026-09-05,0.3603,consecutive_duty_days
SYNTH-CRPF-01-991356,CRPF-01,transfer,2026-09-05,0.25,postings_in_trailing_year
SYNTH-CRPF-01-991356,CRPF-01,training,2026-09-05,0.0,course_days_assigned
SYNTH-CRPF-01-991356,CRPF-01,workload,2026-09-05,0.5918,duty_hours_over_establishment
SYNTH-CRPF-01-991356,CRPF-01,self_report,2026-09-05,0.1448,instrument_score_normalised
SYNTH-CRPF-01-991356,CRPF-01,biometric,2026-09-05,0.3977,resting_heart_rate_trend
SYNTH-CRPF-01-910652,CRPF-01,leave,2026-09-05,0.5299,leave_denied_rate
SYNTH-CRPF-01-910652,CRPF-01,deployment,2026-09-05,0.0408,days_deployed_away_from_station
SYNTH-CRPF-01-910652,CRPF-01,duty_roster,2026-09-05,0.3297,consecutive_duty_days
SYNTH-CRPF-01-910652,CRPF-01,transfer,2026-09-05,0.25,postings_in_trailing_year
SYNTH-CRPF-01-910652,CRPF-01,training,2026-09-05,0.0,course_days_assigned
SYNTH-CRPF-01-910652,CRPF-01,workload,2026-09-05,0.4859,duty_hours_over_establishment
SYNTH-CRPF-01-910652,CRPF-01,self_report,2026-09-05,0.3369,instrument_score_normalised
SYNTH-CRPF-01-303119,CRPF-01,leave,2026-09-05,0.747,leave_denied_rate
SYNTH-CRPF-01-303119,CRPF-01,deployment,2026-09-05,0.2877,days_deployed_away_from_station
SYNTH-CRPF-01-303119,CRPF-01,duty_roster,2026-09-05,0.8243,consecutive_duty_days
SYNTH-CRPF-01-303119,CRPF-01,transfer,2026-09-05,0.75,postings_in_trailing_year
SYNTH-CRPF-01-303119,CRPF-01,training,2026-09-05,0.0,course_days_assigned
SYNTH-CRPF-01-303119,CRPF-01,workload,2026-09-05,0.8261,duty_hours_over_establishment
SYNTH-CRPF-01-248032,CRPF-01,leave,2026-09-05,0.825,leave_denied_rate
SYNTH-CRPF-01-248032,CRPF-01,deployment,2026-09-05,0.3158,days_deployed_away_from_station
SYNTH-CRPF-01-248032,CRPF-01,duty_roster,2026-09-05,0.6473,consecutive_duty_days
SYNTH-CRPF-01-248032,CRPF-01,transfer,2026-09-05,0.25,postings_in_trailing_year
SYNTH-CRPF-01-248032,CRPF-01,training,2026-09-05,0.0,course_days_assigned
SYNTH-CRPF-01-248032,CRPF-01,workload,2026-09-05,0.6946,duty_hours_over_establishment
SYNTH-CRPF-01-248032,CRPF-01,self_report,2026-09-05,0.047,instrument_score_normalised
SYNTH-CRPF-01-506241,CRPF-01,leave,2026-09-05,0.5936,leave_denied_rate
SYNTH-CRPF-01-506241,CRPF-01,deployment,2026-09-05,0.2086,days_deployed_away_from_station
SYNTH-CRPF-01-506241,CRPF-01,duty_roster,2026-09-05,0.534,consecutive_duty_days
SYNTH-CRPF-01-506241,CRPF-01,transfer,2026-09-05,0.25,postings_in_trailing_year
SYNTH-CRPF-01-506241,CRPF-01,training,2026-09-05,0.0,course_days_assigned
SYNTH-CRPF-01-506241,CRPF-01,workload,2026-09-05,0.552,duty_hours_over_establishment
SYNTH-CRPF-01-709263,CRPF-01,leave,2026-09-05,0.6021,leave_denied_rate
SYNTH-CRPF-01-709263,CRPF-01,deployment,2026-09-05,0.1611,days_deployed_away_from_station
SYNTH-CRPF-01-709263,CRPF-01,duty_roster,2026-09-05,0.371,consecutive_duty_days
SYNTH-CRPF-01-709263,CRPF-01,transfer,2026-09-05,0.25,postings_in_trailing_year
SYNTH-CRPF-01-709263,CRPF-01,training,2026-09-05,0.0,course_days_assigned
SYNTH-CRPF-01-709263,CRPF-01,workload,2026-09-05,0.6297,duty_hours_over_establishment
SYNTH-CRPF-01-491622,CRPF-01,leave,2026-09-05,0.5361,leave_denied_rate
SYNTH-CRPF-01-491622,CRPF-01,deployment,2026-09-05,0.3025,days_deployed_away_from_station
SYNTH-CRPF-01-491622,CRPF-01,duty_roster,2026-09-05,0.6873,consecutive_duty_days
SYNTH-CRPF-01-491622,CRPF-01,transfer,2026-09-05,0.25,postings_in_trailing_year
SYNTH-CRPF-01-491622,CRPF-01,training,2026-09-05,0.0,course_days_assigned
SYNTH-CRPF-01-491622,CRPF-01,workload,2026-09-05,0.7353,duty_hours_over_establishment
SYNTH-CRPF-01-624777,CRPF-01,leave,2026-09-05,0.5752,leave_denied_rate
SYNTH-CRPF-01-624777,CRPF-01,deployment,2026-09-05,0.2851,days_deployed_away_from_station
SYNTH-CRPF-01-624777,CRPF-01,duty_roster,2026-09-05,0.7619,consecutive_duty_days
SYNTH-CRPF-01-624777,CRPF-01,transfer,2026-09-05,0.25,postings_in_trailing_year
SYNTH-CRPF-01-624777,CRPF-01,training,2026-09-05,0.0,course_days_assigned
SYNTH-CRPF-01-624777,CRPF-01,workload,2026-09-05,0.5175,duty_hours_over_establishment
SYNTH-CRPF-01-624777,CRPF-01,self_report,2026-09-05,0.2728,instrument_score_normalised
SYNTH-CRPF-01-624777,CRPF-01,biometric,2026-09-05,0.4059,resting_heart_rate_trend
SYNTH-CRPF-01-394415,CRPF-01,leave,2026-09-05,0.6967,leave_denied_rate
SYNTH-CRPF-01-394415,CRPF-01,deployment,2026-09-05,0.2312,days_deployed_away_from_station
SYNTH-CRPF-01-394415,CRPF-01,duty_roster,2026-09-05,0.6026,consecutive_duty_days
SYNTH-CRPF-01-394415,CRPF-01,transfer,2026-09-05,0.25,postings_in_trailing_year
SYNTH-CRPF-01-394415,CRPF-01,training,2026-09-05,0.0,course_days_assigned
SYNTH-CRPF-01-394415,CRPF-01,workload,2026-09-05,0.5276,duty_hours_over_establishment
SYNTH-CRPF-01-394415,CRPF-01,self_report,2026-09-05,0.4449,instrument_score_normalised
SYNTH-CRPF-01-695998,CRPF-01,leave,2026-09-05,0.6025,leave_denied_rate
SYNTH-CRPF-01-695998,CRPF-01,deployment,2026-09-05,0.2552,days_deployed_away_from_station
SYNTH-CRPF-01-695998,CRPF-01,duty_roster,2026-09-05,0.5502,consecutive_duty_days
SYNTH-CRPF-01-695998,CRPF-01,transfer,2026-09-05,0.25,postings_in_trailing_year
SYNTH-CRPF-01-695998,CRPF-01,training,2026-09-05,0.0,course_days_assigned
SYNTH-CRPF-01-695998,CRPF-01,workload,2026-09-05,0.7412,duty_hours_over_establishment
SYNTH-CRPF-01-695998,CRPF-01,self_report,2026-09-05,0.4178,instrument_score_normalised
SYNTH-CRPF-01-695998,CRPF-01,biometric,2026-09-05,0.4034,resting_heart_rate_trend
SYNTH-CRPF-01-159950,CRPF-01,leave,2026-09-05,0.2953,leave_denied_rate
SYNTH-CRPF-01-159950,CRPF-01,deployment,2026-09-05,0.0526,days_deployed_away_from_station
SYNTH-CRPF-01-159950,CRPF-01,duty_roster,2026-09-05,0.562,consecutive_duty_days
SYNTH-CRPF-01-159950,CRPF-01,transfer,2026-09-05,0.75,postings_in_trailing_year
SYNTH-CRPF-01-159950,CRPF-01,training,2026-09-05,0.0,course_days_assigned
SYNTH-CRPF-01-159950,CRPF-01,workload,2026-09-05,0.5287,duty_hours_over_establishment
SYNTH-CRPF-01-159950,CRPF-01,self_report,2026-09-05,0.3899,instrument_score_normalised
SYNTH-CRPF-01-622107,CRPF-01,leave,2026-09-05,0.5143,leave_denied_rate
SYNTH-CRPF-01-622107,CRPF-01,deployment,2026-09-05,0.1083,days_deployed_away_from_station
SYNTH-CRPF-01-622107,CRPF-01,duty_roster,2026-09-05,0.5093,consecutive_duty_days
SYNTH-CRPF-01-622107,CRPF-01,transfer,2026-09-05,0.25,postings_in_trailing_year
SYNTH-CRPF-01-622107,CRPF-01,training,2026-09-05,0.0,course_days_assigned
SYNTH-CRPF-01-622107,CRPF-01,workload,2026-09-05,0.2809,duty_hours_over_establishment
SYNTH-CRPF-01-622107,CRPF-01,self_report,2026-09-05,0.3136,instrument_score_normalised
SYNTH-CRPF-01-622107,CRPF-01,biometric,2026-09-05,0.5112,resting_heart_rate_trend
SYNTH-CRPF-01-199856,CRPF-01,leave,2026-09-05,0.4923,leave_denied_rate
SYNTH-CRPF-01-199856,CRPF-01,deployment,2026-09-05,0.2997,days_deployed_away_from_station
SYNTH-CRPF-01-199856,CRPF-01,duty_roster,2026-09-05,0.5558,consecutive_duty_days
SYNTH-CRPF-01-199856,CRPF-01,transfer,2026-09-05,0.25,postings_in_trailing_year
SYNTH-CRPF-01-199856,CRPF-01,training,2026-09-05,0.0,course_days_assigned
SYNTH-CRPF-01-199856,CRPF-01,workload,2026-09-05,0.7538,duty_hours_over_establishment
SYNTH-CRPF-01-151155,CRPF-01,leave,2026-09-05,0.5114,leave_denied_rate
SYNTH-CRPF-01-151155,CRPF-01,deployment,2026-09-05,0.3286,days_deployed_away_from_station
SYNTH-CRPF-01-151155,CRPF-01,duty_roster,2026-09-05,0.7694,consecutive_duty_days
SYNTH-CRPF-01-151155,CRPF-01,transfer,2026-09-05,0.75,postings_in_trailing_year
SYNTH-CRPF-01-151155,CRPF-01,training,2026-09-05,0.0,course_days_assigned
SYNTH-CRPF-01-151155,CRPF-01,workload,2026-09-05,0.6241,duty_hours_over_establishment
SYNTH-CRPF-01-962635,CRPF-01,leave,2026-09-05,0.6888,leave_denied_rate
SYNTH-CRPF-01-962635,CRPF-01,deployment,2026-09-05,0.2632,days_deployed_away_from_station
SYNTH-CRPF-01-962635,CRPF-01,duty_roster,2026-09-05,0.5118,consecutive_duty_days
SYNTH-CRPF-01-962635,CRPF-01,transfer,2026-09-05,0.25,postings_in_trailing_year
SYNTH-CRPF-01-962635,CRPF-01,training,2026-09-05,0.0,course_days_assigned
SYNTH-CRPF-01-962635,CRPF-01,workload,2026-09-05,0.6261,duty_hours_over_establishment
SYNTH-CRPF-01-962635,CRPF-01,self_report,2026-09-05,0.4062,instrument_score_normalised
SYNTH-CRPF-01-132189,CRPF-01,leave,2026-09-05,0.6932,leave_denied_rate
SYNTH-CRPF-01-132189,CRPF-01,deployment,2026-09-05,0.2859,days_deployed_away_from_station
SYNTH-CRPF-01-132189,CRPF-01,duty_roster,2026-09-05,0.6802,consecutive_duty_days
SYNTH-CRPF-01-132189,CRPF-01,transfer,2026-09-05,0.25,postings_in_trailing_year
SYNTH-CRPF-01-132189,CRPF-01,training,2026-09-05,0.0,course_days_assigned
SYNTH-CRPF-01-132189,CRPF-01,workload,2026-09-05,0.8441,duty_hours_over_establishment
SYNTH-CRPF-01-132189,CRPF-01,self_report,2026-09-05,0.4336,instrument_score_normalised
SYNTH-CRPF-01-338645,CRPF-01,leave,2026-09-05,0.7245,leave_denied_rate
SYNTH-CRPF-01-338645,CRPF-01,deployment,2026-09-05,0.3086,days_deployed_away_from_station
SYNTH-CRPF-01-338645,CRPF-01,duty_roster,2026-09-05,0.7791,consecutive_duty_days
SYNTH-CRPF-01-338645,CRPF-01,transfer,2026-09-05,0.25,postings_in_trailing_year
SYNTH-CRPF-01-338645,CRPF-01,training,2026-09-05,0.0,course_days_assigned
SYNTH-CRPF-01-338645,CRPF-01,workload,2026-09-05,0.5703,duty_hours_over_establishment
SYNTH-CRPF-01-338645,CRPF-01,self_report,2026-09-05,0.4175,instrument_score_normalised
SYNTH-CRPF-01-338645,CRPF-01,biometric,2026-09-05,0.1998,resting_heart_rate_trend
SYNTH-CRPF-01-243191,CRPF-01,leave,2026-09-05,0.4954,leave_denied_rate
SYNTH-CRPF-01-243191,CRPF-01,deployment,2026-09-05,0.2588,days_deployed_away_from_station
SYNTH-CRPF-01-243191,CRPF-01,duty_roster,2026-09-05,0.4754,consecutive_duty_days
SYNTH-CRPF-01-243191,CRPF-01,transfer,2026-09-05,0.25,postings_in_trailing_year
SYNTH-CRPF-01-243191,CRPF-01,training,2026-09-05,0.0,course_days_assigned
SYNTH-CRPF-01-243191,CRPF-01,workload,2026-09-05,0.6986,duty_hours_over_establishment
SYNTH-CRPF-01-636757,CRPF-01,leave,2026-09-05,0.6032,leave_denied_rate
SYNTH-CRPF-01-636757,CRPF-01,deployment,2026-09-05,0.2119,days_deployed_away_from_station
SYNTH-CRPF-01-636757,CRPF-01,duty_roster,2026-09-05,0.7858,consecutive_duty_days
SYNTH-CRPF-01-636757,CRPF-01,transfer,2026-09-05,0.75,postings_in_trailing_year
SYNTH-CRPF-01-636757,CRPF-01,training,2026-09-05,0.0,course_days_assigned
SYNTH-CRPF-01-636757,CRPF-01,workload,2026-09-05,0.7589,duty_hours_over_establishment
SYNTH-CRPF-01-636757,CRPF-01,self_report,2026-09-05,0.5907,instrument_score_normalised
SYNTH-CRPF-01-636757,CRPF-01,biometric,2026-09-05,0.4153,resting_heart_rate_trend
SYNTH-CRPF-01-574283,CRPF-01,leave,2026-09-05,0.6092,leave_denied_rate
SYNTH-CRPF-01-574283,CRPF-01,deployment,2026-09-05,0.3153,days_deployed_away_from_station
SYNTH-CRPF-01-574283,CRPF-01,duty_roster,2026-09-05,0.438,consecutive_duty_days
SYNTH-CRPF-01-574283,CRPF-01,transfer,2026-09-05,0.75,postings_in_trailing_year
SYNTH-CRPF-01-574283,CRPF-01,training,2026-09-05,0.0,course_days_assigned
SYNTH-CRPF-01-574283,CRPF-01,workload,2026-09-05,0.7241,duty_hours_over_establishment
SYNTH-CRPF-01-574283,CRPF-01,self_report,2026-09-05,0.1475,instrument_score_normalised
SYNTH-CRPF-01-574283,CRPF-01,biometric,2026-09-05,0.4427,resting_heart_rate_trend
SYNTH-CRPF-01-644727,CRPF-01,leave,2026-09-05,0.6951,leave_denied_rate
SYNTH-CRPF-01-644727,CRPF-01,deployment,2026-09-05,0.3297,days_deployed_away_from_station
SYNTH-CRPF-01-644727,CRPF-01,duty_roster,2026-09-05,0.7432,consecutive_duty_days
SYNTH-CRPF-01-644727,CRPF-01,transfer,2026-09-05,0.25,postings_in_trailing_year
SYNTH-CRPF-01-644727,CRPF-01,training,2026-09-05,0.0,course_days_assigned
SYNTH-CRPF-01-644727,CRPF-01,workload,2026-09-05,0.4919,duty_hours_over_establishment
SYNTH-CRPF-01-644727,CRPF-01,self_report,2026-09-05,0.3011,instrument_score_normalised
SYNTH-CRPF-01-644727,CRPF-01,biometric,2026-09-05,0.2931,resting_heart_rate_trend
SYNTH-CRPF-01-715262,CRPF-01,leave,2026-09-05,0.5825,leave_denied_rate
SYNTH-CRPF-01-715262,CRPF-01,deployment,2026-09-05,0.1571,days_deployed_away_from_station
SYNTH-CRPF-01-715262,CRPF-01,duty_roster,2026-09-05,0.5921,consecutive_duty_days
SYNTH-CRPF-01-715262,CRPF-01,transfer,2026-09-05,0.75,postings_in_trailing_year
SYNTH-CRPF-01-715262,CRPF-01,training,2026-09-05,0.0,course_days_assigned
SYNTH-CRPF-01-715262,CRPF-01,workload,2026-09-05,0.6192,duty_hours_over_establishment
SYNTH-CRPF-01-715262,CRPF-01,self_report,2026-09-05,0.3206,instrument_score_normalised
SYNTH-CRPF-01-715262,CRPF-01,biometric,2026-09-05,0.4318,resting_heart_rate_trend
SYNTH-CRPF-01-358656,CRPF-01,leave,2026-09-05,0.6164,leave_denied_rate
SYNTH-CRPF-01-358656,CRPF-01,deployment,2026-09-05,0.2933,days_deployed_away_from_station
SYNTH-CRPF-01-358656,CRPF-01,duty_roster,2026-09-05,0.6319,consecutive_duty_days
SYNTH-CRPF-01-358656,CRPF-01,transfer,2026-09-05,0.25,postings_in_trailing_year
SYNTH-CRPF-01-358656,CRPF-01,training,2026-09-05,0.0,course_days_assigned
SYNTH-CRPF-01-358656,CRPF-01,workload,2026-09-05,0.9035,duty_hours_over_establishment
SYNTH-CRPF-01-358656,CRPF-01,self_report,2026-09-05,0.3089,instrument_score_normalised
SYNTH-CRPF-01-656700,CRPF-01,leave,2026-09-05,0.4791,leave_denied_rate
SYNTH-CRPF-01-656700,CRPF-01,deployment,2026-09-05,0.1685,days_deployed_away_from_station
SYNTH-CRPF-01-656700,CRPF-01,duty_roster,2026-09-05,0.6343,consecutive_duty_days
SYNTH-CRPF-01-656700,CRPF-01,transfer,2026-09-05,0.25,postings_in_trailing_year
SYNTH-CRPF-01-656700,CRPF-01,training,2026-09-05,0.0,course_days_assigned
SYNTH-CRPF-01-656700,CRPF-01,workload,2026-09-05,0.6377,duty_hours_over_establishment
SYNTH-CRPF-01-656700,CRPF-01,self_report,2026-09-05,0.375,instrument_score_normalised
SYNTH-CRPF-01-593651,CRPF-01,leave,2026-09-05,0.473,leave_denied_rate
SYNTH-CRPF-01-593651,CRPF-01,deployment,2026-09-05,0.1519,days_deployed_away_from_station
SYNTH-CRPF-01-593651,CRPF-01,duty_roster,2026-09-05,0.5583,consecutive_duty_days
SYNTH-CRPF-01-593651,CRPF-01,transfer,2026-09-05,0.25,postings_in_trailing_year
SYNTH-CRPF-01-593651,CRPF-01,training,2026-09-05,0.0,course_days_assigned
SYNTH-CRPF-01-593651,CRPF-01,workload,2026-09-05,0.5455,duty_hours_over_establishment
SYNTH-CRPF-01-593651,CRPF-01,self_report,2026-09-05,0.2456,instrument_score_normalised
SYNTH-CRPF-01-216293,CRPF-01,leave,2026-09-05,0.3885,leave_denied_rate
SYNTH-CRPF-01-216293,CRPF-01,deployment,2026-09-05,0.0871,days_deployed_away_from_station
SYNTH-CRPF-01-216293,CRPF-01,duty_roster,2026-09-05,0.4735,consecutive_duty_days
SYNTH-CRPF-01-216293,CRPF-01,transfer,2026-09-05,0.25,postings_in_trailing_year
SYNTH-CRPF-01-216293,CRPF-01,training,2026-09-05,0.0,course_days_assigned
SYNTH-CRPF-01-216293,CRPF-01,workload,2026-09-05,0.4757,duty_hours_over_establishment
SYNTH-CRPF-01-216293,CRPF-01,self_report,2026-09-05,0.1865,instrument_score_normalised
SYNTH-CRPF-01-216293,CRPF-01,biometric,2026-09-05,0.4149,resting_heart_rate_trend
SYNTH-CRPF-01-527314,CRPF-01,leave,2026-09-05,0.488,leave_denied_rate
SYNTH-CRPF-01-527314,CRPF-01,deployment,2026-09-05,0.2574,days_deployed_away_from_station
SYNTH-CRPF-01-527314,CRPF-01,duty_roster,2026-09-05,0.7791,consecutive_duty_days
SYNTH-CRPF-01-527314,CRPF-01,transfer,2026-09-05,0.75,postings_in_trailing_year
SYNTH-CRPF-01-527314,CRPF-01,training,2026-09-05,0.0,course_days_assigned
SYNTH-CRPF-01-527314,CRPF-01,workload,2026-09-05,0.701,duty_hours_over_establishment
SYNTH-CRPF-01-527314,CRPF-01,self_report,2026-09-05,0.289,instrument_score_normalised
SYNTH-CRPF-01-474667,CRPF-01,leave,2026-09-05,0.497,leave_denied_rate
SYNTH-CRPF-01-474667,CRPF-01,deployment,2026-09-05,0.2615,days_deployed_away_from_station
SYNTH-CRPF-01-474667,CRPF-01,duty_roster,2026-09-05,0.7173,consecutive_duty_days
SYNTH-CRPF-01-474667,CRPF-01,transfer,2026-09-05,0.25,postings_in_trailing_year
SYNTH-CRPF-01-474667,CRPF-01,training,2026-09-05,0.0,course_days_assigned
SYNTH-CRPF-01-474667,CRPF-01,workload,2026-09-05,0.5505,duty_hours_over_establishment
SYNTH-CRPF-01-474667,CRPF-01,self_report,2026-09-05,0.4668,instrument_score_normalised
SYNTH-CRPF-01-832372,CRPF-01,leave,2026-09-05,0.7911,leave_denied_rate
SYNTH-CRPF-01-832372,CRPF-01,deployment,2026-09-05,0.2863,days_deployed_away_from_station
SYNTH-CRPF-01-832372,CRPF-01,duty_roster,2026-09-05,0.5051,consecutive_duty_days
SYNTH-CRPF-01-832372,CRPF-01,transfer,2026-09-05,0.25,postings_in_trailing_year
SYNTH-CRPF-01-832372,CRPF-01,training,2026-09-05,0.0,course_days_assigned
SYNTH-CRPF-01-832372,CRPF-01,workload,2026-09-05,0.5817,duty_hours_over_establishment
SYNTH-CRPF-01-832372,CRPF-01,biometric,2026-09-05,0.4846,resting_heart_rate_trend
SYNTH-CRPF-01-815310,CRPF-01,leave,2026-09-05,0.6024,leave_denied_rate
SYNTH-CRPF-01-815310,CRPF-01,deployment,2026-09-05,0.2943,days_deployed_away_from_station
SYNTH-CRPF-01-815310,CRPF-01,duty_roster,2026-09-05,0.5985,consecutive_duty_days
SYNTH-CRPF-01-815310,CRPF-01,transfer,2026-09-05,0.25,postings_in_trailing_year
SYNTH-CRPF-01-815310,CRPF-01,training,2026-09-05,0.0,course_days_assigned
SYNTH-CRPF-01-815310,CRPF-01,workload,2026-09-05,0.5273,duty_hours_over_establishment
SYNTH-CRPF-01-815310,CRPF-01,self_report,2026-09-05,0.1816,instrument_score_normalised
SYNTH-CRPF-01-815310,CRPF-01,biometric,2026-09-05,0.5111,resting_heart_rate_trend
SYNTH-CRPF-01-754761,CRPF-01,leave,2026-09-05,0.7067,leave_denied_rate
SYNTH-CRPF-01-754761,CRPF-01,deployment,2026-09-05,0.2377,days_deployed_away_from_station
SYNTH-CRPF-01-754761,CRPF-01,duty_roster,2026-09-05,0.4773,consecutive_duty_days
SYNTH-CRPF-01-754761,CRPF-01,transfer,2026-09-05,0.25,postings_in_trailing_year
SYNTH-CRPF-01-754761,CRPF-01,training,2026-09-05,0.0,course_days_assigned
SYNTH-CRPF-01-754761,CRPF-01,workload,2026-09-05,0.5471,duty_hours_over_establishment
SYNTH-CRPF-01-754761,CRPF-01,self_report,2026-09-05,0.2924,instrument_score_normalised
SYNTH-CRPF-01-167629,CRPF-01,leave,2026-09-05,0.4705,leave_denied_rate
SYNTH-CRPF-01-167629,CRPF-01,deployment,2026-09-05,0.2242,days_deployed_away_from_station
SYNTH-CRPF-01-167629,CRPF-01,duty_roster,2026-09-05,0.6475,consecutive_duty_days
SYNTH-CRPF-01-167629,CRPF-01,transfer,2026-09-05,0.25,postings_in_trailing_year
SYNTH-CRPF-01-167629,CRPF-01,training,2026-09-05,0.0,course_days_assigned
SYNTH-CRPF-01-167629,CRPF-01,workload,2026-09-05,0.7274,duty_hours_over_establishment
SYNTH-CRPF-01-167629,CRPF-01,self_report,2026-09-05,0.633,instrument_score_normalised
SYNTH-CRPF-01-167629,CRPF-01,biometric,2026-09-05,0.3791,resting_heart_rate_trend
SYNTH-CRPF-01-718427,CRPF-01,leave,2026-09-05,0.6217,leave_denied_rate
SYNTH-CRPF-01-718427,CRPF-01,deployment,2026-09-05,0.2989,days_deployed_away_from_station
SYNTH-CRPF-01-718427,CRPF-01,duty_roster,2026-09-05,0.7197,consecutive_duty_days
SYNTH-CRPF-01-718427,CRPF-01,transfer,2026-09-05,0.25,postings_in_trailing_year
SYNTH-CRPF-01-718427,CRPF-01,training,2026-09-05,0.0,course_days_assigned
SYNTH-CRPF-01-718427,CRPF-01,workload,2026-09-05,0.7673,duty_hours_over_establishment
SYNTH-CRPF-01-718427,CRPF-01,self_report,2026-09-05,0.3402,instrument_score_normalised
SYNTH-CRPF-01-604773,CRPF-01,leave,2026-09-05,0.6974,leave_denied_rate
SYNTH-CRPF-01-604773,CRPF-01,deployment,2026-09-05,0.3065,days_deployed_away_from_station
SYNTH-CRPF-01-604773,CRPF-01,duty_roster,2026-09-05,0.7611,consecutive_duty_days
SYNTH-CRPF-01-604773,CRPF-01,transfer,2026-09-05,0.25,postings_in_trailing_year
SYNTH-CRPF-01-604773,CRPF-01,training,2026-09-05,0.0,course_days_assigned
SYNTH-CRPF-01-604773,CRPF-01,workload,2026-09-05,0.7474,duty_hours_over_establishment
SYNTH-CRPF-01-604773,CRPF-01,self_report,2026-09-05,0.5429,instrument_score_normalised
SYNTH-CRPF-01-604773,CRPF-01,biometric,2026-09-05,0.5638,resting_heart_rate_trend
SYNTH-CRPF-01-729938,CRPF-01,leave,2026-09-05,0.5924,leave_denied_rate
SYNTH-CRPF-01-729938,CRPF-01,deployment,2026-09-05,0.2591,days_deployed_away_from_station
SYNTH-CRPF-01-729938,CRPF-01,duty_roster,2026-09-05,0.4628,consecutive_duty_days
SYNTH-CRPF-01-729938,CRPF-01,transfer,2026-09-05,0.25,postings_in_trailing_year
SYNTH-CRPF-01-729938,CRPF-01,training,2026-09-05,0.0,course_days_assigned
SYNTH-CRPF-01-729938,CRPF-01,workload,2026-09-05,0.5082,duty_hours_over_establishment
SYNTH-CRPF-01-729938,CRPF-01,self_report,2026-09-05,0.156,instrument_score_normalised
SYNTH-CRPF-01-729938,CRPF-01,biometric,2026-09-05,0.3931,resting_heart_rate_trend
SYNTH-CRPF-01-756224,CRPF-01,leave,2026-09-05,0.5675,leave_denied_rate
SYNTH-CRPF-01-756224,CRPF-01,deployment,2026-09-05,0.2483,days_deployed_away_from_station
SYNTH-CRPF-01-756224,CRPF-01,duty_roster,2026-09-05,0.7609,consecutive_duty_days
SYNTH-CRPF-01-756224,CRPF-01,transfer,2026-09-05,0.25,postings_in_trailing_year
SYNTH-CRPF-01-756224,CRPF-01,training,2026-09-05,0.0,course_days_assigned
SYNTH-CRPF-01-756224,CRPF-01,workload,2026-09-05,0.8035,duty_hours_over_establishment
SYNTH-CRPF-01-756224,CRPF-01,self_report,2026-09-05,0.2509,instrument_score_normalised
SYNTH-CRPF-01-756224,CRPF-01,biometric,2026-09-05,0.6692,resting_heart_rate_trend
SYNTH-CRPF-01-451738,CRPF-01,leave,2026-09-05,0.5206,leave_denied_rate
SYNTH-CRPF-01-451738,CRPF-01,deployment,2026-09-05,0.1418,days_deployed_away_from_station
SYNTH-CRPF-01-451738,CRPF-01,duty_roster,2026-09-05,0.3738,consecutive_duty_days
SYNTH-CRPF-01-451738,CRPF-01,transfer,2026-09-05,0.25,postings_in_trailing_year
SYNTH-CRPF-01-451738,CRPF-01,training,2026-09-05,0.0,course_days_assigned
SYNTH-CRPF-01-451738,CRPF-01,workload,2026-09-05,0.6282,duty_hours_over_establishment
SYNTH-CRPF-01-451738,CRPF-01,self_report,2026-09-05,0.2396,instrument_score_normalised
SYNTH-CRPF-01-451738,CRPF-01,biometric,2026-09-05,0.5506,resting_heart_rate_trend
SYNTH-CRPF-01-844162,CRPF-01,leave,2026-09-05,0.4569,leave_denied_rate
SYNTH-CRPF-01-844162,CRPF-01,deployment,2026-09-05,0.2314,days_deployed_away_from_station
SYNTH-CRPF-01-844162,CRPF-01,duty_roster,2026-09-05,0.4748,consecutive_duty_days
SYNTH-CRPF-01-844162,CRPF-01,transfer,2026-09-05,0.25,postings_in_trailing_year
SYNTH-CRPF-01-844162,CRPF-01,training,2026-09-05,0.0,course_days_assigned
SYNTH-CRPF-01-844162,CRPF-01,workload,2026-09-05,0.5436,duty_hours_over_establishment
SYNTH-CRPF-01-580653,CRPF-01,leave,2026-09-05,0.5972,leave_denied_rate
SYNTH-CRPF-01-580653,CRPF-01,deployment,2026-09-05,0.2026,days_deployed_away_from_station
SYNTH-CRPF-01-580653,CRPF-01,duty_roster,2026-09-05,0.4354,consecutive_duty_days
SYNTH-CRPF-01-580653,CRPF-01,transfer,2026-09-05,0.25,postings_in_trailing_year
SYNTH-CRPF-01-580653,CRPF-01,training,2026-09-05,0.0,course_days_assigned
SYNTH-CRPF-01-580653,CRPF-01,workload,2026-09-05,0.6699,duty_hours_over_establishment
SYNTH-CRPF-01-580653,CRPF-01,self_report,2026-09-05,0.2528,instrument_score_normalised
SYNTH-CRPF-01-580653,CRPF-01,biometric,2026-09-05,0.2325,resting_heart_rate_trend
SYNTH-CRPF-01-284719,CRPF-01,leave,2026-09-05,0.5608,leave_denied_rate
SYNTH-CRPF-01-284719,CRPF-01,deployment,2026-09-05,0.2322,days_deployed_away_from_station
SYNTH-CRPF-01-284719,CRPF-01,duty_roster,2026-09-05,0.6624,consecutive_duty_days
SYNTH-CRPF-01-284719,CRPF-01,transfer,2026-09-05,0.25,postings_in_trailing_year
SYNTH-CRPF-01-284719,CRPF-01,training,2026-09-05,0.0,course_days_assigned
SYNTH-CRPF-01-284719,CRPF-01,workload,2026-09-05,0.553,duty_hours_over_establishment
SYNTH-CRPF-01-284719,CRPF-01,self_report,2026-09-05,0.423,instrument_score_normalised
SYNTH-CRPF-01-762754,CRPF-01,leave,2026-09-05,0.7009,leave_denied_rate
SYNTH-CRPF-01-762754,CRPF-01,deployment,2026-09-05,0.2699,days_deployed_away_from_station
SYNTH-CRPF-01-762754,CRPF-01,duty_roster,2026-09-05,0.8003,consecutive_duty_days
SYNTH-CRPF-01-762754,CRPF-01,transfer,2026-09-05,0.25,postings_in_trailing_year
SYNTH-CRPF-01-762754,CRPF-01,training,2026-09-05,0.0,course_days_assigned
SYNTH-CRPF-01-762754,CRPF-01,workload,2026-09-05,0.7807,duty_hours_over_establishment
SYNTH-CRPF-01-762754,CRPF-01,self_report,2026-09-05,0.54,instrument_score_normalised
SYNTH-CRPF-01-795642,CRPF-01,leave,2026-09-05,0.4778,leave_denied_rate
SYNTH-CRPF-01-795642,CRPF-01,deployment,2026-09-05,0.2988,days_deployed_away_from_station
SYNTH-CRPF-01-795642,CRPF-01,duty_roster,2026-09-05,0.6121,consecutive_duty_days
SYNTH-CRPF-01-795642,CRPF-01,transfer,2026-09-05,0.75,postings_in_trailing_year
SYNTH-CRPF-01-795642,CRPF-01,training,2026-09-05,0.0,course_days_assigned
SYNTH-CRPF-01-795642,CRPF-01,workload,2026-09-05,0.7661,duty_hours_over_establishment
SYNTH-CRPF-01-795642,CRPF-01,self_report,2026-09-05,0.3926,instrument_score_normalised
SYNTH-CRPF-01-795642,CRPF-01,biometric,2026-09-05,0.2634,resting_heart_rate_trend
SYNTH-CRPF-01-325702,CRPF-01,leave,2026-09-05,0.6938,leave_denied_rate
SYNTH-CRPF-01-325702,CRPF-01,deployment,2026-09-05,0.1912,days_deployed_away_from_station
SYNTH-CRPF-01-325702,CRPF-01,duty_roster,2026-09-05,0.7025,consecutive_duty_days
SYNTH-CRPF-01-325702,CRPF-01,transfer,2026-09-05,0.75,postings_in_trailing_year
SYNTH-CRPF-01-325702,CRPF-01,training,2026-09-05,0.0,course_days_assigned
SYNTH-CRPF-01-325702,CRPF-01,workload,2026-09-05,0.5923,duty_hours_over_establishment
SYNTH-CRPF-01-325702,CRPF-01,self_report,2026-09-05,0.5198,instrument_score_normalised
SYNTH-CRPF-01-325702,CRPF-01,biometric,2026-09-05,0.4986,resting_heart_rate_trend
SYNTH-CRPF-01-141467,CRPF-01,leave,2026-09-05,0.5199,leave_denied_rate
SYNTH-CRPF-01-141467,CRPF-01,deployment,2026-09-05,0.2193,days_deployed_away_from_station
SYNTH-CRPF-01-141467,CRPF-01,duty_roster,2026-09-05,0.4424,consecutive_duty_days
SYNTH-CRPF-01-141467,CRPF-01,transfer,2026-09-05,0.75,postings_in_trailing_year
SYNTH-CRPF-01-141467,CRPF-01,training,2026-09-05,0.0,course_days_assigned
SYNTH-CRPF-01-141467,CRPF-01,workload,2026-09-05,0.7366,duty_hours_over_establishment
SYNTH-CRPF-01-141467,CRPF-01,self_report,2026-09-05,0.3613,instrument_score_normalised
SYNTH-CRPF-01-897343,CRPF-01,leave,2026-09-05,0.7932,leave_denied_rate
SYNTH-CRPF-01-897343,CRPF-01,deployment,2026-09-05,0.2841,days_deployed_away_from_station
SYNTH-CRPF-01-897343,CRPF-01,duty_roster,2026-09-05,0.4885,consecutive_duty_days
SYNTH-CRPF-01-897343,CRPF-01,transfer,2026-09-05,0.25,postings_in_trailing_year
SYNTH-CRPF-01-897343,CRPF-01,training,2026-09-05,0.0,course_days_assigned
SYNTH-CRPF-01-897343,CRPF-01,workload,2026-09-05,0.6894,duty_hours_over_establishment
SYNTH-CRPF-01-897343,CRPF-01,self_report,2026-09-05,0.1265,instrument_score_normalised
SYNTH-CRPF-01-469842,CRPF-01,leave,2026-09-05,0.6568,leave_denied_rate
SYNTH-CRPF-01-469842,CRPF-01,deployment,2026-09-05,0.1956,days_deployed_away_from_station
SYNTH-CRPF-01-469842,CRPF-01,duty_roster,2026-09-05,0.7313,consecutive_duty_days
SYNTH-CRPF-01-469842,CRPF-01,transfer,2026-09-05,0.25,postings_in_trailing_year
SYNTH-CRPF-01-469842,CRPF-01,training,2026-09-05,0.0,course_days_assigned
SYNTH-CRPF-01-469842,CRPF-01,workload,2026-09-05,0.5262,duty_hours_over_establishment
SYNTH-CRPF-01-469842,CRPF-01,self_report,2026-09-05,0.2819,instrument_score_normalised
SYNTH-CRPF-01-469842,CRPF-01,biometric,2026-09-05,0.391,resting_heart_rate_trend
SYNTH-CRPF-01-807326,CRPF-01,leave,2026-09-05,0.4598,leave_denied_rate
SYNTH-CRPF-01-807326,CRPF-01,deployment,2026-09-05,0.1264,days_deployed_away_from_station
SYNTH-CRPF-01-807326,CRPF-01,duty_roster,2026-09-05,0.3266,consecutive_duty_days
SYNTH-CRPF-01-807326,CRPF-01,transfer,2026-09-05,0.25,postings_in_trailing_year
SYNTH-CRPF-01-807326,CRPF-01,training,2026-09-05,0.0,course_days_assigned
SYNTH-CRPF-01-807326,CRPF-01,workload,2026-09-05,0.3488,duty_hours_over_establishment
SYNTH-CRPF-01-807326,CRPF-01,biometric,2026-09-05,0.3093,resting_heart_rate_trend
SYNTH-CRPF-01-609082,CRPF-01,leave,2026-09-05,0.4453,leave_denied_rate
SYNTH-CRPF-01-609082,CRPF-01,deployment,2026-09-05,0.1743,days_deployed_away_from_station
SYNTH-CRPF-01-609082,CRPF-01,duty_roster,2026-09-05,0.4678,consecutive_duty_days
SYNTH-CRPF-01-609082,CRPF-01,transfer,2026-09-05,0.25,postings_in_trailing_year
SYNTH-CRPF-01-609082,CRPF-01,training,2026-09-05,0.0,course_days_assigned
SYNTH-CRPF-01-609082,CRPF-01,workload,2026-09-05,0.5094,duty_hours_over_establishment
SYNTH-CRPF-01-609082,CRPF-01,self_report,2026-09-05,0.479,instrument_score_normalised
SYNTH-CRPF-01-609082,CRPF-01,biometric,2026-09-05,0.6,resting_heart_rate_trend
SYNTH-CRPF-01-106660,CRPF-01,leave,2026-09-05,0.4971,leave_denied_rate
SYNTH-CRPF-01-106660,CRPF-01,deployment,2026-09-05,0.0661,days_deployed_away_from_station
SYNTH-CRPF-01-106660,CRPF-01,duty_roster,2026-09-05,0.6117,consecutive_duty_days
SYNTH-CRPF-01-106660,CRPF-01,transfer,2026-09-05,0.25,postings_in_trailing_year
SYNTH-CRPF-01-106660,CRPF-01,training,2026-09-05,0.0,course_days_assigned
SYNTH-CRPF-01-106660,CRPF-01,workload,2026-09-05,0.3685,duty_hours_over_establishment
SYNTH-CRPF-01-106660,CRPF-01,self_report,2026-09-05,0.3229,instrument_score_normalised
SYNTH-CRPF-01-705651,CRPF-01,leave,2026-09-05,0.6804,leave_denied_rate
SYNTH-CRPF-01-705651,CRPF-01,deployment,2026-09-05,0.2338,days_deployed_away_from_station
SYNTH-CRPF-01-705651,CRPF-01,duty_roster,2026-09-05,0.6768,consecutive_duty_days
SYNTH-CRPF-01-705651,CRPF-01,transfer,2026-09-05,0.25,postings_in_trailing_year
SYNTH-CRPF-01-705651,CRPF-01,training,2026-09-05,0.0,course_days_assigned
SYNTH-CRPF-01-705651,CRPF-01,workload,2026-09-05,0.5554,duty_hours_over_establishment
SYNTH-CRPF-01-705651,CRPF-01,self_report,2026-09-05,0.3814,instrument_score_normalised
SYNTH-CRPF-01-611475,CRPF-01,leave,2026-09-05,0.6882,leave_denied_rate
SYNTH-CRPF-01-611475,CRPF-01,deployment,2026-09-05,0.2074,days_deployed_away_from_station
SYNTH-CRPF-01-611475,CRPF-01,duty_roster,2026-09-05,0.535,consecutive_duty_days
SYNTH-CRPF-01-611475,CRPF-01,transfer,2026-09-05,0.75,postings_in_trailing_year
SYNTH-CRPF-01-611475,CRPF-01,training,2026-09-05,0.0,course_days_assigned
SYNTH-CRPF-01-611475,CRPF-01,workload,2026-09-05,0.7273,duty_hours_over_establishment
SYNTH-CRPF-01-108044,CRPF-01,leave,2026-09-05,0.76,leave_denied_rate
SYNTH-CRPF-01-108044,CRPF-01,deployment,2026-09-05,0.2204,days_deployed_away_from_station
SYNTH-CRPF-01-108044,CRPF-01,duty_roster,2026-09-05,0.7241,consecutive_duty_days
SYNTH-CRPF-01-108044,CRPF-01,transfer,2026-09-05,0.75,postings_in_trailing_year
SYNTH-CRPF-01-108044,CRPF-01,training,2026-09-05,0.0,course_days_assigned
SYNTH-CRPF-01-108044,CRPF-01,workload,2026-09-05,0.8567,duty_hours_over_establishment
SYNTH-CRPF-01-108044,CRPF-01,biometric,2026-09-05,0.2374,resting_heart_rate_trend
SYNTH-CRPF-01-222999,CRPF-01,leave,2026-09-05,0.6833,leave_denied_rate
SYNTH-CRPF-01-222999,CRPF-01,deployment,2026-09-05,0.2547,days_deployed_away_from_station
SYNTH-CRPF-01-222999,CRPF-01,duty_roster,2026-09-05,0.5797,consecutive_duty_days
SYNTH-CRPF-01-222999,CRPF-01,transfer,2026-09-05,0.25,postings_in_trailing_year
SYNTH-CRPF-01-222999,CRPF-01,training,2026-09-05,0.0,course_days_assigned
SYNTH-CRPF-01-222999,CRPF-01,workload,2026-09-05,0.7388,duty_hours_over_establishment
SYNTH-CRPF-01-577281,CRPF-01,leave,2026-09-05,0.6847,leave_denied_rate
SYNTH-CRPF-01-577281,CRPF-01,deployment,2026-09-05,0.2643,days_deployed_away_from_station
SYNTH-CRPF-01-577281,CRPF-01,duty_roster,2026-09-05,0.6367,consecutive_duty_days
SYNTH-CRPF-01-577281,CRPF-01,transfer,2026-09-05,0.25,postings_in_trailing_year
SYNTH-CRPF-01-577281,CRPF-01,training,2026-09-05,0.0,course_days_assigned
SYNTH-CRPF-01-577281,CRPF-01,workload,2026-09-05,0.6839,duty_hours_over_establishment
SYNTH-CRPF-01-577281,CRPF-01,self_report,2026-09-05,0.2937,instrument_score_normalised
SYNTH-CRPF-01-918975,CRPF-01,leave,2026-09-05,0.6096,leave_denied_rate
SYNTH-CRPF-01-918975,CRPF-01,deployment,2026-09-05,0.0786,days_deployed_away_from_station
SYNTH-CRPF-01-918975,CRPF-01,duty_roster,2026-09-05,0.5857,consecutive_duty_days
SYNTH-CRPF-01-918975,CRPF-01,transfer,2026-09-05,0.25,postings_in_trailing_year
SYNTH-CRPF-01-918975,CRPF-01,training,2026-09-05,0.0,course_days_assigned
SYNTH-CRPF-01-918975,CRPF-01,workload,2026-09-05,0.4733,duty_hours_over_establishment
SYNTH-CRPF-01-918975,CRPF-01,self_report,2026-09-05,0.5407,instrument_score_normalised
SYNTH-CRPF-01-918975,CRPF-01,biometric,2026-09-05,0.3608,resting_heart_rate_trend
SYNTH-CRPF-01-649813,CRPF-01,leave,2026-09-05,0.5274,leave_denied_rate
SYNTH-CRPF-01-649813,CRPF-01,deployment,2026-09-05,0.0909,days_deployed_away_from_station
SYNTH-CRPF-01-649813,CRPF-01,duty_roster,2026-09-05,0.5459,consecutive_duty_days
SYNTH-CRPF-01-649813,CRPF-01,transfer,2026-09-05,0.25,postings_in_trailing_year
SYNTH-CRPF-01-649813,CRPF-01,training,2026-09-05,0.0,course_days_assigned
SYNTH-CRPF-01-649813,CRPF-01,workload,2026-09-05,0.4439,duty_hours_over_establishment
SYNTH-CRPF-01-649813,CRPF-01,self_report,2026-09-05,0.3294,instrument_score_normalised
SYNTH-CRPF-01-484140,CRPF-01,leave,2026-09-05,0.7479,leave_denied_rate
SYNTH-CRPF-01-484140,CRPF-01,deployment,2026-09-05,0.2526,days_deployed_away_from_station
SYNTH-CRPF-01-484140,CRPF-01,duty_roster,2026-09-05,0.5628,consecutive_duty_days
SYNTH-CRPF-01-484140,CRPF-01,transfer,2026-09-05,0.25,postings_in_trailing_year
SYNTH-CRPF-01-484140,CRPF-01,training,2026-09-05,0.0,course_days_assigned
SYNTH-CRPF-01-484140,CRPF-01,workload,2026-09-05,0.5558,duty_hours_over_establishment
SYNTH-CRPF-01-484140,CRPF-01,biometric,2026-09-05,0.3223,resting_heart_rate_trend
SYNTH-CRPF-01-104245,CRPF-01,leave,2026-09-05,0.4915,leave_denied_rate
SYNTH-CRPF-01-104245,CRPF-01,deployment,2026-09-05,0.076,days_deployed_away_from_station
SYNTH-CRPF-01-104245,CRPF-01,duty_roster,2026-09-05,0.3714,consecutive_duty_days
SYNTH-CRPF-01-104245,CRPF-01,transfer,2026-09-05,0.75,postings_in_trailing_year
SYNTH-CRPF-01-104245,CRPF-01,training,2026-09-05,0.0,course_days_assigned
SYNTH-CRPF-01-104245,CRPF-01,workload,2026-09-05,0.4842,duty_hours_over_establishment
SYNTH-CRPF-01-104245,CRPF-01,self_report,2026-09-05,0.3083,instrument_score_normalised
SYNTH-CRPF-01-569243,CRPF-01,leave,2026-09-05,0.7058,leave_denied_rate
SYNTH-CRPF-01-569243,CRPF-01,deployment,2026-09-05,0.2758,days_deployed_away_from_station
SYNTH-CRPF-01-569243,CRPF-01,duty_roster,2026-09-05,0.5606,consecutive_duty_days
SYNTH-CRPF-01-569243,CRPF-01,transfer,2026-09-05,0.25,postings_in_trailing_year
SYNTH-CRPF-01-569243,CRPF-01,training,2026-09-05,0.0,course_days_assigned
SYNTH-CRPF-01-569243,CRPF-01,workload,2026-09-05,0.6594,duty_hours_over_establishment
SYNTH-CRPF-01-569243,CRPF-01,biometric,2026-09-05,0.4509,resting_heart_rate_trend
SYNTH-CRPF-01-854607,CRPF-01,leave,2026-09-05,0.6445,leave_denied_rate
SYNTH-CRPF-01-854607,CRPF-01,deployment,2026-09-05,0.1405,days_deployed_away_from_station
SYNTH-CRPF-01-854607,CRPF-01,duty_roster,2026-09-05,0.5512,consecutive_duty_days
SYNTH-CRPF-01-854607,CRPF-01,transfer,2026-09-05,0.25,postings_in_trailing_year
SYNTH-CRPF-01-854607,CRPF-01,training,2026-09-05,0.0,course_days_assigned
SYNTH-CRPF-01-854607,CRPF-01,workload,2026-09-05,0.4184,duty_hours_over_establishment
SYNTH-CRPF-01-854607,CRPF-01,self_report,2026-09-05,0.6657,instrument_score_normalised
SYNTH-CRPF-01-854607,CRPF-01,biometric,2026-09-05,0.3982,resting_heart_rate_trend
SYNTH-CRPF-01-110151,CRPF-01,leave,2026-09-05,0.6843,leave_denied_rate
SYNTH-CRPF-01-110151,CRPF-01,deployment,2026-09-05,0.1883,days_deployed_away_from_station
SYNTH-CRPF-01-110151,CRPF-01,duty_roster,2026-09-05,0.6076,consecutive_duty_days
SYNTH-CRPF-01-110151,CRPF-01,transfer,2026-09-05,0.25,postings_in_trailing_year
SYNTH-CRPF-01-110151,CRPF-01,training,2026-09-05,0.0,course_days_assigned
SYNTH-CRPF-01-110151,CRPF-01,workload,2026-09-05,0.5577,duty_hours_over_establishment
SYNTH-CRPF-01-110151,CRPF-01,self_report,2026-09-05,0.0785,instrument_score_normalised
SYNTH-CRPF-01-110151,CRPF-01,biometric,2026-09-05,0.1954,resting_heart_rate_trend
SYNTH-CRPF-01-930909,CRPF-01,leave,2026-09-05,0.5914,leave_denied_rate
SYNTH-CRPF-01-930909,CRPF-01,deployment,2026-09-05,0.2397,days_deployed_away_from_station
SYNTH-CRPF-01-930909,CRPF-01,duty_roster,2026-09-05,0.7224,consecutive_duty_days
SYNTH-CRPF-01-930909,CRPF-01,transfer,2026-09-05,0.25,postings_in_trailing_year
SYNTH-CRPF-01-930909,CRPF-01,training,2026-09-05,0.0,course_days_assigned
SYNTH-CRPF-01-930909,CRPF-01,workload,2026-09-05,0.744,duty_hours_over_establishment
SYNTH-CRPF-01-273415,CRPF-01,leave,2026-09-05,0.7596,leave_denied_rate
SYNTH-CRPF-01-273415,CRPF-01,deployment,2026-09-05,0.287,days_deployed_away_from_station
SYNTH-CRPF-01-273415,CRPF-01,duty_roster,2026-09-05,0.6253,consecutive_duty_days
SYNTH-CRPF-01-273415,CRPF-01,transfer,2026-09-05,0.25,postings_in_trailing_year
SYNTH-CRPF-01-273415,CRPF-01,training,2026-09-05,0.0,course_days_assigned
SYNTH-CRPF-01-273415,CRPF-01,workload,2026-09-05,0.7943,duty_hours_over_establishment
SYNTH-CRPF-01-861647,CRPF-01,leave,2026-09-05,0.6041,leave_denied_rate
SYNTH-CRPF-01-861647,CRPF-01,deployment,2026-09-05,0.1842,days_deployed_away_from_station
SYNTH-CRPF-01-861647,CRPF-01,duty_roster,2026-09-05,0.6956,consecutive_duty_days
SYNTH-CRPF-01-861647,CRPF-01,transfer,2026-09-05,0.25,postings_in_trailing_year
SYNTH-CRPF-01-861647,CRPF-01,training,2026-09-05,0.0,course_days_assigned
SYNTH-CRPF-01-861647,CRPF-01,workload,2026-09-05,0.672,duty_hours_over_establishment
SYNTH-CRPF-01-470063,CRPF-01,leave,2026-09-05,0.787,leave_denied_rate
SYNTH-CRPF-01-470063,CRPF-01,deployment,2026-09-05,0.3118,days_deployed_away_from_station
SYNTH-CRPF-01-470063,CRPF-01,duty_roster,2026-09-05,0.79,consecutive_duty_days
SYNTH-CRPF-01-470063,CRPF-01,transfer,2026-09-05,0.25,postings_in_trailing_year
SYNTH-CRPF-01-470063,CRPF-01,training,2026-09-05,0.0,course_days_assigned
SYNTH-CRPF-01-470063,CRPF-01,workload,2026-09-05,0.5784,duty_hours_over_establishment
SYNTH-CRPF-01-470063,CRPF-01,self_report,2026-09-05,0.2074,instrument_score_normalised
SYNTH-CRPF-01-597353,CRPF-01,leave,2026-09-05,0.6946,leave_denied_rate
SYNTH-CRPF-01-597353,CRPF-01,deployment,2026-09-05,0.2518,days_deployed_away_from_station
SYNTH-CRPF-01-597353,CRPF-01,duty_roster,2026-09-05,0.6989,consecutive_duty_days
SYNTH-CRPF-01-597353,CRPF-01,transfer,2026-09-05,0.75,postings_in_trailing_year
SYNTH-CRPF-01-597353,CRPF-01,training,2026-09-05,0.0,course_days_assigned
SYNTH-CRPF-01-597353,CRPF-01,workload,2026-09-05,0.5216,duty_hours_over_establishment
SYNTH-CRPF-01-597353,CRPF-01,self_report,2026-09-05,0.2068,instrument_score_normalised
SYNTH-CRPF-01-398737,CRPF-01,leave,2026-09-05,0.339,leave_denied_rate
SYNTH-CRPF-01-398737,CRPF-01,deployment,2026-09-05,0.0875,days_deployed_away_from_station
SYNTH-CRPF-01-398737,CRPF-01,duty_roster,2026-09-05,0.4455,consecutive_duty_days
SYNTH-CRPF-01-398737,CRPF-01,transfer,2026-09-05,0.25,postings_in_trailing_year
SYNTH-CRPF-01-398737,CRPF-01,training,2026-09-05,0.0,course_days_assigned
SYNTH-CRPF-01-398737,CRPF-01,workload,2026-09-05,0.4989,duty_hours_over_establishment
SYNTH-CRPF-01-398737,CRPF-01,self_report,2026-09-05,0.0872,instrument_score_normalised
SYNTH-CRPF-01-717918,CRPF-01,leave,2026-09-05,0.8113,leave_denied_rate
SYNTH-CRPF-01-717918,CRPF-01,deployment,2026-09-05,0.322,days_deployed_away_from_station
SYNTH-CRPF-01-717918,CRPF-01,duty_roster,2026-09-05,0.8203,consecutive_duty_days
SYNTH-CRPF-01-717918,CRPF-01,transfer,2026-09-05,0.75,postings_in_trailing_year
SYNTH-CRPF-01-717918,CRPF-01,training,2026-09-05,0.0,course_days_assigned
SYNTH-CRPF-01-717918,CRPF-01,workload,2026-09-05,0.8739,duty_hours_over_establishment
SYNTH-CRPF-01-717918,CRPF-01,self_report,2026-09-05,0.289,instrument_score_normalised
SYNTH-CRPF-01-246532,CRPF-01,leave,2026-09-05,0.7618,leave_denied_rate
SYNTH-CRPF-01-246532,CRPF-01,deployment,2026-09-05,0.3041,days_deployed_away_from_station
SYNTH-CRPF-01-246532,CRPF-01,duty_roster,2026-09-05,0.5856,consecutive_duty_days
SYNTH-CRPF-01-246532,CRPF-01,transfer,2026-09-05,0.25,postings_in_trailing_year
SYNTH-CRPF-01-246532,CRPF-01,training,2026-09-05,0.0,course_days_assigned
SYNTH-CRPF-01-246532,CRPF-01,workload,2026-09-05,0.8189,duty_hours_over_establishment
SYNTH-CRPF-01-246532,CRPF-01,self_report,2026-09-05,0.1632,instrument_score_normalised
SYNTH-CRPF-01-246532,CRPF-01,biometric,2026-09-05,0.4836,resting_heart_rate_trend
SYNTH-CRPF-01-742992,CRPF-01,leave,2026-09-05,0.6652,leave_denied_rate
SYNTH-CRPF-01-742992,CRPF-01,deployment,2026-09-05,0.093,days_deployed_away_from_station
SYNTH-CRPF-01-742992,CRPF-01,duty_roster,2026-09-05,0.5863,consecutive_duty_days
SYNTH-CRPF-01-742992,CRPF-01,transfer,2026-09-05,0.25,postings_in_trailing_year
SYNTH-CRPF-01-742992,CRPF-01,training,2026-09-05,0.0,course_days_assigned
SYNTH-CRPF-01-742992,CRPF-01,workload,2026-09-05,0.4621,duty_hours_over_establishment
SYNTH-CRPF-01-865163,CRPF-01,leave,2026-09-05,0.4312,leave_denied_rate
SYNTH-CRPF-01-865163,CRPF-01,deployment,2026-09-05,0.1804,days_deployed_away_from_station
SYNTH-CRPF-01-865163,CRPF-01,duty_roster,2026-09-05,0.4922,consecutive_duty_days
SYNTH-CRPF-01-865163,CRPF-01,transfer,2026-09-05,0.25,postings_in_trailing_year
SYNTH-CRPF-01-865163,CRPF-01,training,2026-09-05,0.0,course_days_assigned
SYNTH-CRPF-01-865163,CRPF-01,workload,2026-09-05,0.5403,duty_hours_over_establishment
SYNTH-CRPF-01-865163,CRPF-01,self_report,2026-09-05,0.2567,instrument_score_normalised
SYNTH-CRPF-01-865163,CRPF-01,biometric,2026-09-05,0.1878,resting_heart_rate_trend
SYNTH-CRPF-01-966380,CRPF-01,leave,2026-09-05,0.7824,leave_denied_rate
SYNTH-CRPF-01-966380,CRPF-01,deployment,2026-09-05,0.3016,days_deployed_away_from_station
SYNTH-CRPF-01-966380,CRPF-01,duty_roster,2026-09-05,0.5874,consecutive_duty_days
SYNTH-CRPF-01-966380,CRPF-01,transfer,2026-09-05,0.25,postings_in_trailing_year
SYNTH-CRPF-01-966380,CRPF-01,training,2026-09-05,0.0,course_days_assigned
SYNTH-CRPF-01-966380,CRPF-01,workload,2026-09-05,0.6975,duty_hours_over_establishment
SYNTH-CRPF-01-391839,CRPF-01,leave,2026-09-05,0.2866,leave_denied_rate
SYNTH-CRPF-01-391839,CRPF-01,deployment,2026-09-05,0.0406,days_deployed_away_from_station
SYNTH-CRPF-01-391839,CRPF-01,duty_roster,2026-09-05,0.427,consecutive_duty_days
SYNTH-CRPF-01-391839,CRPF-01,transfer,2026-09-05,0.25,postings_in_trailing_year
SYNTH-CRPF-01-391839,CRPF-01,training,2026-09-05,0.0,course_days_assigned
SYNTH-CRPF-01-391839,CRPF-01,workload,2026-09-05,0.236,duty_hours_over_establishment
SYNTH-CRPF-01-668662,CRPF-01,leave,2026-09-05,0.6273,leave_denied_rate
SYNTH-CRPF-01-668662,CRPF-01,deployment,2026-09-05,0.105,days_deployed_away_from_station
SYNTH-CRPF-01-668662,CRPF-01,duty_roster,2026-09-05,0.6491,consecutive_duty_days
SYNTH-CRPF-01-668662,CRPF-01,transfer,2026-09-05,0.25,postings_in_trailing_year
SYNTH-CRPF-01-668662,CRPF-01,training,2026-09-05,0.0,course_days_assigned
SYNTH-CRPF-01-668662,CRPF-01,workload,2026-09-05,0.5079,duty_hours_over_establishment
SYNTH-CRPF-01-668662,CRPF-01,self_report,2026-09-05,0.4507,instrument_score_normalised
SYNTH-CRPF-01-668662,CRPF-01,biometric,2026-09-05,0.5149,resting_heart_rate_trend
SYNTH-CRPF-01-472369,CRPF-01,leave,2026-09-05,0.7026,leave_denied_rate
SYNTH-CRPF-01-472369,CRPF-01,deployment,2026-09-05,0.1795,days_deployed_away_from_station
SYNTH-CRPF-01-472369,CRPF-01,duty_roster,2026-09-05,0.641,consecutive_duty_days
SYNTH-CRPF-01-472369,CRPF-01,transfer,2026-09-05,0.75,postings_in_trailing_year
SYNTH-CRPF-01-472369,CRPF-01,training,2026-09-05,0.0,course_days_assigned
SYNTH-CRPF-01-472369,CRPF-01,workload,2026-09-05,0.4141,duty_hours_over_establishment
SYNTH-CRPF-01-472369,CRPF-01,self_report,2026-09-05,0.6429,instrument_score_normalised
SYNTH-CRPF-01-128517,CRPF-01,leave,2026-09-05,0.6163,leave_denied_rate
SYNTH-CRPF-01-128517,CRPF-01,deployment,2026-09-05,0.2537,days_deployed_away_from_station
SYNTH-CRPF-01-128517,CRPF-01,duty_roster,2026-09-05,0.6421,consecutive_duty_days
SYNTH-CRPF-01-128517,CRPF-01,transfer,2026-09-05,0.75,postings_in_trailing_year
SYNTH-CRPF-01-128517,CRPF-01,training,2026-09-05,0.0,course_days_assigned
SYNTH-CRPF-01-128517,CRPF-01,workload,2026-09-05,0.5595,duty_hours_over_establishment
SYNTH-CRPF-01-128517,CRPF-01,self_report,2026-09-05,0.4866,instrument_score_normalised
SYNTH-CRPF-01-948893,CRPF-01,leave,2026-09-05,0.4823,leave_denied_rate
SYNTH-CRPF-01-948893,CRPF-01,deployment,2026-09-05,0.2516,days_deployed_away_from_station
SYNTH-CRPF-01-948893,CRPF-01,duty_roster,2026-09-05,0.4619,consecutive_duty_days
SYNTH-CRPF-01-948893,CRPF-01,transfer,2026-09-05,0.25,postings_in_trailing_year
SYNTH-CRPF-01-948893,CRPF-01,training,2026-09-05,0.0,course_days_assigned
SYNTH-CRPF-01-948893,CRPF-01,workload,2026-09-05,0.5894,duty_hours_over_establishment
SYNTH-CRPF-01-948893,CRPF-01,self_report,2026-09-05,0.4482,instrument_score_normalised
SYNTH-CRPF-01-916568,CRPF-01,leave,2026-09-05,0.7356,leave_denied_rate
SYNTH-CRPF-01-916568,CRPF-01,deployment,2026-09-05,0.3043,days_deployed_away_from_station
SYNTH-CRPF-01-916568,CRPF-01,duty_roster,2026-09-05,0.6392,consecutive_duty_days
SYNTH-CRPF-01-916568,CRPF-01,transfer,2026-09-05,0.75,postings_in_trailing_year
SYNTH-CRPF-01-916568,CRPF-01,training,2026-09-05,0.0,course_days_assigned
SYNTH-CRPF-01-916568,CRPF-01,workload,2026-09-05,0.7892,duty_hours_over_establishment
SYNTH-CRPF-01-916568,CRPF-01,biometric,2026-09-05,0.385,resting_heart_rate_trend
SYNTH-CRPF-01-430355,CRPF-01,leave,2026-09-05,0.507,leave_denied_rate
SYNTH-CRPF-01-430355,CRPF-01,deployment,2026-09-05,0.2717,days_deployed_away_from_station
SYNTH-CRPF-01-430355,CRPF-01,duty_roster,2026-09-05,0.6885,consecutive_duty_days
SYNTH-CRPF-01-430355,CRPF-01,transfer,2026-09-05,0.25,postings_in_trailing_year
SYNTH-CRPF-01-430355,CRPF-01,training,2026-09-05,0.0,course_days_assigned
SYNTH-CRPF-01-430355,CRPF-01,workload,2026-09-05,0.4946,duty_hours_over_establishment
SYNTH-CRPF-01-430355,CRPF-01,self_report,2026-09-05,0.321,instrument_score_normalised
SYNTH-CRPF-01-446360,CRPF-01,leave,2026-09-05,0.3501,leave_denied_rate
SYNTH-CRPF-01-446360,CRPF-01,deployment,2026-09-05,0.0722,days_deployed_away_from_station
SYNTH-CRPF-01-446360,CRPF-01,duty_roster,2026-09-05,0.3828,consecutive_duty_days
SYNTH-CRPF-01-446360,CRPF-01,transfer,2026-09-05,0.25,postings_in_trailing_year
SYNTH-CRPF-01-446360,CRPF-01,training,2026-09-05,0.0,course_days_assigned
SYNTH-CRPF-01-446360,CRPF-01,workload,2026-09-05,0.4302,duty_hours_over_establishment
SYNTH-CRPF-01-917928,CRPF-01,leave,2026-09-05,0.4914,leave_denied_rate
SYNTH-CRPF-01-917928,CRPF-01,deployment,2026-09-05,0.1771,days_deployed_away_from_station
SYNTH-CRPF-01-917928,CRPF-01,duty_roster,2026-09-05,0.6571,consecutive_duty_days
SYNTH-CRPF-01-917928,CRPF-01,transfer,2026-09-05,0.25,postings_in_trailing_year
SYNTH-CRPF-01-917928,CRPF-01,training,2026-09-05,0.0,course_days_assigned
SYNTH-CRPF-01-917928,CRPF-01,workload,2026-09-05,0.642,duty_hours_over_establishment
SYNTH-CRPF-01-917928,CRPF-01,biometric,2026-09-05,0.3675,resting_heart_rate_trend
SYNTH-CRPF-01-375001,CRPF-01,leave,2026-09-05,0.5313,leave_denied_rate
SYNTH-CRPF-01-375001,CRPF-01,deployment,2026-09-05,0.2977,days_deployed_away_from_station
SYNTH-CRPF-01-375001,CRPF-01,duty_roster,2026-09-05,0.5463,consecutive_duty_days
SYNTH-CRPF-01-375001,CRPF-01,transfer,2026-09-05,0.25,postings_in_trailing_year
SYNTH-CRPF-01-375001,CRPF-01,training,2026-09-05,0.0,course_days_assigned
SYNTH-CRPF-01-375001,CRPF-01,workload,2026-09-05,0.6119,duty_hours_over_establishment
SYNTH-CRPF-01-375001,CRPF-01,self_report,2026-09-05,0.4747,instrument_score_normalised
SYNTH-CRPF-01-455510,CRPF-01,leave,2026-09-04,0.7557,leave_denied_rate
SYNTH-CRPF-01-455510,CRPF-01,deployment,2026-09-04,0.2993,days_deployed_away_from_station
SYNTH-CRPF-01-455510,CRPF-01,duty_roster,2026-09-04,0.5918,consecutive_duty_days
SYNTH-CRPF-01-455510,CRPF-01,transfer,2026-09-04,0.25,postings_in_trailing_year
SYNTH-CRPF-01-455510,CRPF-01,training,2026-09-04,0.0,course_days_assigned
SYNTH-CRPF-01-455510,CRPF-01,workload,2026-09-04,0.5475,duty_hours_over_establishment
SYNTH-CRPF-01-465274,CRPF-01,leave,2026-09-04,0.7233,leave_denied_rate
SYNTH-CRPF-01-465274,CRPF-01,deployment,2026-09-04,0.2565,days_deployed_away_from_station
SYNTH-CRPF-01-465274,CRPF-01,duty_roster,2026-09-04,0.7185,consecutive_duty_days
SYNTH-CRPF-01-465274,CRPF-01,transfer,2026-09-04,0.25,postings_in_trailing_year
SYNTH-CRPF-01-465274,CRPF-01,training,2026-09-04,0.0,course_days_assigned
SYNTH-CRPF-01-465274,CRPF-01,workload,2026-09-04,0.6545,duty_hours_over_establishment
SYNTH-CRPF-01-465274,CRPF-01,self_report,2026-09-04,0.1925,instrument_score_normalised
SYNTH-CRPF-01-998057,CRPF-01,leave,2026-09-04,0.3642,leave_denied_rate
SYNTH-CRPF-01-998057,CRPF-01,deployment,2026-09-04,0.1662,days_deployed_away_from_station
SYNTH-CRPF-01-998057,CRPF-01,duty_roster,2026-09-04,0.4287,consecutive_duty_days
SYNTH-CRPF-01-998057,CRPF-01,transfer,2026-09-04,0.25,postings_in_trailing_year
SYNTH-CRPF-01-998057,CRPF-01,training,2026-09-04,0.0,course_days_assigned
SYNTH-CRPF-01-998057,CRPF-01,workload,2026-09-04,0.3964,duty_hours_over_establishment
SYNTH-CRPF-01-998057,CRPF-01,self_report,2026-09-04,0.3095,instrument_score_normalised
SYNTH-CRPF-01-704953,CRPF-01,leave,2026-09-04,0.5132,leave_denied_rate
SYNTH-CRPF-01-704953,CRPF-01,deployment,2026-09-04,0.182,days_deployed_away_from_station
SYNTH-CRPF-01-704953,CRPF-01,duty_roster,2026-09-04,0.5116,consecutive_duty_days
SYNTH-CRPF-01-704953,CRPF-01,transfer,2026-09-04,0.25,postings_in_trailing_year
SYNTH-CRPF-01-704953,CRPF-01,training,2026-09-04,0.0,course_days_assigned
SYNTH-CRPF-01-704953,CRPF-01,workload,2026-09-04,0.4704,duty_hours_over_establishment
SYNTH-CRPF-01-704953,CRPF-01,self_report,2026-09-04,0.4315,instrument_score_normalised
SYNTH-CRPF-01-548760,CRPF-01,leave,2026-09-04,0.2275,leave_denied_rate
SYNTH-CRPF-01-548760,CRPF-01,deployment,2026-09-04,0.0365,days_deployed_away_from_station
SYNTH-CRPF-01-548760,CRPF-01,duty_roster,2026-09-04,0.3215,consecutive_duty_days
SYNTH-CRPF-01-548760,CRPF-01,transfer,2026-09-04,0.25,postings_in_trailing_year
SYNTH-CRPF-01-548760,CRPF-01,training,2026-09-04,0.0,course_days_assigned
SYNTH-CRPF-01-548760,CRPF-01,workload,2026-09-04,0.4195,duty_hours_over_establishment
SYNTH-CRPF-01-548760,CRPF-01,biometric,2026-09-04,0.2352,resting_heart_rate_trend
SYNTH-CRPF-01-631837,CRPF-01,leave,2026-09-04,0.432,leave_denied_rate
SYNTH-CRPF-01-631837,CRPF-01,deployment,2026-09-04,0.1738,days_deployed_away_from_station
SYNTH-CRPF-01-631837,CRPF-01,duty_roster,2026-09-04,0.4312,consecutive_duty_days
SYNTH-CRPF-01-631837,CRPF-01,transfer,2026-09-04,0.25,postings_in_trailing_year
SYNTH-CRPF-01-631837,CRPF-01,training,2026-09-04,0.0,course_days_assigned
SYNTH-CRPF-01-631837,CRPF-01,workload,2026-09-04,0.4128,duty_hours_over_establishment
SYNTH-CRPF-01-583055,CRPF-01,leave,2026-09-04,0.7313,leave_denied_rate
SYNTH-CRPF-01-583055,CRPF-01,deployment,2026-09-04,0.1502,days_deployed_away_from_station
SYNTH-CRPF-01-583055,CRPF-01,duty_roster,2026-09-04,0.4557,consecutive_duty_days
SYNTH-CRPF-01-583055,CRPF-01,transfer,2026-09-04,0.25,postings_in_trailing_year
SYNTH-CRPF-01-583055,CRPF-01,training,2026-09-04,0.0,course_days_assigned
SYNTH-CRPF-01-583055,CRPF-01,workload,2026-09-04,0.6932,duty_hours_over_establishment
SYNTH-CRPF-01-583055,CRPF-01,self_report,2026-09-04,0.4459,instrument_score_normalised
SYNTH-CRPF-01-800162,CRPF-01,leave,2026-09-04,0.6726,leave_denied_rate
SYNTH-CRPF-01-800162,CRPF-01,deployment,2026-09-04,0.2031,days_deployed_away_from_station
SYNTH-CRPF-01-800162,CRPF-01,duty_roster,2026-09-04,0.7403,consecutive_duty_days
SYNTH-CRPF-01-800162,CRPF-01,transfer,2026-09-04,0.25,postings_in_trailing_year
SYNTH-CRPF-01-800162,CRPF-01,training,2026-09-04,0.0,course_days_assigned
SYNTH-CRPF-01-800162,CRPF-01,workload,2026-09-04,0.5931,duty_hours_over_establishment
SYNTH-CRPF-01-800162,CRPF-01,self_report,2026-09-04,0.2844,instrument_score_normalised
SYNTH-CRPF-01-473091,CRPF-01,leave,2026-09-04,0.6603,leave_denied_rate
SYNTH-CRPF-01-473091,CRPF-01,deployment,2026-09-04,0.2003,days_deployed_away_from_station
SYNTH-CRPF-01-473091,CRPF-01,duty_roster,2026-09-04,0.893,consecutive_duty_days
SYNTH-CRPF-01-473091,CRPF-01,transfer,2026-09-04,0.25,postings_in_trailing_year
SYNTH-CRPF-01-473091,CRPF-01,training,2026-09-04,0.0,course_days_assigned
SYNTH-CRPF-01-473091,CRPF-01,workload,2026-09-04,0.633,duty_hours_over_establishment
SYNTH-CRPF-01-473091,CRPF-01,self_report,2026-09-04,0.7544,instrument_score_normalised
SYNTH-CRPF-01-473091,CRPF-01,biometric,2026-09-04,0.5867,resting_heart_rate_trend
SYNTH-CRPF-01-124771,CRPF-01,leave,2026-09-04,0.5975,leave_denied_rate
SYNTH-CRPF-01-124771,CRPF-01,deployment,2026-09-04,0.1174,days_deployed_away_from_station
SYNTH-CRPF-01-124771,CRPF-01,duty_roster,2026-09-04,0.5878,consecutive_duty_days
SYNTH-CRPF-01-124771,CRPF-01,transfer,2026-09-04,0.25,postings_in_trailing_year
SYNTH-CRPF-01-124771,CRPF-01,training,2026-09-04,0.0,course_days_assigned
SYNTH-CRPF-01-124771,CRPF-01,workload,2026-09-04,0.5575,duty_hours_over_establishment
SYNTH-CRPF-01-124771,CRPF-01,biometric,2026-09-04,0.2787,resting_heart_rate_trend
SYNTH-CRPF-01-976873,CRPF-01,leave,2026-09-04,0.4205,leave_denied_rate
SYNTH-CRPF-01-976873,CRPF-01,deployment,2026-09-04,0.2016,days_deployed_away_from_station
SYNTH-CRPF-01-976873,CRPF-01,duty_roster,2026-09-04,0.455,consecutive_duty_days
SYNTH-CRPF-01-976873,CRPF-01,transfer,2026-09-04,0.25,postings_in_trailing_year
SYNTH-CRPF-01-976873,CRPF-01,training,2026-09-04,0.0,course_days_assigned
SYNTH-CRPF-01-976873,CRPF-01,workload,2026-09-04,0.5098,duty_hours_over_establishment
SYNTH-CRPF-01-976873,CRPF-01,self_report,2026-09-04,0.1484,instrument_score_normalised
SYNTH-CRPF-01-976873,CRPF-01,biometric,2026-09-04,0.4113,resting_heart_rate_trend
SYNTH-CRPF-01-507676,CRPF-01,leave,2026-09-04,0.6095,leave_denied_rate
SYNTH-CRPF-01-507676,CRPF-01,deployment,2026-09-04,0.1517,days_deployed_away_from_station
SYNTH-CRPF-01-507676,CRPF-01,duty_roster,2026-09-04,0.5259,consecutive_duty_days
SYNTH-CRPF-01-507676,CRPF-01,transfer,2026-09-04,0.25,postings_in_trailing_year
SYNTH-CRPF-01-507676,CRPF-01,training,2026-09-04,0.0,course_days_assigned
SYNTH-CRPF-01-507676,CRPF-01,workload,2026-09-04,0.5487,duty_hours_over_establishment
SYNTH-CRPF-01-507676,CRPF-01,self_report,2026-09-04,0.2048,instrument_score_normalised
SYNTH-CRPF-01-239213,CRPF-01,leave,2026-09-04,0.6625,leave_denied_rate
SYNTH-CRPF-01-239213,CRPF-01,deployment,2026-09-04,0.2138,days_deployed_away_from_station
SYNTH-CRPF-01-239213,CRPF-01,duty_roster,2026-09-04,0.6647,consecutive_duty_days
SYNTH-CRPF-01-239213,CRPF-01,transfer,2026-09-04,0.25,postings_in_trailing_year
SYNTH-CRPF-01-239213,CRPF-01,training,2026-09-04,0.0,course_days_assigned
SYNTH-CRPF-01-239213,CRPF-01,workload,2026-09-04,0.6479,duty_hours_over_establishment
SYNTH-CRPF-01-239213,CRPF-01,self_report,2026-09-04,0.4572,instrument_score_normalised
SYNTH-CRPF-01-239213,CRPF-01,biometric,2026-09-04,0.4477,resting_heart_rate_trend
SYNTH-CRPF-01-552876,CRPF-01,leave,2026-09-04,0.7381,leave_denied_rate
SYNTH-CRPF-01-552876,CRPF-01,deployment,2026-09-04,0.2571,days_deployed_away_from_station
SYNTH-CRPF-01-552876,CRPF-01,duty_roster,2026-09-04,0.656,consecutive_duty_days
SYNTH-CRPF-01-552876,CRPF-01,transfer,2026-09-04,0.25,postings_in_trailing_year
SYNTH-CRPF-01-552876,CRPF-01,training,2026-09-04,0.0,course_days_assigned
SYNTH-CRPF-01-552876,CRPF-01,workload,2026-09-04,0.7725,duty_hours_over_establishment
SYNTH-CRPF-01-552876,CRPF-01,self_report,2026-09-04,0.3248,instrument_score_normalised
SYNTH-CRPF-01-552876,CRPF-01,biometric,2026-09-04,0.3429,resting_heart_rate_trend
SYNTH-CRPF-01-582851,CRPF-01,leave,2026-09-04,0.5642,leave_denied_rate
SYNTH-CRPF-01-582851,CRPF-01,deployment,2026-09-04,0.2588,days_deployed_away_from_station
SYNTH-CRPF-01-582851,CRPF-01,duty_roster,2026-09-04,0.7103,consecutive_duty_days
SYNTH-CRPF-01-582851,CRPF-01,transfer,2026-09-04,0.25,postings_in_trailing_year
SYNTH-CRPF-01-582851,CRPF-01,training,2026-09-04,0.0,course_days_assigned
SYNTH-CRPF-01-582851,CRPF-01,workload,2026-09-04,0.7873,duty_hours_over_establishment
SYNTH-CRPF-01-719618,CRPF-01,leave,2026-09-04,0.3685,leave_denied_rate
SYNTH-CRPF-01-719618,CRPF-01,deployment,2026-09-04,0.1454,days_deployed_away_from_station
SYNTH-CRPF-01-719618,CRPF-01,duty_roster,2026-09-04,0.3821,consecutive_duty_days
SYNTH-CRPF-01-719618,CRPF-01,transfer,2026-09-04,0.25,postings_in_trailing_year
SYNTH-CRPF-01-719618,CRPF-01,training,2026-09-04,0.0,course_days_assigned
SYNTH-CRPF-01-719618,CRPF-01,workload,2026-09-04,0.543,duty_hours_over_establishment
SYNTH-CRPF-01-719618,CRPF-01,biometric,2026-09-04,0.1909,resting_heart_rate_trend
SYNTH-CRPF-01-451473,CRPF-01,leave,2026-09-04,0.8198,leave_denied_rate
SYNTH-CRPF-01-451473,CRPF-01,deployment,2026-09-04,0.2688,days_deployed_away_from_station
SYNTH-CRPF-01-451473,CRPF-01,duty_roster,2026-09-04,0.5066,consecutive_duty_days
SYNTH-CRPF-01-451473,CRPF-01,transfer,2026-09-04,0.25,postings_in_trailing_year
SYNTH-CRPF-01-451473,CRPF-01,training,2026-09-04,0.0,course_days_assigned
SYNTH-CRPF-01-451473,CRPF-01,workload,2026-09-04,0.8329,duty_hours_over_establishment
SYNTH-CRPF-01-451473,CRPF-01,self_report,2026-09-04,0.0917,instrument_score_normalised
SYNTH-CRPF-01-873879,CRPF-01,leave,2026-09-04,0.4339,leave_denied_rate
SYNTH-CRPF-01-873879,CRPF-01,deployment,2026-09-04,0.1516,days_deployed_away_from_station
SYNTH-CRPF-01-873879,CRPF-01,duty_roster,2026-09-04,0.4447,consecutive_duty_days
SYNTH-CRPF-01-873879,CRPF-01,transfer,2026-09-04,0.25,postings_in_trailing_year
SYNTH-CRPF-01-873879,CRPF-01,training,2026-09-04,0.0,course_days_assigned
SYNTH-CRPF-01-873879,CRPF-01,workload,2026-09-04,0.4266,duty_hours_over_establishment
SYNTH-CRPF-01-873879,CRPF-01,self_report,2026-09-04,0.4269,instrument_score_normalised
SYNTH-CRPF-01-873879,CRPF-01,biometric,2026-09-04,0.3128,resting_heart_rate_trend
SYNTH-CRPF-01-362120,CRPF-01,leave,2026-09-04,0.7515,leave_denied_rate
SYNTH-CRPF-01-362120,CRPF-01,deployment,2026-09-04,0.318,days_deployed_away_from_station
SYNTH-CRPF-01-362120,CRPF-01,duty_roster,2026-09-04,0.6324,consecutive_duty_days
SYNTH-CRPF-01-362120,CRPF-01,transfer,2026-09-04,0.75,postings_in_trailing_year
SYNTH-CRPF-01-362120,CRPF-01,training,2026-09-04,0.0,course_days_assigned
SYNTH-CRPF-01-362120,CRPF-01,workload,2026-09-04,0.787,duty_hours_over_establishment
SYNTH-CRPF-01-736301,CRPF-01,leave,2026-09-04,0.7254,leave_denied_rate
SYNTH-CRPF-01-736301,CRPF-01,deployment,2026-09-04,0.2522,days_deployed_away_from_station
SYNTH-CRPF-01-736301,CRPF-01,duty_roster,2026-09-04,0.6991,consecutive_duty_days
SYNTH-CRPF-01-736301,CRPF-01,transfer,2026-09-04,0.25,postings_in_trailing_year
SYNTH-CRPF-01-736301,CRPF-01,training,2026-09-04,0.0,course_days_assigned
SYNTH-CRPF-01-736301,CRPF-01,workload,2026-09-04,0.7535,duty_hours_over_establishment
SYNTH-CRPF-01-736301,CRPF-01,self_report,2026-09-04,0.2698,instrument_score_normalised
SYNTH-CRPF-01-736301,CRPF-01,biometric,2026-09-04,0.4704,resting_heart_rate_trend
SYNTH-CRPF-01-128836,CRPF-01,leave,2026-09-04,0.5257,leave_denied_rate
SYNTH-CRPF-01-128836,CRPF-01,deployment,2026-09-04,0.2215,days_deployed_away_from_station
SYNTH-CRPF-01-128836,CRPF-01,duty_roster,2026-09-04,0.5118,consecutive_duty_days
SYNTH-CRPF-01-128836,CRPF-01,transfer,2026-09-04,0.25,postings_in_trailing_year
SYNTH-CRPF-01-128836,CRPF-01,training,2026-09-04,0.0,course_days_assigned
SYNTH-CRPF-01-128836,CRPF-01,workload,2026-09-04,0.7053,duty_hours_over_establishment
SYNTH-CRPF-01-128836,CRPF-01,biometric,2026-09-04,0.5329,resting_heart_rate_trend
SYNTH-CRPF-01-445316,CRPF-01,leave,2026-09-04,0.7049,leave_denied_rate
SYNTH-CRPF-01-445316,CRPF-01,deployment,2026-09-04,0.2092,days_deployed_away_from_station
SYNTH-CRPF-01-445316,CRPF-01,duty_roster,2026-09-04,0.6718,consecutive_duty_days
SYNTH-CRPF-01-445316,CRPF-01,transfer,2026-09-04,0.25,postings_in_trailing_year
SYNTH-CRPF-01-445316,CRPF-01,training,2026-09-04,0.0,course_days_assigned
SYNTH-CRPF-01-445316,CRPF-01,workload,2026-09-04,0.5302,duty_hours_over_establishment
SYNTH-CRPF-01-445316,CRPF-01,self_report,2026-09-04,0.5332,instrument_score_normalised
SYNTH-CRPF-01-669793,CRPF-01,leave,2026-09-04,0.6385,leave_denied_rate
SYNTH-CRPF-01-669793,CRPF-01,deployment,2026-09-04,0.1716,days_deployed_away_from_station
SYNTH-CRPF-01-669793,CRPF-01,duty_roster,2026-09-04,0.8057,consecutive_duty_days
SYNTH-CRPF-01-669793,CRPF-01,transfer,2026-09-04,0.25,postings_in_trailing_year
SYNTH-CRPF-01-669793,CRPF-01,training,2026-09-04,0.0,course_days_assigned
SYNTH-CRPF-01-669793,CRPF-01,workload,2026-09-04,0.6854,duty_hours_over_establishment
SYNTH-CRPF-01-669793,CRPF-01,self_report,2026-09-04,0.3827,instrument_score_normalised
SYNTH-CRPF-01-367039,CRPF-01,leave,2026-09-04,0.5041,leave_denied_rate
SYNTH-CRPF-01-367039,CRPF-01,deployment,2026-09-04,0.1468,days_deployed_away_from_station
SYNTH-CRPF-01-367039,CRPF-01,duty_roster,2026-09-04,0.4347,consecutive_duty_days
SYNTH-CRPF-01-367039,CRPF-01,transfer,2026-09-04,0.25,postings_in_trailing_year
SYNTH-CRPF-01-367039,CRPF-01,training,2026-09-04,0.0,course_days_assigned
SYNTH-CRPF-01-367039,CRPF-01,workload,2026-09-04,0.7403,duty_hours_over_establishment
SYNTH-CRPF-01-117930,CRPF-01,leave,2026-09-04,0.4866,leave_denied_rate
SYNTH-CRPF-01-117930,CRPF-01,deployment,2026-09-04,0.232,days_deployed_away_from_station
SYNTH-CRPF-01-117930,CRPF-01,duty_roster,2026-09-04,0.7582,consecutive_duty_days
SYNTH-CRPF-01-117930,CRPF-01,transfer,2026-09-04,0.25,postings_in_trailing_year
SYNTH-CRPF-01-117930,CRPF-01,training,2026-09-04,0.0,course_days_assigned
SYNTH-CRPF-01-117930,CRPF-01,workload,2026-09-04,0.5887,duty_hours_over_establishment
SYNTH-CRPF-01-655590,CRPF-01,leave,2026-09-04,0.4882,leave_denied_rate
SYNTH-CRPF-01-655590,CRPF-01,deployment,2026-09-04,0.2299,days_deployed_away_from_station
SYNTH-CRPF-01-655590,CRPF-01,duty_roster,2026-09-04,0.5144,consecutive_duty_days
SYNTH-CRPF-01-655590,CRPF-01,transfer,2026-09-04,0.25,postings_in_trailing_year
SYNTH-CRPF-01-655590,CRPF-01,training,2026-09-04,0.0,course_days_assigned
SYNTH-CRPF-01-655590,CRPF-01,workload,2026-09-04,0.7604,duty_hours_over_establishment
SYNTH-CRPF-01-655590,CRPF-01,self_report,2026-09-04,0.3863,instrument_score_normalised
SYNTH-CRPF-01-655590,CRPF-01,biometric,2026-09-04,0.4169,resting_heart_rate_trend
SYNTH-CRPF-01-307014,CRPF-01,leave,2026-09-04,0.7017,leave_denied_rate
SYNTH-CRPF-01-307014,CRPF-01,deployment,2026-09-04,0.2602,days_deployed_away_from_station
SYNTH-CRPF-01-307014,CRPF-01,duty_roster,2026-09-04,0.7254,consecutive_duty_days
SYNTH-CRPF-01-307014,CRPF-01,transfer,2026-09-04,0.75,postings_in_trailing_year
SYNTH-CRPF-01-307014,CRPF-01,training,2026-09-04,0.0,course_days_assigned
SYNTH-CRPF-01-307014,CRPF-01,workload,2026-09-04,0.5743,duty_hours_over_establishment
SYNTH-CRPF-01-307014,CRPF-01,self_report,2026-09-04,0.1544,instrument_score_normalised
SYNTH-CRPF-01-307014,CRPF-01,biometric,2026-09-04,0.2979,resting_heart_rate_trend
SYNTH-CRPF-01-750550,CRPF-01,leave,2026-09-04,0.5092,leave_denied_rate
SYNTH-CRPF-01-750550,CRPF-01,deployment,2026-09-04,0.2082,days_deployed_away_from_station
SYNTH-CRPF-01-750550,CRPF-01,duty_roster,2026-09-04,0.4941,consecutive_duty_days
SYNTH-CRPF-01-750550,CRPF-01,transfer,2026-09-04,0.25,postings_in_trailing_year
SYNTH-CRPF-01-750550,CRPF-01,training,2026-09-04,0.0,course_days_assigned
SYNTH-CRPF-01-750550,CRPF-01,workload,2026-09-04,0.6565,duty_hours_over_establishment
SYNTH-CRPF-01-865717,CRPF-01,leave,2026-09-04,0.5081,leave_denied_rate
SYNTH-CRPF-01-865717,CRPF-01,deployment,2026-09-04,0.1537,days_deployed_away_from_station
SYNTH-CRPF-01-865717,CRPF-01,duty_roster,2026-09-04,0.5691,consecutive_duty_days
SYNTH-CRPF-01-865717,CRPF-01,transfer,2026-09-04,0.25,postings_in_trailing_year
SYNTH-CRPF-01-865717,CRPF-01,training,2026-09-04,0.0,course_days_assigned
SYNTH-CRPF-01-865717,CRPF-01,workload,2026-09-04,0.5155,duty_hours_over_establishment
SYNTH-CRPF-01-865717,CRPF-01,self_report,2026-09-04,0.6639,instrument_score_normalised
SYNTH-CRPF-01-515732,CRPF-01,leave,2026-09-04,0.5821,leave_denied_rate
SYNTH-CRPF-01-515732,CRPF-01,deployment,2026-09-04,0.2487,days_deployed_away_from_station
SYNTH-CRPF-01-515732,CRPF-01,duty_roster,2026-09-04,0.4478,consecutive_duty_days
SYNTH-CRPF-01-515732,CRPF-01,transfer,2026-09-04,0.25,postings_in_trailing_year
SYNTH-CRPF-01-515732,CRPF-01,training,2026-09-04,0.0,course_days_assigned
SYNTH-CRPF-01-515732,CRPF-01,workload,2026-09-04,0.7429,duty_hours_over_establishment
SYNTH-CRPF-01-515732,CRPF-01,self_report,2026-09-04,0.4178,instrument_score_normalised
SYNTH-CRPF-01-628006,CRPF-01,leave,2026-09-04,0.5411,leave_denied_rate
SYNTH-CRPF-01-628006,CRPF-01,deployment,2026-09-04,0.1158,days_deployed_away_from_station
SYNTH-CRPF-01-628006,CRPF-01,duty_roster,2026-09-04,0.5485,consecutive_duty_days
SYNTH-CRPF-01-628006,CRPF-01,transfer,2026-09-04,0.25,postings_in_trailing_year
SYNTH-CRPF-01-628006,CRPF-01,training,2026-09-04,0.0,course_days_assigned
SYNTH-CRPF-01-628006,CRPF-01,workload,2026-09-04,0.5947,duty_hours_over_establishment
SYNTH-CRPF-01-628006,CRPF-01,self_report,2026-09-04,0.5131,instrument_score_normalised
SYNTH-CRPF-01-628006,CRPF-01,biometric,2026-09-04,0.3612,resting_heart_rate_trend
SYNTH-CRPF-01-102589,CRPF-01,leave,2026-09-04,0.7749,leave_denied_rate
SYNTH-CRPF-01-102589,CRPF-01,deployment,2026-09-04,0.2814,days_deployed_away_from_station
SYNTH-CRPF-01-102589,CRPF-01,duty_roster,2026-09-04,0.8151,consecutive_duty_days
SYNTH-CRPF-01-102589,CRPF-01,transfer,2026-09-04,0.25,postings_in_trailing_year
SYNTH-CRPF-01-102589,CRPF-01,training,2026-09-04,0.0,course_days_assigned
SYNTH-CRPF-01-102589,CRPF-01,workload,2026-09-04,0.5706,duty_hours_over_establishment
SYNTH-CRPF-01-102589,CRPF-01,self_report,2026-09-04,0.426,instrument_score_normalised
SYNTH-CRPF-01-188067,CRPF-01,leave,2026-09-04,0.6672,leave_denied_rate
SYNTH-CRPF-01-188067,CRPF-01,deployment,2026-09-04,0.2363,days_deployed_away_from_station
SYNTH-CRPF-01-188067,CRPF-01,duty_roster,2026-09-04,0.6045,consecutive_duty_days
SYNTH-CRPF-01-188067,CRPF-01,transfer,2026-09-04,0.25,postings_in_trailing_year
SYNTH-CRPF-01-188067,CRPF-01,training,2026-09-04,0.0,course_days_assigned
SYNTH-CRPF-01-188067,CRPF-01,workload,2026-09-04,0.8269,duty_hours_over_establishment
SYNTH-CRPF-01-188067,CRPF-01,self_report,2026-09-04,0.3333,instrument_score_normalised
SYNTH-CRPF-01-123713,CRPF-01,leave,2026-09-04,0.6922,leave_denied_rate
SYNTH-CRPF-01-123713,CRPF-01,deployment,2026-09-04,0.2404,days_deployed_away_from_station
SYNTH-CRPF-01-123713,CRPF-01,duty_roster,2026-09-04,0.566,consecutive_duty_days
SYNTH-CRPF-01-123713,CRPF-01,transfer,2026-09-04,0.75,postings_in_trailing_year
SYNTH-CRPF-01-123713,CRPF-01,training,2026-09-04,0.0,course_days_assigned
SYNTH-CRPF-01-123713,CRPF-01,workload,2026-09-04,0.5062,duty_hours_over_establishment
SYNTH-CRPF-01-123713,CRPF-01,self_report,2026-09-04,0.4163,instrument_score_normalised
SYNTH-CRPF-01-270345,CRPF-01,leave,2026-09-04,0.7034,leave_denied_rate
SYNTH-CRPF-01-270345,CRPF-01,deployment,2026-09-04,0.1562,days_deployed_away_from_station
SYNTH-CRPF-01-270345,CRPF-01,duty_roster,2026-09-04,0.4221,consecutive_duty_days
SYNTH-CRPF-01-270345,CRPF-01,transfer,2026-09-04,0.25,postings_in_trailing_year
SYNTH-CRPF-01-270345,CRPF-01,training,2026-09-04,0.0,course_days_assigned
SYNTH-CRPF-01-270345,CRPF-01,workload,2026-09-04,0.6355,duty_hours_over_establishment
SYNTH-CRPF-01-736632,CRPF-01,leave,2026-09-04,0.6635,leave_denied_rate
SYNTH-CRPF-01-736632,CRPF-01,deployment,2026-09-04,0.2445,days_deployed_away_from_station
SYNTH-CRPF-01-736632,CRPF-01,duty_roster,2026-09-04,0.7275,consecutive_duty_days
SYNTH-CRPF-01-736632,CRPF-01,transfer,2026-09-04,0.25,postings_in_trailing_year
SYNTH-CRPF-01-736632,CRPF-01,training,2026-09-04,0.0,course_days_assigned
SYNTH-CRPF-01-736632,CRPF-01,workload,2026-09-04,0.6837,duty_hours_over_establishment
SYNTH-CRPF-01-767254,CRPF-01,leave,2026-09-04,0.6469,leave_denied_rate
SYNTH-CRPF-01-767254,CRPF-01,deployment,2026-09-04,0.2756,days_deployed_away_from_station
SYNTH-CRPF-01-767254,CRPF-01,duty_roster,2026-09-04,0.5476,consecutive_duty_days
SYNTH-CRPF-01-767254,CRPF-01,transfer,2026-09-04,0.25,postings_in_trailing_year
SYNTH-CRPF-01-767254,CRPF-01,training,2026-09-04,0.0,course_days_assigned
SYNTH-CRPF-01-767254,CRPF-01,workload,2026-09-04,0.7344,duty_hours_over_establishment
SYNTH-CRPF-01-767254,CRPF-01,self_report,2026-09-04,0.0345,instrument_score_normalised
SYNTH-CRPF-01-767254,CRPF-01,biometric,2026-09-04,0.4141,resting_heart_rate_trend
SYNTH-CRPF-01-147693,CRPF-01,leave,2026-09-04,0.4336,leave_denied_rate
SYNTH-CRPF-01-147693,CRPF-01,deployment,2026-09-04,0.2253,days_deployed_away_from_station
SYNTH-CRPF-01-147693,CRPF-01,duty_roster,2026-09-04,0.5097,consecutive_duty_days
SYNTH-CRPF-01-147693,CRPF-01,transfer,2026-09-04,0.25,postings_in_trailing_year
SYNTH-CRPF-01-147693,CRPF-01,training,2026-09-04,0.0,course_days_assigned
SYNTH-CRPF-01-147693,CRPF-01,workload,2026-09-04,0.7112,duty_hours_over_establishment
SYNTH-CRPF-01-621214,CRPF-01,leave,2026-09-04,0.659,leave_denied_rate
SYNTH-CRPF-01-621214,CRPF-01,deployment,2026-09-04,0.1886,days_deployed_away_from_station
SYNTH-CRPF-01-621214,CRPF-01,duty_roster,2026-09-04,0.4837,consecutive_duty_days
SYNTH-CRPF-01-621214,CRPF-01,transfer,2026-09-04,0.25,postings_in_trailing_year
SYNTH-CRPF-01-621214,CRPF-01,training,2026-09-04,0.0,course_days_assigned
SYNTH-CRPF-01-621214,CRPF-01,workload,2026-09-04,0.6734,duty_hours_over_establishment
SYNTH-CRPF-01-621214,CRPF-01,biometric,2026-09-04,0.4168,resting_heart_rate_trend
SYNTH-CRPF-01-567283,CRPF-01,leave,2026-09-04,0.8511,leave_denied_rate
SYNTH-CRPF-01-567283,CRPF-01,deployment,2026-09-04,0.3247,days_deployed_away_from_station
SYNTH-CRPF-01-567283,CRPF-01,duty_roster,2026-09-04,0.767,consecutive_duty_days
SYNTH-CRPF-01-567283,CRPF-01,transfer,2026-09-04,0.75,postings_in_trailing_year
SYNTH-CRPF-01-567283,CRPF-01,training,2026-09-04,0.0,course_days_assigned
SYNTH-CRPF-01-567283,CRPF-01,workload,2026-09-04,0.7644,duty_hours_over_establishment
SYNTH-CRPF-01-831045,CRPF-01,leave,2026-09-04,0.5936,leave_denied_rate
SYNTH-CRPF-01-831045,CRPF-01,deployment,2026-09-04,0.2737,days_deployed_away_from_station
SYNTH-CRPF-01-831045,CRPF-01,duty_roster,2026-09-04,0.7707,consecutive_duty_days
SYNTH-CRPF-01-831045,CRPF-01,transfer,2026-09-04,0.25,postings_in_trailing_year
SYNTH-CRPF-01-831045,CRPF-01,training,2026-09-04,0.0,course_days_assigned
SYNTH-CRPF-01-831045,CRPF-01,workload,2026-09-04,0.6756,duty_hours_over_establishment
SYNTH-CRPF-01-831045,CRPF-01,self_report,2026-09-04,0.3657,instrument_score_normalised
SYNTH-CRPF-01-831045,CRPF-01,biometric,2026-09-04,0.5386,resting_heart_rate_trend
SYNTH-CRPF-01-472623,CRPF-01,leave,2026-09-04,0.6577,leave_denied_rate
SYNTH-CRPF-01-472623,CRPF-01,deployment,2026-09-04,0.235,days_deployed_away_from_station
SYNTH-CRPF-01-472623,CRPF-01,duty_roster,2026-09-04,0.5452,consecutive_duty_days
SYNTH-CRPF-01-472623,CRPF-01,transfer,2026-09-04,0.25,postings_in_trailing_year
SYNTH-CRPF-01-472623,CRPF-01,training,2026-09-04,0.0,course_days_assigned
SYNTH-CRPF-01-472623,CRPF-01,workload,2026-09-04,0.7206,duty_hours_over_establishment
SYNTH-CRPF-01-126603,CRPF-01,leave,2026-09-04,0.8745,leave_denied_rate
SYNTH-CRPF-01-126603,CRPF-01,deployment,2026-09-04,0.2527,days_deployed_away_from_station
SYNTH-CRPF-01-126603,CRPF-01,duty_roster,2026-09-04,0.8541,consecutive_duty_days
SYNTH-CRPF-01-126603,CRPF-01,transfer,2026-09-04,0.25,postings_in_trailing_year
SYNTH-CRPF-01-126603,CRPF-01,training,2026-09-04,0.0,course_days_assigned
SYNTH-CRPF-01-126603,CRPF-01,workload,2026-09-04,0.7043,duty_hours_over_establishment
SYNTH-CRPF-01-126603,CRPF-01,self_report,2026-09-04,0.7159,instrument_score_normalised
SYNTH-CRPF-01-647178,CRPF-01,leave,2026-09-04,0.6092,leave_denied_rate
SYNTH-CRPF-01-647178,CRPF-01,deployment,2026-09-04,0.1682,days_deployed_away_from_station
SYNTH-CRPF-01-647178,CRPF-01,duty_roster,2026-09-04,0.7387,consecutive_duty_days
SYNTH-CRPF-01-647178,CRPF-01,transfer,2026-09-04,0.25,postings_in_trailing_year
SYNTH-CRPF-01-647178,CRPF-01,training,2026-09-04,0.0,course_days_assigned
SYNTH-CRPF-01-647178,CRPF-01,workload,2026-09-04,0.5182,duty_hours_over_establishment
SYNTH-CRPF-01-647178,CRPF-01,self_report,2026-09-04,0.4802,instrument_score_normalised
SYNTH-CRPF-01-515490,CRPF-01,leave,2026-09-04,0.5275,leave_denied_rate
SYNTH-CRPF-01-515490,CRPF-01,deployment,2026-09-04,0.2061,days_deployed_away_from_station
SYNTH-CRPF-01-515490,CRPF-01,duty_roster,2026-09-04,0.8025,consecutive_duty_days
SYNTH-CRPF-01-515490,CRPF-01,transfer,2026-09-04,0.75,postings_in_trailing_year
SYNTH-CRPF-01-515490,CRPF-01,training,2026-09-04,0.0,course_days_assigned
SYNTH-CRPF-01-515490,CRPF-01,workload,2026-09-04,0.6401,duty_hours_over_establishment
SYNTH-CRPF-01-582304,CRPF-01,leave,2026-09-04,0.973,leave_denied_rate
SYNTH-CRPF-01-582304,CRPF-01,deployment,2026-09-04,0.3155,days_deployed_away_from_station
SYNTH-CRPF-01-582304,CRPF-01,duty_roster,2026-09-04,0.6817,consecutive_duty_days
SYNTH-CRPF-01-582304,CRPF-01,transfer,2026-09-04,0.25,postings_in_trailing_year
SYNTH-CRPF-01-582304,CRPF-01,training,2026-09-04,0.0,course_days_assigned
SYNTH-CRPF-01-582304,CRPF-01,workload,2026-09-04,0.6141,duty_hours_over_establishment
SYNTH-CRPF-01-205605,CRPF-01,leave,2026-09-04,0.2793,leave_denied_rate
SYNTH-CRPF-01-205605,CRPF-01,deployment,2026-09-04,0.0675,days_deployed_away_from_station
SYNTH-CRPF-01-205605,CRPF-01,duty_roster,2026-09-04,0.4979,consecutive_duty_days
SYNTH-CRPF-01-205605,CRPF-01,transfer,2026-09-04,0.25,postings_in_trailing_year
SYNTH-CRPF-01-205605,CRPF-01,training,2026-09-04,0.0,course_days_assigned
SYNTH-CRPF-01-205605,CRPF-01,workload,2026-09-04,0.5619,duty_hours_over_establishment
SYNTH-CRPF-01-205605,CRPF-01,self_report,2026-09-04,0.2236,instrument_score_normalised
SYNTH-CRPF-01-206423,CRPF-01,leave,2026-09-04,0.7172,leave_denied_rate
SYNTH-CRPF-01-206423,CRPF-01,deployment,2026-09-04,0.279,days_deployed_away_from_station
SYNTH-CRPF-01-206423,CRPF-01,duty_roster,2026-09-04,0.6436,consecutive_duty_days
SYNTH-CRPF-01-206423,CRPF-01,transfer,2026-09-04,0.75,postings_in_trailing_year
SYNTH-CRPF-01-206423,CRPF-01,training,2026-09-04,0.0,course_days_assigned
SYNTH-CRPF-01-206423,CRPF-01,workload,2026-09-04,0.6866,duty_hours_over_establishment
SYNTH-CRPF-01-206423,CRPF-01,self_report,2026-09-04,0.3655,instrument_score_normalised
SYNTH-CRPF-01-206423,CRPF-01,biometric,2026-09-04,0.4507,resting_heart_rate_trend
SYNTH-CRPF-01-925617,CRPF-01,leave,2026-09-04,0.6576,leave_denied_rate
SYNTH-CRPF-01-925617,CRPF-01,deployment,2026-09-04,0.2376,days_deployed_away_from_station
SYNTH-CRPF-01-925617,CRPF-01,duty_roster,2026-09-04,0.6712,consecutive_duty_days
SYNTH-CRPF-01-925617,CRPF-01,transfer,2026-09-04,0.25,postings_in_trailing_year
SYNTH-CRPF-01-925617,CRPF-01,training,2026-09-04,0.0,course_days_assigned
SYNTH-CRPF-01-925617,CRPF-01,workload,2026-09-04,0.5526,duty_hours_over_establishment
SYNTH-CRPF-01-925617,CRPF-01,self_report,2026-09-04,0.4224,instrument_score_normalised
SYNTH-CRPF-01-925617,CRPF-01,biometric,2026-09-04,0.2097,resting_heart_rate_trend
SYNTH-CRPF-01-563937,CRPF-01,leave,2026-09-04,0.5709,leave_denied_rate
SYNTH-CRPF-01-563937,CRPF-01,deployment,2026-09-04,0.1282,days_deployed_away_from_station
SYNTH-CRPF-01-563937,CRPF-01,duty_roster,2026-09-04,0.3594,consecutive_duty_days
SYNTH-CRPF-01-563937,CRPF-01,transfer,2026-09-04,0.25,postings_in_trailing_year
SYNTH-CRPF-01-563937,CRPF-01,training,2026-09-04,0.0,course_days_assigned
SYNTH-CRPF-01-563937,CRPF-01,workload,2026-09-04,0.355,duty_hours_over_establishment
SYNTH-CRPF-01-563937,CRPF-01,self_report,2026-09-04,0.3054,instrument_score_normalised
SYNTH-CRPF-01-738803,CRPF-01,leave,2026-09-04,0.5285,leave_denied_rate
SYNTH-CRPF-01-738803,CRPF-01,deployment,2026-09-04,0.3091,days_deployed_away_from_station
SYNTH-CRPF-01-738803,CRPF-01,duty_roster,2026-09-04,0.5558,consecutive_duty_days
SYNTH-CRPF-01-738803,CRPF-01,transfer,2026-09-04,0.25,postings_in_trailing_year
SYNTH-CRPF-01-738803,CRPF-01,training,2026-09-04,0.0,course_days_assigned
SYNTH-CRPF-01-738803,CRPF-01,workload,2026-09-04,0.6473,duty_hours_over_establishment
SYNTH-CRPF-01-432300,CRPF-01,leave,2026-09-04,0.7807,leave_denied_rate
SYNTH-CRPF-01-432300,CRPF-01,deployment,2026-09-04,0.3047,days_deployed_away_from_station
SYNTH-CRPF-01-432300,CRPF-01,duty_roster,2026-09-04,0.5753,consecutive_duty_days
SYNTH-CRPF-01-432300,CRPF-01,transfer,2026-09-04,0.25,postings_in_trailing_year
SYNTH-CRPF-01-432300,CRPF-01,training,2026-09-04,0.0,course_days_assigned
SYNTH-CRPF-01-432300,CRPF-01,workload,2026-09-04,0.8014,duty_hours_over_establishment
SYNTH-CRPF-01-432300,CRPF-01,self_report,2026-09-04,0.5213,instrument_score_normalised
SYNTH-CRPF-01-771702,CRPF-01,leave,2026-09-04,0.6344,leave_denied_rate
SYNTH-CRPF-01-771702,CRPF-01,deployment,2026-09-04,0.1793,days_deployed_away_from_station
SYNTH-CRPF-01-771702,CRPF-01,duty_roster,2026-09-04,0.6232,consecutive_duty_days
SYNTH-CRPF-01-771702,CRPF-01,transfer,2026-09-04,0.25,postings_in_trailing_year
SYNTH-CRPF-01-771702,CRPF-01,training,2026-09-04,0.0,course_days_assigned
SYNTH-CRPF-01-771702,CRPF-01,workload,2026-09-04,0.6653,duty_hours_over_establishment
SYNTH-CRPF-01-673781,CRPF-01,leave,2026-09-04,0.5985,leave_denied_rate
SYNTH-CRPF-01-673781,CRPF-01,deployment,2026-09-04,0.1398,days_deployed_away_from_station
SYNTH-CRPF-01-673781,CRPF-01,duty_roster,2026-09-04,0.4592,consecutive_duty_days
SYNTH-CRPF-01-673781,CRPF-01,transfer,2026-09-04,0.25,postings_in_trailing_year
SYNTH-CRPF-01-673781,CRPF-01,training,2026-09-04,0.0,course_days_assigned
SYNTH-CRPF-01-673781,CRPF-01,workload,2026-09-04,0.4979,duty_hours_over_establishment
SYNTH-CRPF-01-673781,CRPF-01,biometric,2026-09-04,0.4297,resting_heart_rate_trend
SYNTH-CRPF-01-937377,CRPF-01,leave,2026-09-04,0.7991,leave_denied_rate
SYNTH-CRPF-01-937377,CRPF-01,deployment,2026-09-04,0.2382,days_deployed_away_from_station
SYNTH-CRPF-01-937377,CRPF-01,duty_roster,2026-09-04,0.6578,consecutive_duty_days
SYNTH-CRPF-01-937377,CRPF-01,transfer,2026-09-04,0.25,postings_in_trailing_year
SYNTH-CRPF-01-937377,CRPF-01,training,2026-09-04,0.0,course_days_assigned
SYNTH-CRPF-01-937377,CRPF-01,workload,2026-09-04,0.6152,duty_hours_over_establishment
SYNTH-CRPF-01-879734,CRPF-01,leave,2026-09-04,0.8043,leave_denied_rate
SYNTH-CRPF-01-879734,CRPF-01,deployment,2026-09-04,0.3098,days_deployed_away_from_station
SYNTH-CRPF-01-879734,CRPF-01,duty_roster,2026-09-04,0.544,consecutive_duty_days
SYNTH-CRPF-01-879734,CRPF-01,transfer,2026-09-04,0.25,postings_in_trailing_year
SYNTH-CRPF-01-879734,CRPF-01,training,2026-09-04,0.0,course_days_assigned
SYNTH-CRPF-01-879734,CRPF-01,workload,2026-09-04,0.7422,duty_hours_over_establishment
SYNTH-CRPF-01-817677,CRPF-01,leave,2026-09-04,0.7566,leave_denied_rate
SYNTH-CRPF-01-817677,CRPF-01,deployment,2026-09-04,0.2616,days_deployed_away_from_station
SYNTH-CRPF-01-817677,CRPF-01,duty_roster,2026-09-04,0.5558,consecutive_duty_days
SYNTH-CRPF-01-817677,CRPF-01,transfer,2026-09-04,0.25,postings_in_trailing_year
SYNTH-CRPF-01-817677,CRPF-01,training,2026-09-04,0.0,course_days_assigned
SYNTH-CRPF-01-817677,CRPF-01,workload,2026-09-04,0.6746,duty_hours_over_establishment
SYNTH-CRPF-01-817677,CRPF-01,self_report,2026-09-04,0.3711,instrument_score_normalised
SYNTH-CRPF-01-616611,CRPF-01,leave,2026-09-04,0.5683,leave_denied_rate
SYNTH-CRPF-01-616611,CRPF-01,deployment,2026-09-04,0.0639,days_deployed_away_from_station
SYNTH-CRPF-01-616611,CRPF-01,duty_roster,2026-09-04,0.6101,consecutive_duty_days
SYNTH-CRPF-01-616611,CRPF-01,transfer,2026-09-04,0.25,postings_in_trailing_year
SYNTH-CRPF-01-616611,CRPF-01,training,2026-09-04,0.0,course_days_assigned
SYNTH-CRPF-01-616611,CRPF-01,workload,2026-09-04,0.3149,duty_hours_over_establishment
SYNTH-CRPF-01-616611,CRPF-01,self_report,2026-09-04,0.3046,instrument_score_normalised
SYNTH-CRPF-01-991356,CRPF-01,leave,2026-09-04,0.3798,leave_denied_rate
SYNTH-CRPF-01-991356,CRPF-01,deployment,2026-09-04,0.1495,days_deployed_away_from_station
SYNTH-CRPF-01-991356,CRPF-01,duty_roster,2026-09-04,0.3603,consecutive_duty_days
SYNTH-CRPF-01-991356,CRPF-01,transfer,2026-09-04,0.25,postings_in_trailing_year
SYNTH-CRPF-01-991356,CRPF-01,training,2026-09-04,0.0,course_days_assigned
SYNTH-CRPF-01-991356,CRPF-01,workload,2026-09-04,0.5918,duty_hours_over_establishment
SYNTH-CRPF-01-991356,CRPF-01,self_report,2026-09-04,0.1448,instrument_score_normalised
SYNTH-CRPF-01-991356,CRPF-01,biometric,2026-09-04,0.2448,resting_heart_rate_trend
SYNTH-CRPF-01-910652,CRPF-01,leave,2026-09-04,0.5299,leave_denied_rate
SYNTH-CRPF-01-910652,CRPF-01,deployment,2026-09-04,0.0408,days_deployed_away_from_station
SYNTH-CRPF-01-910652,CRPF-01,duty_roster,2026-09-04,0.3297,consecutive_duty_days
SYNTH-CRPF-01-910652,CRPF-01,transfer,2026-09-04,0.25,postings_in_trailing_year
SYNTH-CRPF-01-910652,CRPF-01,training,2026-09-04,0.0,course_days_assigned
SYNTH-CRPF-01-910652,CRPF-01,workload,2026-09-04,0.4859,duty_hours_over_establishment
SYNTH-CRPF-01-910652,CRPF-01,self_report,2026-09-04,0.3369,instrument_score_normalised
SYNTH-CRPF-01-303119,CRPF-01,leave,2026-09-04,0.6602,leave_denied_rate
SYNTH-CRPF-01-303119,CRPF-01,deployment,2026-09-04,0.2877,days_deployed_away_from_station
SYNTH-CRPF-01-303119,CRPF-01,duty_roster,2026-09-04,0.8243,consecutive_duty_days
SYNTH-CRPF-01-303119,CRPF-01,transfer,2026-09-04,0.75,postings_in_trailing_year
SYNTH-CRPF-01-303119,CRPF-01,training,2026-09-04,0.0,course_days_assigned
SYNTH-CRPF-01-303119,CRPF-01,workload,2026-09-04,0.7723,duty_hours_over_establishment
SYNTH-CRPF-01-248032,CRPF-01,leave,2026-09-04,0.5916,leave_denied_rate
SYNTH-CRPF-01-248032,CRPF-01,deployment,2026-09-04,0.3158,days_deployed_away_from_station
SYNTH-CRPF-01-248032,CRPF-01,duty_roster,2026-09-04,0.6473,consecutive_duty_days
SYNTH-CRPF-01-248032,CRPF-01,transfer,2026-09-04,0.25,postings_in_trailing_year
SYNTH-CRPF-01-248032,CRPF-01,training,2026-09-04,0.0,course_days_assigned
SYNTH-CRPF-01-248032,CRPF-01,workload,2026-09-04,0.729,duty_hours_over_establishment
SYNTH-CRPF-01-248032,CRPF-01,self_report,2026-09-04,0.047,instrument_score_normalised
SYNTH-CRPF-01-506241,CRPF-01,leave,2026-09-04,0.5936,leave_denied_rate
SYNTH-CRPF-01-506241,CRPF-01,deployment,2026-09-04,0.2086,days_deployed_away_from_station
SYNTH-CRPF-01-506241,CRPF-01,duty_roster,2026-09-04,0.534,consecutive_duty_days
SYNTH-CRPF-01-506241,CRPF-01,transfer,2026-09-04,0.25,postings_in_trailing_year
SYNTH-CRPF-01-506241,CRPF-01,training,2026-09-04,0.0,course_days_assigned
SYNTH-CRPF-01-506241,CRPF-01,workload,2026-09-04,0.552,duty_hours_over_establishment
SYNTH-CRPF-01-709263,CRPF-01,leave,2026-09-04,0.4195,leave_denied_rate
SYNTH-CRPF-01-709263,CRPF-01,deployment,2026-09-04,0.1611,days_deployed_away_from_station
SYNTH-CRPF-01-709263,CRPF-01,duty_roster,2026-09-04,0.371,consecutive_duty_days
SYNTH-CRPF-01-709263,CRPF-01,transfer,2026-09-04,0.25,postings_in_trailing_year
SYNTH-CRPF-01-709263,CRPF-01,training,2026-09-04,0.0,course_days_assigned
SYNTH-CRPF-01-709263,CRPF-01,workload,2026-09-04,0.6297,duty_hours_over_establishment
SYNTH-CRPF-01-491622,CRPF-01,leave,2026-09-04,0.5874,leave_denied_rate
SYNTH-CRPF-01-491622,CRPF-01,deployment,2026-09-04,0.3025,days_deployed_away_from_station
SYNTH-CRPF-01-491622,CRPF-01,duty_roster,2026-09-04,0.6873,consecutive_duty_days
SYNTH-CRPF-01-491622,CRPF-01,transfer,2026-09-04,0.25,postings_in_trailing_year
SYNTH-CRPF-01-491622,CRPF-01,training,2026-09-04,0.0,course_days_assigned
SYNTH-CRPF-01-491622,CRPF-01,workload,2026-09-04,0.7353,duty_hours_over_establishment
SYNTH-CRPF-01-624777,CRPF-01,leave,2026-09-04,0.5752,leave_denied_rate
SYNTH-CRPF-01-624777,CRPF-01,deployment,2026-09-04,0.2851,days_deployed_away_from_station
SYNTH-CRPF-01-624777,CRPF-01,duty_roster,2026-09-04,0.7619,consecutive_duty_days
SYNTH-CRPF-01-624777,CRPF-01,transfer,2026-09-04,0.25,postings_in_trailing_year
SYNTH-CRPF-01-624777,CRPF-01,training,2026-09-04,0.0,course_days_assigned
SYNTH-CRPF-01-624777,CRPF-01,workload,2026-09-04,0.5175,duty_hours_over_establishment
SYNTH-CRPF-01-624777,CRPF-01,self_report,2026-09-04,0.2728,instrument_score_normalised
SYNTH-CRPF-01-624777,CRPF-01,biometric,2026-09-04,0.502,resting_heart_rate_trend
SYNTH-CRPF-01-394415,CRPF-01,leave,2026-09-04,0.6967,leave_denied_rate
SYNTH-CRPF-01-394415,CRPF-01,deployment,2026-09-04,0.2312,days_deployed_away_from_station
SYNTH-CRPF-01-394415,CRPF-01,duty_roster,2026-09-04,0.7957,consecutive_duty_days
SYNTH-CRPF-01-394415,CRPF-01,transfer,2026-09-04,0.25,postings_in_trailing_year
SYNTH-CRPF-01-394415,CRPF-01,training,2026-09-04,0.0,course_days_assigned
SYNTH-CRPF-01-394415,CRPF-01,workload,2026-09-04,0.5276,duty_hours_over_establishment
SYNTH-CRPF-01-394415,CRPF-01,self_report,2026-09-04,0.4449,instrument_score_normalised
SYNTH-CRPF-01-695998,CRPF-01,leave,2026-09-04,0.6025,leave_denied_rate
SYNTH-CRPF-01-695998,CRPF-01,deployment,2026-09-04,0.2552,days_deployed_away_from_station
SYNTH-CRPF-01-695998,CRPF-01,duty_roster,2026-09-04,0.5502,consecutive_duty_days
SYNTH-CRPF-01-695998,CRPF-01,transfer,2026-09-04,0.25,postings_in_trailing_year
SYNTH-CRPF-01-695998,CRPF-01,training,2026-09-04,0.0,course_days_assigned
SYNTH-CRPF-01-695998,CRPF-01,workload,2026-09-04,0.7412,duty_hours_over_establishment
SYNTH-CRPF-01-695998,CRPF-01,self_report,2026-09-04,0.4178,instrument_score_normalised
SYNTH-CRPF-01-695998,CRPF-01,biometric,2026-09-04,0.2021,resting_heart_rate_trend
SYNTH-CRPF-01-159950,CRPF-01,leave,2026-09-04,0.2953,leave_denied_rate
SYNTH-CRPF-01-159950,CRPF-01,deployment,2026-09-04,0.0526,days_deployed_away_from_station
SYNTH-CRPF-01-159950,CRPF-01,duty_roster,2026-09-04,0.562,consecutive_duty_days
SYNTH-CRPF-01-159950,CRPF-01,transfer,2026-09-04,0.75,postings_in_trailing_year
SYNTH-CRPF-01-159950,CRPF-01,training,2026-09-04,0.0,course_days_assigned
SYNTH-CRPF-01-159950,CRPF-01,workload,2026-09-04,0.5287,duty_hours_over_establishment
SYNTH-CRPF-01-159950,CRPF-01,self_report,2026-09-04,0.3899,instrument_score_normalised
SYNTH-CRPF-01-622107,CRPF-01,leave,2026-09-04,0.5143,leave_denied_rate
SYNTH-CRPF-01-622107,CRPF-01,deployment,2026-09-04,0.1083,days_deployed_away_from_station
SYNTH-CRPF-01-622107,CRPF-01,duty_roster,2026-09-04,0.5093,consecutive_duty_days
SYNTH-CRPF-01-622107,CRPF-01,transfer,2026-09-04,0.25,postings_in_trailing_year
SYNTH-CRPF-01-622107,CRPF-01,training,2026-09-04,0.0,course_days_assigned
SYNTH-CRPF-01-622107,CRPF-01,workload,2026-09-04,0.2809,duty_hours_over_establishment
SYNTH-CRPF-01-622107,CRPF-01,self_report,2026-09-04,0.3136,instrument_score_normalised
SYNTH-CRPF-01-622107,CRPF-01,biometric,2026-09-04,0.4094,resting_heart_rate_trend
SYNTH-CRPF-01-199856,CRPF-01,leave,2026-09-04,0.4923,leave_denied_rate
SYNTH-CRPF-01-199856,CRPF-01,deployment,2026-09-04,0.2997,days_deployed_away_from_station
SYNTH-CRPF-01-199856,CRPF-01,duty_roster,2026-09-04,0.5558,consecutive_duty_days
SYNTH-CRPF-01-199856,CRPF-01,transfer,2026-09-04,0.25,postings_in_trailing_year
SYNTH-CRPF-01-199856,CRPF-01,training,2026-09-04,0.0,course_days_assigned
SYNTH-CRPF-01-199856,CRPF-01,workload,2026-09-04,0.7538,duty_hours_over_establishment
SYNTH-CRPF-01-151155,CRPF-01,leave,2026-09-04,0.5114,leave_denied_rate
SYNTH-CRPF-01-151155,CRPF-01,deployment,2026-09-04,0.3286,days_deployed_away_from_station
SYNTH-CRPF-01-151155,CRPF-01,duty_roster,2026-09-04,0.7694,consecutive_duty_days
SYNTH-CRPF-01-151155,CRPF-01,transfer,2026-09-04,0.75,postings_in_trailing_year
SYNTH-CRPF-01-151155,CRPF-01,training,2026-09-04,0.0,course_days_assigned
SYNTH-CRPF-01-151155,CRPF-01,workload,2026-09-04,0.6241,duty_hours_over_establishment
SYNTH-CRPF-01-962635,CRPF-01,leave,2026-09-04,0.6888,leave_denied_rate
SYNTH-CRPF-01-962635,CRPF-01,deployment,2026-09-04,0.2632,days_deployed_away_from_station
SYNTH-CRPF-01-962635,CRPF-01,duty_roster,2026-09-04,0.5118,consecutive_duty_days
SYNTH-CRPF-01-962635,CRPF-01,transfer,2026-09-04,0.25,postings_in_trailing_year
SYNTH-CRPF-01-962635,CRPF-01,training,2026-09-04,0.0,course_days_assigned
SYNTH-CRPF-01-962635,CRPF-01,workload,2026-09-04,0.6261,duty_hours_over_establishment
SYNTH-CRPF-01-962635,CRPF-01,self_report,2026-09-04,0.4062,instrument_score_normalised
SYNTH-CRPF-01-132189,CRPF-01,leave,2026-09-04,0.6932,leave_denied_rate
SYNTH-CRPF-01-132189,CRPF-01,deployment,2026-09-04,0.2859,days_deployed_away_from_station
SYNTH-CRPF-01-132189,CRPF-01,duty_roster,2026-09-04,0.6802,consecutive_duty_days
SYNTH-CRPF-01-132189,CRPF-01,transfer,2026-09-04,0.25,postings_in_trailing_year
SYNTH-CRPF-01-132189,CRPF-01,training,2026-09-04,0.0,course_days_assigned
SYNTH-CRPF-01-132189,CRPF-01,workload,2026-09-04,0.6238,duty_hours_over_establishment
SYNTH-CRPF-01-132189,CRPF-01,self_report,2026-09-04,0.4336,instrument_score_normalised
SYNTH-CRPF-01-338645,CRPF-01,leave,2026-09-04,0.7245,leave_denied_rate
SYNTH-CRPF-01-338645,CRPF-01,deployment,2026-09-04,0.3086,days_deployed_away_from_station
SYNTH-CRPF-01-338645,CRPF-01,duty_roster,2026-09-04,0.7791,consecutive_duty_days
SYNTH-CRPF-01-338645,CRPF-01,transfer,2026-09-04,0.25,postings_in_trailing_year
SYNTH-CRPF-01-338645,CRPF-01,training,2026-09-04,0.0,course_days_assigned
SYNTH-CRPF-01-338645,CRPF-01,workload,2026-09-04,0.5703,duty_hours_over_establishment
SYNTH-CRPF-01-338645,CRPF-01,self_report,2026-09-04,0.4175,instrument_score_normalised
SYNTH-CRPF-01-338645,CRPF-01,biometric,2026-09-04,0.4267,resting_heart_rate_trend
SYNTH-CRPF-01-243191,CRPF-01,leave,2026-09-04,0.4954,leave_denied_rate
SYNTH-CRPF-01-243191,CRPF-01,deployment,2026-09-04,0.2588,days_deployed_away_from_station
SYNTH-CRPF-01-243191,CRPF-01,duty_roster,2026-09-04,0.4754,consecutive_duty_days
SYNTH-CRPF-01-243191,CRPF-01,transfer,2026-09-04,0.25,postings_in_trailing_year
SYNTH-CRPF-01-243191,CRPF-01,training,2026-09-04,0.0,course_days_assigned
SYNTH-CRPF-01-243191,CRPF-01,workload,2026-09-04,0.6986,duty_hours_over_establishment
SYNTH-CRPF-01-636757,CRPF-01,leave,2026-09-04,0.6032,leave_denied_rate
SYNTH-CRPF-01-636757,CRPF-01,deployment,2026-09-04,0.2119,days_deployed_away_from_station
SYNTH-CRPF-01-636757,CRPF-01,duty_roster,2026-09-04,0.7858,consecutive_duty_days
SYNTH-CRPF-01-636757,CRPF-01,transfer,2026-09-04,0.75,postings_in_trailing_year
SYNTH-CRPF-01-636757,CRPF-01,training,2026-09-04,0.0,course_days_assigned
SYNTH-CRPF-01-636757,CRPF-01,workload,2026-09-04,0.7589,duty_hours_over_establishment
SYNTH-CRPF-01-636757,CRPF-01,self_report,2026-09-04,0.5907,instrument_score_normalised
SYNTH-CRPF-01-636757,CRPF-01,biometric,2026-09-04,0.211,resting_heart_rate_trend
SYNTH-CRPF-01-574283,CRPF-01,leave,2026-09-04,0.6092,leave_denied_rate
SYNTH-CRPF-01-574283,CRPF-01,deployment,2026-09-04,0.3153,days_deployed_away_from_station
SYNTH-CRPF-01-574283,CRPF-01,duty_roster,2026-09-04,0.438,consecutive_duty_days
SYNTH-CRPF-01-574283,CRPF-01,transfer,2026-09-04,0.75,postings_in_trailing_year
SYNTH-CRPF-01-574283,CRPF-01,training,2026-09-04,0.0,course_days_assigned
SYNTH-CRPF-01-574283,CRPF-01,workload,2026-09-04,0.764,duty_hours_over_establishment
SYNTH-CRPF-01-574283,CRPF-01,self_report,2026-09-04,0.1475,instrument_score_normalised
SYNTH-CRPF-01-574283,CRPF-01,biometric,2026-09-04,0.4275,resting_heart_rate_trend
SYNTH-CRPF-01-644727,CRPF-01,leave,2026-09-04,0.6951,leave_denied_rate
SYNTH-CRPF-01-644727,CRPF-01,deployment,2026-09-04,0.3297,days_deployed_away_from_station
SYNTH-CRPF-01-644727,CRPF-01,duty_roster,2026-09-04,0.7432,consecutive_duty_days
SYNTH-CRPF-01-644727,CRPF-01,transfer,2026-09-04,0.25,postings_in_trailing_year
SYNTH-CRPF-01-644727,CRPF-01,training,2026-09-04,0.0,course_days_assigned
SYNTH-CRPF-01-644727,CRPF-01,workload,2026-09-04,0.4919,duty_hours_over_establishment
SYNTH-CRPF-01-644727,CRPF-01,self_report,2026-09-04,0.3011,instrument_score_normalised
SYNTH-CRPF-01-644727,CRPF-01,biometric,2026-09-04,0.3564,resting_heart_rate_trend
SYNTH-CRPF-01-715262,CRPF-01,leave,2026-09-04,0.5825,leave_denied_rate
SYNTH-CRPF-01-715262,CRPF-01,deployment,2026-09-04,0.1571,days_deployed_away_from_station
SYNTH-CRPF-01-715262,CRPF-01,duty_roster,2026-09-04,0.54,consecutive_duty_days
SYNTH-CRPF-01-715262,CRPF-01,transfer,2026-09-04,0.75,postings_in_trailing_year
SYNTH-CRPF-01-715262,CRPF-01,training,2026-09-04,0.0,course_days_assigned
SYNTH-CRPF-01-715262,CRPF-01,workload,2026-09-04,0.6192,duty_hours_over_establishment
SYNTH-CRPF-01-715262,CRPF-01,self_report,2026-09-04,0.3206,instrument_score_normalised
SYNTH-CRPF-01-715262,CRPF-01,biometric,2026-09-04,0.4444,resting_heart_rate_trend
SYNTH-CRPF-01-358656,CRPF-01,leave,2026-09-04,0.6164,leave_denied_rate
SYNTH-CRPF-01-358656,CRPF-01,deployment,2026-09-04,0.2933,days_deployed_away_from_station
SYNTH-CRPF-01-358656,CRPF-01,duty_roster,2026-09-04,0.6319,consecutive_duty_days
SYNTH-CRPF-01-358656,CRPF-01,transfer,2026-09-04,0.25,postings_in_trailing_year
SYNTH-CRPF-01-358656,CRPF-01,training,2026-09-04,0.0,course_days_assigned
SYNTH-CRPF-01-358656,CRPF-01,workload,2026-09-04,0.8923,duty_hours_over_establishment
SYNTH-CRPF-01-358656,CRPF-01,self_report,2026-09-04,0.3089,instrument_score_normalised
SYNTH-CRPF-01-656700,CRPF-01,leave,2026-09-04,0.4791,leave_denied_rate
SYNTH-CRPF-01-656700,CRPF-01,deployment,2026-09-04,0.1685,days_deployed_away_from_station
SYNTH-CRPF-01-656700,CRPF-01,duty_roster,2026-09-04,0.6343,consecutive_duty_days
SYNTH-CRPF-01-656700,CRPF-01,transfer,2026-09-04,0.25,postings_in_trailing_year
SYNTH-CRPF-01-656700,CRPF-01,training,2026-09-04,0.0,course_days_assigned
SYNTH-CRPF-01-656700,CRPF-01,workload,2026-09-04,0.6377,duty_hours_over_establishment
SYNTH-CRPF-01-656700,CRPF-01,self_report,2026-09-04,0.375,instrument_score_normalised
SYNTH-CRPF-01-593651,CRPF-01,leave,2026-09-04,0.473,leave_denied_rate
SYNTH-CRPF-01-593651,CRPF-01,deployment,2026-09-04,0.1519,days_deployed_away_from_station
SYNTH-CRPF-01-593651,CRPF-01,duty_roster,2026-09-04,0.5583,consecutive_duty_days
SYNTH-CRPF-01-593651,CRPF-01,transfer,2026-09-04,0.25,postings_in_trailing_year
SYNTH-CRPF-01-593651,CRPF-01,training,2026-09-04,0.0,course_days_assigned
SYNTH-CRPF-01-593651,CRPF-01,workload,2026-09-04,0.5455,duty_hours_over_establishment
SYNTH-CRPF-01-593651,CRPF-01,self_report,2026-09-04,0.2456,instrument_score_normalised
SYNTH-CRPF-01-216293,CRPF-01,leave,2026-09-04,0.3885,leave_denied_rate
SYNTH-CRPF-01-216293,CRPF-01,deployment,2026-09-04,0.0871,days_deployed_away_from_station
SYNTH-CRPF-01-216293,CRPF-01,duty_roster,2026-09-04,0.4735,consecutive_duty_days
SYNTH-CRPF-01-216293,CRPF-01,transfer,2026-09-04,0.25,postings_in_trailing_year
SYNTH-CRPF-01-216293,CRPF-01,training,2026-09-04,0.0,course_days_assigned
SYNTH-CRPF-01-216293,CRPF-01,workload,2026-09-04,0.4757,duty_hours_over_establishment
SYNTH-CRPF-01-216293,CRPF-01,self_report,2026-09-04,0.1865,instrument_score_normalised
SYNTH-CRPF-01-216293,CRPF-01,biometric,2026-09-04,0.3355,resting_heart_rate_trend
SYNTH-CRPF-01-527314,CRPF-01,leave,2026-09-04,0.488,leave_denied_rate
SYNTH-CRPF-01-527314,CRPF-01,deployment,2026-09-04,0.2574,days_deployed_away_from_station
SYNTH-CRPF-01-527314,CRPF-01,duty_roster,2026-09-04,0.7791,consecutive_duty_days
SYNTH-CRPF-01-527314,CRPF-01,transfer,2026-09-04,0.75,postings_in_trailing_year
SYNTH-CRPF-01-527314,CRPF-01,training,2026-09-04,0.0,course_days_assigned
SYNTH-CRPF-01-527314,CRPF-01,workload,2026-09-04,0.701,duty_hours_over_establishment
SYNTH-CRPF-01-527314,CRPF-01,self_report,2026-09-04,0.289,instrument_score_normalised
SYNTH-CRPF-01-474667,CRPF-01,leave,2026-09-04,0.7773,leave_denied_rate
SYNTH-CRPF-01-474667,CRPF-01,deployment,2026-09-04,0.2615,days_deployed_away_from_station
SYNTH-CRPF-01-474667,CRPF-01,duty_roster,2026-09-04,0.7173,consecutive_duty_days
SYNTH-CRPF-01-474667,CRPF-01,transfer,2026-09-04,0.25,postings_in_trailing_year
SYNTH-CRPF-01-474667,CRPF-01,training,2026-09-04,0.0,course_days_assigned
SYNTH-CRPF-01-474667,CRPF-01,workload,2026-09-04,0.5505,duty_hours_over_establishment
SYNTH-CRPF-01-474667,CRPF-01,self_report,2026-09-04,0.4668,instrument_score_normalised
SYNTH-CRPF-01-832372,CRPF-01,leave,2026-09-04,0.7911,leave_denied_rate
SYNTH-CRPF-01-832372,CRPF-01,deployment,2026-09-04,0.2863,days_deployed_away_from_station
SYNTH-CRPF-01-832372,CRPF-01,duty_roster,2026-09-04,0.5051,consecutive_duty_days
SYNTH-CRPF-01-832372,CRPF-01,transfer,2026-09-04,0.25,postings_in_trailing_year
SYNTH-CRPF-01-832372,CRPF-01,training,2026-09-04,0.0,course_days_assigned
SYNTH-CRPF-01-832372,CRPF-01,workload,2026-09-04,0.5817,duty_hours_over_establishment
SYNTH-CRPF-01-832372,CRPF-01,biometric,2026-09-04,0.5416,resting_heart_rate_trend
SYNTH-CRPF-01-815310,CRPF-01,leave,2026-09-04,0.6024,leave_denied_rate
SYNTH-CRPF-01-815310,CRPF-01,deployment,2026-09-04,0.2943,days_deployed_away_from_station
SYNTH-CRPF-01-815310,CRPF-01,duty_roster,2026-09-04,0.5985,consecutive_duty_days
SYNTH-CRPF-01-815310,CRPF-01,transfer,2026-09-04,0.25,postings_in_trailing_year
SYNTH-CRPF-01-815310,CRPF-01,training,2026-09-04,0.0,course_days_assigned
SYNTH-CRPF-01-815310,CRPF-01,workload,2026-09-04,0.5273,duty_hours_over_establishment
SYNTH-CRPF-01-815310,CRPF-01,self_report,2026-09-04,0.1816,instrument_score_normalised
SYNTH-CRPF-01-815310,CRPF-01,biometric,2026-09-04,0.6484,resting_heart_rate_trend
SYNTH-CRPF-01-754761,CRPF-01,leave,2026-09-04,0.7067,leave_denied_rate
SYNTH-CRPF-01-754761,CRPF-01,deployment,2026-09-04,0.2377,days_deployed_away_from_station
SYNTH-CRPF-01-754761,CRPF-01,duty_roster,2026-09-04,0.5854,consecutive_duty_days
SYNTH-CRPF-01-754761,CRPF-01,transfer,2026-09-04,0.25,postings_in_trailing_year
SYNTH-CRPF-01-754761,CRPF-01,training,2026-09-04,1.0,course_days_assigned
SYNTH-CRPF-01-754761,CRPF-01,workload,2026-09-04,0.5471,duty_hours_over_establishment
SYNTH-CRPF-01-754761,CRPF-01,self_report,2026-09-04,0.2924,instrument_score_normalised
SYNTH-CRPF-01-167629,CRPF-01,leave,2026-09-04,0.4705,leave_denied_rate
SYNTH-CRPF-01-167629,CRPF-01,deployment,2026-09-04,0.2242,days_deployed_away_from_station
SYNTH-CRPF-01-167629,CRPF-01,duty_roster,2026-09-04,0.6475,consecutive_duty_days
SYNTH-CRPF-01-167629,CRPF-01,transfer,2026-09-04,0.25,postings_in_trailing_year
SYNTH-CRPF-01-167629,CRPF-01,training,2026-09-04,0.0,course_days_assigned
SYNTH-CRPF-01-167629,CRPF-01,workload,2026-09-04,0.4264,duty_hours_over_establishment
SYNTH-CRPF-01-167629,CRPF-01,self_report,2026-09-04,0.633,instrument_score_normalised
SYNTH-CRPF-01-167629,CRPF-01,biometric,2026-09-04,0.6292,resting_heart_rate_trend
SYNTH-CRPF-01-718427,CRPF-01,leave,2026-09-04,0.6217,leave_denied_rate
SYNTH-CRPF-01-718427,CRPF-01,deployment,2026-09-04,0.2989,days_deployed_away_from_station
SYNTH-CRPF-01-718427,CRPF-01,duty_roster,2026-09-04,0.7426,consecutive_duty_days
SYNTH-CRPF-01-718427,CRPF-01,transfer,2026-09-04,0.25,postings_in_trailing_year
SYNTH-CRPF-01-718427,CRPF-01,training,2026-09-04,0.0,course_days_assigned
SYNTH-CRPF-01-718427,CRPF-01,workload,2026-09-04,0.7673,duty_hours_over_establishment
SYNTH-CRPF-01-718427,CRPF-01,self_report,2026-09-04,0.3402,instrument_score_normalised
SYNTH-CRPF-01-604773,CRPF-01,leave,2026-09-04,0.6974,leave_denied_rate
SYNTH-CRPF-01-604773,CRPF-01,deployment,2026-09-04,0.3065,days_deployed_away_from_station
SYNTH-CRPF-01-604773,CRPF-01,duty_roster,2026-09-04,0.7611,consecutive_duty_days
SYNTH-CRPF-01-604773,CRPF-01,transfer,2026-09-04,0.25,postings_in_trailing_year
SYNTH-CRPF-01-604773,CRPF-01,training,2026-09-04,0.0,course_days_assigned
SYNTH-CRPF-01-604773,CRPF-01,workload,2026-09-04,0.7474,duty_hours_over_establishment
SYNTH-CRPF-01-604773,CRPF-01,self_report,2026-09-04,0.5429,instrument_score_normalised
SYNTH-CRPF-01-604773,CRPF-01,biometric,2026-09-04,0.6038,resting_heart_rate_trend
SYNTH-CRPF-01-729938,CRPF-01,leave,2026-09-04,0.5924,leave_denied_rate
SYNTH-CRPF-01-729938,CRPF-01,deployment,2026-09-04,0.2591,days_deployed_away_from_station
SYNTH-CRPF-01-729938,CRPF-01,duty_roster,2026-09-04,0.4628,consecutive_duty_days
SYNTH-CRPF-01-729938,CRPF-01,transfer,2026-09-04,0.25,postings_in_trailing_year
SYNTH-CRPF-01-729938,CRPF-01,training,2026-09-04,0.0,course_days_assigned
SYNTH-CRPF-01-729938,CRPF-01,workload,2026-09-04,0.5082,duty_hours_over_establishment
SYNTH-CRPF-01-729938,CRPF-01,self_report,2026-09-04,0.156,instrument_score_normalised
SYNTH-CRPF-01-729938,CRPF-01,biometric,2026-09-04,0.1334,resting_heart_rate_trend
SYNTH-CRPF-01-756224,CRPF-01,leave,2026-09-04,0.5675,leave_denied_rate
SYNTH-CRPF-01-756224,CRPF-01,deployment,2026-09-04,0.2483,days_deployed_away_from_station
SYNTH-CRPF-01-756224,CRPF-01,duty_roster,2026-09-04,0.7609,consecutive_duty_days
SYNTH-CRPF-01-756224,CRPF-01,transfer,2026-09-04,0.25,postings_in_trailing_year
SYNTH-CRPF-01-756224,CRPF-01,training,2026-09-04,0.0,course_days_assigned
SYNTH-CRPF-01-756224,CRPF-01,workload,2026-09-04,0.8035,duty_hours_over_establishment
SYNTH-CRPF-01-756224,CRPF-01,self_report,2026-09-04,0.2509,instrument_score_normalised
SYNTH-CRPF-01-756224,CRPF-01,biometric,2026-09-04,0.5932,resting_heart_rate_trend
SYNTH-CRPF-01-451738,CRPF-01,leave,2026-09-04,0.5206,leave_denied_rate
SYNTH-CRPF-01-451738,CRPF-01,deployment,2026-09-04,0.1418,days_deployed_away_from_station
SYNTH-CRPF-01-451738,CRPF-01,duty_roster,2026-09-04,0.3738,consecutive_duty_days
SYNTH-CRPF-01-451738,CRPF-01,transfer,2026-09-04,0.25,postings_in_trailing_year
SYNTH-CRPF-01-451738,CRPF-01,training,2026-09-04,0.0,course_days_assigned
SYNTH-CRPF-01-451738,CRPF-01,workload,2026-09-04,0.6282,duty_hours_over_establishment
SYNTH-CRPF-01-451738,CRPF-01,self_report,2026-09-04,0.2396,instrument_score_normalised
SYNTH-CRPF-01-451738,CRPF-01,biometric,2026-09-04,0.2716,resting_heart_rate_trend
SYNTH-CRPF-01-844162,CRPF-01,leave,2026-09-04,0.4569,leave_denied_rate
SYNTH-CRPF-01-844162,CRPF-01,deployment,2026-09-04,0.2314,days_deployed_away_from_station
SYNTH-CRPF-01-844162,CRPF-01,duty_roster,2026-09-04,0.7312,consecutive_duty_days
SYNTH-CRPF-01-844162,CRPF-01,transfer,2026-09-04,0.25,postings_in_trailing_year
SYNTH-CRPF-01-844162,CRPF-01,training,2026-09-04,1.0,course_days_assigned
SYNTH-CRPF-01-844162,CRPF-01,workload,2026-09-04,0.5436,duty_hours_over_establishment
SYNTH-CRPF-01-580653,CRPF-01,leave,2026-09-04,0.5972,leave_denied_rate
SYNTH-CRPF-01-580653,CRPF-01,deployment,2026-09-04,0.2026,days_deployed_away_from_station
SYNTH-CRPF-01-580653,CRPF-01,duty_roster,2026-09-04,0.4354,consecutive_duty_days
SYNTH-CRPF-01-580653,CRPF-01,transfer,2026-09-04,0.25,postings_in_trailing_year
SYNTH-CRPF-01-580653,CRPF-01,training,2026-09-04,0.0,course_days_assigned
SYNTH-CRPF-01-580653,CRPF-01,workload,2026-09-04,0.6699,duty_hours_over_establishment
SYNTH-CRPF-01-580653,CRPF-01,self_report,2026-09-04,0.2528,instrument_score_normalised
SYNTH-CRPF-01-580653,CRPF-01,biometric,2026-09-04,0.4628,resting_heart_rate_trend
SYNTH-CRPF-01-284719,CRPF-01,leave,2026-09-04,0.5608,leave_denied_rate
SYNTH-CRPF-01-284719,CRPF-01,deployment,2026-09-04,0.2322,days_deployed_away_from_station
SYNTH-CRPF-01-284719,CRPF-01,duty_roster,2026-09-04,0.6624,consecutive_duty_days
SYNTH-CRPF-01-284719,CRPF-01,transfer,2026-09-04,0.25,postings_in_trailing_year
SYNTH-CRPF-01-284719,CRPF-01,training,2026-09-04,0.0,course_days_assigned
SYNTH-CRPF-01-284719,CRPF-01,workload,2026-09-04,0.553,duty_hours_over_establishment
SYNTH-CRPF-01-284719,CRPF-01,self_report,2026-09-04,0.423,instrument_score_normalised
SYNTH-CRPF-01-762754,CRPF-01,leave,2026-09-04,0.7009,leave_denied_rate
SYNTH-CRPF-01-762754,CRPF-01,deployment,2026-09-04,0.2699,days_deployed_away_from_station
SYNTH-CRPF-01-762754,CRPF-01,duty_roster,2026-09-04,0.8003,consecutive_duty_days
SYNTH-CRPF-01-762754,CRPF-01,transfer,2026-09-04,0.25,postings_in_trailing_year
SYNTH-CRPF-01-762754,CRPF-01,training,2026-09-04,0.0,course_days_assigned
SYNTH-CRPF-01-762754,CRPF-01,workload,2026-09-04,0.8502,duty_hours_over_establishment
SYNTH-CRPF-01-762754,CRPF-01,self_report,2026-09-04,0.54,instrument_score_normalised
SYNTH-CRPF-01-795642,CRPF-01,leave,2026-09-04,0.4778,leave_denied_rate
SYNTH-CRPF-01-795642,CRPF-01,deployment,2026-09-04,0.2988,days_deployed_away_from_station
SYNTH-CRPF-01-795642,CRPF-01,duty_roster,2026-09-04,0.6121,consecutive_duty_days
SYNTH-CRPF-01-795642,CRPF-01,transfer,2026-09-04,0.75,postings_in_trailing_year
SYNTH-CRPF-01-795642,CRPF-01,training,2026-09-04,0.0,course_days_assigned
SYNTH-CRPF-01-795642,CRPF-01,workload,2026-09-04,0.7661,duty_hours_over_establishment
SYNTH-CRPF-01-795642,CRPF-01,self_report,2026-09-04,0.3926,instrument_score_normalised
SYNTH-CRPF-01-795642,CRPF-01,biometric,2026-09-04,0.4837,resting_heart_rate_trend
SYNTH-CRPF-01-325702,CRPF-01,leave,2026-09-04,0.6938,leave_denied_rate
SYNTH-CRPF-01-325702,CRPF-01,deployment,2026-09-04,0.1912,days_deployed_away_from_station
SYNTH-CRPF-01-325702,CRPF-01,duty_roster,2026-09-04,0.7025,consecutive_duty_days
SYNTH-CRPF-01-325702,CRPF-01,transfer,2026-09-04,0.75,postings_in_trailing_year
SYNTH-CRPF-01-325702,CRPF-01,training,2026-09-04,0.0,course_days_assigned
SYNTH-CRPF-01-325702,CRPF-01,workload,2026-09-04,0.5923,duty_hours_over_establishment
SYNTH-CRPF-01-325702,CRPF-01,self_report,2026-09-04,0.5198,instrument_score_normalised
SYNTH-CRPF-01-325702,CRPF-01,biometric,2026-09-04,0.5763,resting_heart_rate_trend
SYNTH-CRPF-01-141467,CRPF-01,leave,2026-09-04,0.5199,leave_denied_rate
SYNTH-CRPF-01-141467,CRPF-01,deployment,2026-09-04,0.2193,days_deployed_away_from_station
SYNTH-CRPF-01-141467,CRPF-01,duty_roster,2026-09-04,0.4424,consecutive_duty_days
SYNTH-CRPF-01-141467,CRPF-01,transfer,2026-09-04,0.75,postings_in_trailing_year
SYNTH-CRPF-01-141467,CRPF-01,training,2026-09-04,0.0,course_days_assigned
SYNTH-CRPF-01-141467,CRPF-01,workload,2026-09-04,0.7366,duty_hours_over_establishment
SYNTH-CRPF-01-141467,CRPF-01,self_report,2026-09-04,0.3613,instrument_score_normalised
SYNTH-CRPF-01-897343,CRPF-01,leave,2026-09-04,0.7932,leave_denied_rate
SYNTH-CRPF-01-897343,CRPF-01,deployment,2026-09-04,0.2841,days_deployed_away_from_station
SYNTH-CRPF-01-897343,CRPF-01,duty_roster,2026-09-04,0.4885,consecutive_duty_days
SYNTH-CRPF-01-897343,CRPF-01,transfer,2026-09-04,0.25,postings_in_trailing_year
SYNTH-CRPF-01-897343,CRPF-01,training,2026-09-04,0.0,course_days_assigned
SYNTH-CRPF-01-897343,CRPF-01,workload,2026-09-04,0.6894,duty_hours_over_establishment
SYNTH-CRPF-01-897343,CRPF-01,self_report,2026-09-04,0.1265,instrument_score_normalised
SYNTH-CRPF-01-469842,CRPF-01,leave,2026-09-04,0.6568,leave_denied_rate
SYNTH-CRPF-01-469842,CRPF-01,deployment,2026-09-04,0.1956,days_deployed_away_from_station
SYNTH-CRPF-01-469842,CRPF-01,duty_roster,2026-09-04,0.7313,consecutive_duty_days
SYNTH-CRPF-01-469842,CRPF-01,transfer,2026-09-04,0.25,postings_in_trailing_year
SYNTH-CRPF-01-469842,CRPF-01,training,2026-09-04,0.0,course_days_assigned
SYNTH-CRPF-01-469842,CRPF-01,workload,2026-09-04,0.5262,duty_hours_over_establishment
SYNTH-CRPF-01-469842,CRPF-01,self_report,2026-09-04,0.2819,instrument_score_normalised
SYNTH-CRPF-01-469842,CRPF-01,biometric,2026-09-04,0.3384,resting_heart_rate_trend
SYNTH-CRPF-01-807326,CRPF-01,leave,2026-09-04,0.4598,leave_denied_rate
SYNTH-CRPF-01-807326,CRPF-01,deployment,2026-09-04,0.1264,days_deployed_away_from_station
SYNTH-CRPF-01-807326,CRPF-01,duty_roster,2026-09-04,0.3266,consecutive_duty_days
SYNTH-CRPF-01-807326,CRPF-01,transfer,2026-09-04,0.25,postings_in_trailing_year
SYNTH-CRPF-01-807326,CRPF-01,training,2026-09-04,0.0,course_days_assigned
SYNTH-CRPF-01-807326,CRPF-01,workload,2026-09-04,0.4981,duty_hours_over_establishment
SYNTH-CRPF-01-807326,CRPF-01,biometric,2026-09-04,0.2763,resting_heart_rate_trend
SYNTH-CRPF-01-609082,CRPF-01,leave,2026-09-04,0.4453,leave_denied_rate
SYNTH-CRPF-01-609082,CRPF-01,deployment,2026-09-04,0.1743,days_deployed_away_from_station
SYNTH-CRPF-01-609082,CRPF-01,duty_roster,2026-09-04,0.4678,consecutive_duty_days
SYNTH-CRPF-01-609082,CRPF-01,transfer,2026-09-04,0.25,postings_in_trailing_year
SYNTH-CRPF-01-609082,CRPF-01,training,2026-09-04,0.0,course_days_assigned
SYNTH-CRPF-01-609082,CRPF-01,workload,2026-09-04,0.5094,duty_hours_over_establishment
SYNTH-CRPF-01-609082,CRPF-01,self_report,2026-09-04,0.479,instrument_score_normalised
SYNTH-CRPF-01-609082,CRPF-01,biometric,2026-09-04,0.6298,resting_heart_rate_trend
SYNTH-CRPF-01-106660,CRPF-01,leave,2026-09-04,0.4971,leave_denied_rate
SYNTH-CRPF-01-106660,CRPF-01,deployment,2026-09-04,0.0661,days_deployed_away_from_station
SYNTH-CRPF-01-106660,CRPF-01,duty_roster,2026-09-04,0.6117,consecutive_duty_days
SYNTH-CRPF-01-106660,CRPF-01,transfer,2026-09-04,0.25,postings_in_trailing_year
SYNTH-CRPF-01-106660,CRPF-01,training,2026-09-04,0.0,course_days_assigned
SYNTH-CRPF-01-106660,CRPF-01,workload,2026-09-04,0.3685,duty_hours_over_establishment
SYNTH-CRPF-01-106660,CRPF-01,self_report,2026-09-04,0.3229,instrument_score_normalised
SYNTH-CRPF-01-705651,CRPF-01,leave,2026-09-04,0.6804,leave_denied_rate
SYNTH-CRPF-01-705651,CRPF-01,deployment,2026-09-04,0.2338,days_deployed_away_from_station
SYNTH-CRPF-01-705651,CRPF-01,duty_roster,2026-09-04,0.6768,consecutive_duty_days
SYNTH-CRPF-01-705651,CRPF-01,transfer,2026-09-04,0.25,postings_in_trailing_year
SYNTH-CRPF-01-705651,CRPF-01,training,2026-09-04,0.0,course_days_assigned
SYNTH-CRPF-01-705651,CRPF-01,workload,2026-09-04,0.5554,duty_hours_over_establishment
SYNTH-CRPF-01-705651,CRPF-01,self_report,2026-09-04,0.3814,instrument_score_normalised
SYNTH-CRPF-01-611475,CRPF-01,leave,2026-09-04,0.6882,leave_denied_rate
SYNTH-CRPF-01-611475,CRPF-01,deployment,2026-09-04,0.2074,days_deployed_away_from_station
SYNTH-CRPF-01-611475,CRPF-01,duty_roster,2026-09-04,0.535,consecutive_duty_days
SYNTH-CRPF-01-611475,CRPF-01,transfer,2026-09-04,0.75,postings_in_trailing_year
SYNTH-CRPF-01-611475,CRPF-01,training,2026-09-04,0.0,course_days_assigned
SYNTH-CRPF-01-611475,CRPF-01,workload,2026-09-04,0.7273,duty_hours_over_establishment
SYNTH-CRPF-01-108044,CRPF-01,leave,2026-09-04,0.7847,leave_denied_rate
SYNTH-CRPF-01-108044,CRPF-01,deployment,2026-09-04,0.2204,days_deployed_away_from_station
SYNTH-CRPF-01-108044,CRPF-01,duty_roster,2026-09-04,0.7241,consecutive_duty_days
SYNTH-CRPF-01-108044,CRPF-01,transfer,2026-09-04,0.75,postings_in_trailing_year
SYNTH-CRPF-01-108044,CRPF-01,training,2026-09-04,0.0,course_days_assigned
SYNTH-CRPF-01-108044,CRPF-01,workload,2026-09-04,0.7905,duty_hours_over_establishment
SYNTH-CRPF-01-108044,CRPF-01,biometric,2026-09-04,0.4632,resting_heart_rate_trend
SYNTH-CRPF-01-222999,CRPF-01,leave,2026-09-04,0.6833,leave_denied_rate
SYNTH-CRPF-01-222999,CRPF-01,deployment,2026-09-04,0.2547,days_deployed_away_from_station
SYNTH-CRPF-01-222999,CRPF-01,duty_roster,2026-09-04,0.5797,consecutive_duty_days
SYNTH-CRPF-01-222999,CRPF-01,transfer,2026-09-04,0.25,postings_in_trailing_year
SYNTH-CRPF-01-222999,CRPF-01,training,2026-09-04,0.0,course_days_assigned
SYNTH-CRPF-01-222999,CRPF-01,workload,2026-09-04,0.7388,duty_hours_over_establishment
SYNTH-CRPF-01-577281,CRPF-01,leave,2026-09-04,0.5734,leave_denied_rate
SYNTH-CRPF-01-577281,CRPF-01,deployment,2026-09-04,0.2643,days_deployed_away_from_station
SYNTH-CRPF-01-577281,CRPF-01,duty_roster,2026-09-04,0.6367,consecutive_duty_days
SYNTH-CRPF-01-577281,CRPF-01,transfer,2026-09-04,0.25,postings_in_trailing_year
SYNTH-CRPF-01-577281,CRPF-01,training,2026-09-04,0.0,course_days_assigned
SYNTH-CRPF-01-577281,CRPF-01,workload,2026-09-04,0.6839,duty_hours_over_establishment
SYNTH-CRPF-01-577281,CRPF-01,self_report,2026-09-04,0.2937,instrument_score_normalised
SYNTH-CRPF-01-918975,CRPF-01,leave,2026-09-04,0.6096,leave_denied_rate
SYNTH-CRPF-01-918975,CRPF-01,deployment,2026-09-04,0.0786,days_deployed_away_from_station
SYNTH-CRPF-01-918975,CRPF-01,duty_roster,2026-09-04,0.5857,consecutive_duty_days
SYNTH-CRPF-01-918975,CRPF-01,transfer,2026-09-04,0.25,postings_in_trailing_year
SYNTH-CRPF-01-918975,CRPF-01,training,2026-09-04,0.0,course_days_assigned
SYNTH-CRPF-01-918975,CRPF-01,workload,2026-09-04,0.4733,duty_hours_over_establishment
SYNTH-CRPF-01-918975,CRPF-01,self_report,2026-09-04,0.5407,instrument_score_normalised
SYNTH-CRPF-01-918975,CRPF-01,biometric,2026-09-04,0.1079,resting_heart_rate_trend
SYNTH-CRPF-01-649813,CRPF-01,leave,2026-09-04,0.5274,leave_denied_rate
SYNTH-CRPF-01-649813,CRPF-01,deployment,2026-09-04,0.0909,days_deployed_away_from_station
SYNTH-CRPF-01-649813,CRPF-01,duty_roster,2026-09-04,0.5459,consecutive_duty_days
SYNTH-CRPF-01-649813,CRPF-01,transfer,2026-09-04,0.25,postings_in_trailing_year
SYNTH-CRPF-01-649813,CRPF-01,training,2026-09-04,0.0,course_days_assigned
SYNTH-CRPF-01-649813,CRPF-01,workload,2026-09-04,0.4439,duty_hours_over_establishment
SYNTH-CRPF-01-649813,CRPF-01,self_report,2026-09-04,0.3294,instrument_score_normalised
SYNTH-CRPF-01-484140,CRPF-01,leave,2026-09-04,0.7479,leave_denied_rate
SYNTH-CRPF-01-484140,CRPF-01,deployment,2026-09-04,0.2526,days_deployed_away_from_station
SYNTH-CRPF-01-484140,CRPF-01,duty_roster,2026-09-04,0.5628,consecutive_duty_days
SYNTH-CRPF-01-484140,CRPF-01,transfer,2026-09-04,0.25,postings_in_trailing_year
SYNTH-CRPF-01-484140,CRPF-01,training,2026-09-04,0.0,course_days_assigned
SYNTH-CRPF-01-484140,CRPF-01,workload,2026-09-04,0.5558,duty_hours_over_establishment
SYNTH-CRPF-01-484140,CRPF-01,biometric,2026-09-04,0.6284,resting_heart_rate_trend
SYNTH-CRPF-01-104245,CRPF-01,leave,2026-09-04,0.4915,leave_denied_rate
SYNTH-CRPF-01-104245,CRPF-01,deployment,2026-09-04,0.076,days_deployed_away_from_station
SYNTH-CRPF-01-104245,CRPF-01,duty_roster,2026-09-04,0.3714,consecutive_duty_days
SYNTH-CRPF-01-104245,CRPF-01,transfer,2026-09-04,0.75,postings_in_trailing_year
SYNTH-CRPF-01-104245,CRPF-01,training,2026-09-04,0.0,course_days_assigned
SYNTH-CRPF-01-104245,CRPF-01,workload,2026-09-04,0.4842,duty_hours_over_establishment
SYNTH-CRPF-01-104245,CRPF-01,self_report,2026-09-04,0.3083,instrument_score_normalised
SYNTH-CRPF-01-569243,CRPF-01,leave,2026-09-04,0.7058,leave_denied_rate
SYNTH-CRPF-01-569243,CRPF-01,deployment,2026-09-04,0.2758,days_deployed_away_from_station
SYNTH-CRPF-01-569243,CRPF-01,duty_roster,2026-09-04,0.5606,consecutive_duty_days
SYNTH-CRPF-01-569243,CRPF-01,transfer,2026-09-04,0.25,postings_in_trailing_year
SYNTH-CRPF-01-569243,CRPF-01,training,2026-09-04,0.0,course_days_assigned
SYNTH-CRPF-01-569243,CRPF-01,workload,2026-09-04,0.6594,duty_hours_over_establishment
SYNTH-CRPF-01-569243,CRPF-01,biometric,2026-09-04,0.2914,resting_heart_rate_trend
SYNTH-CRPF-01-854607,CRPF-01,leave,2026-09-04,0.6445,leave_denied_rate
SYNTH-CRPF-01-854607,CRPF-01,deployment,2026-09-04,0.1405,days_deployed_away_from_station
SYNTH-CRPF-01-854607,CRPF-01,duty_roster,2026-09-04,0.5512,consecutive_duty_days
SYNTH-CRPF-01-854607,CRPF-01,transfer,2026-09-04,0.25,postings_in_trailing_year
SYNTH-CRPF-01-854607,CRPF-01,training,2026-09-04,0.0,course_days_assigned
SYNTH-CRPF-01-854607,CRPF-01,workload,2026-09-04,0.4184,duty_hours_over_establishment
SYNTH-CRPF-01-854607,CRPF-01,self_report,2026-09-04,0.6657,instrument_score_normalised
SYNTH-CRPF-01-854607,CRPF-01,biometric,2026-09-04,0.2523,resting_heart_rate_trend
SYNTH-CRPF-01-110151,CRPF-01,leave,2026-09-04,0.6843,leave_denied_rate
SYNTH-CRPF-01-110151,CRPF-01,deployment,2026-09-04,0.1883,days_deployed_away_from_station
SYNTH-CRPF-01-110151,CRPF-01,duty_roster,2026-09-04,0.6076,consecutive_duty_days
SYNTH-CRPF-01-110151,CRPF-01,transfer,2026-09-04,0.25,postings_in_trailing_year
SYNTH-CRPF-01-110151,CRPF-01,training,2026-09-04,0.0,course_days_assigned
SYNTH-CRPF-01-110151,CRPF-01,workload,2026-09-04,0.5577,duty_hours_over_establishment
SYNTH-CRPF-01-110151,CRPF-01,self_report,2026-09-04,0.0785,instrument_score_normalised
SYNTH-CRPF-01-110151,CRPF-01,biometric,2026-09-04,0.3516,resting_heart_rate_trend
SYNTH-CRPF-01-930909,CRPF-01,leave,2026-09-04,0.5914,leave_denied_rate
SYNTH-CRPF-01-930909,CRPF-01,deployment,2026-09-04,0.2397,days_deployed_away_from_station
SYNTH-CRPF-01-930909,CRPF-01,duty_roster,2026-09-04,0.7224,consecutive_duty_days
SYNTH-CRPF-01-930909,CRPF-01,transfer,2026-09-04,0.25,postings_in_trailing_year
SYNTH-CRPF-01-930909,CRPF-01,training,2026-09-04,0.0,course_days_assigned
SYNTH-CRPF-01-930909,CRPF-01,workload,2026-09-04,0.744,duty_hours_over_establishment
SYNTH-CRPF-01-273415,CRPF-01,leave,2026-09-04,0.8327,leave_denied_rate
SYNTH-CRPF-01-273415,CRPF-01,deployment,2026-09-04,0.287,days_deployed_away_from_station
SYNTH-CRPF-01-273415,CRPF-01,duty_roster,2026-09-04,0.6253,consecutive_duty_days
SYNTH-CRPF-01-273415,CRPF-01,transfer,2026-09-04,0.25,postings_in_trailing_year
SYNTH-CRPF-01-273415,CRPF-01,training,2026-09-04,0.0,course_days_assigned
SYNTH-CRPF-01-273415,CRPF-01,workload,2026-09-04,0.7943,duty_hours_over_establishment
SYNTH-CRPF-01-861647,CRPF-01,leave,2026-09-04,0.6041,leave_denied_rate
SYNTH-CRPF-01-861647,CRPF-01,deployment,2026-09-04,0.1842,days_deployed_away_from_station
SYNTH-CRPF-01-861647,CRPF-01,duty_roster,2026-09-04,0.6956,consecutive_duty_days
SYNTH-CRPF-01-861647,CRPF-01,transfer,2026-09-04,0.25,postings_in_trailing_year
SYNTH-CRPF-01-861647,CRPF-01,training,2026-09-04,0.0,course_days_assigned
SYNTH-CRPF-01-861647,CRPF-01,workload,2026-09-04,0.426,duty_hours_over_establishment
SYNTH-CRPF-01-470063,CRPF-01,leave,2026-09-04,0.787,leave_denied_rate
SYNTH-CRPF-01-470063,CRPF-01,deployment,2026-09-04,0.3118,days_deployed_away_from_station
SYNTH-CRPF-01-470063,CRPF-01,duty_roster,2026-09-04,0.79,consecutive_duty_days
SYNTH-CRPF-01-470063,CRPF-01,transfer,2026-09-04,0.25,postings_in_trailing_year
SYNTH-CRPF-01-470063,CRPF-01,training,2026-09-04,0.0,course_days_assigned
SYNTH-CRPF-01-470063,CRPF-01,workload,2026-09-04,0.5792,duty_hours_over_establishment
SYNTH-CRPF-01-470063,CRPF-01,self_report,2026-09-04,0.2074,instrument_score_normalised
SYNTH-CRPF-01-597353,CRPF-01,leave,2026-09-04,0.6946,leave_denied_rate
SYNTH-CRPF-01-597353,CRPF-01,deployment,2026-09-04,0.2518,days_deployed_away_from_station
SYNTH-CRPF-01-597353,CRPF-01,duty_roster,2026-09-04,0.6989,consecutive_duty_days
SYNTH-CRPF-01-597353,CRPF-01,transfer,2026-09-04,0.75,postings_in_trailing_year
SYNTH-CRPF-01-597353,CRPF-01,training,2026-09-04,0.0,course_days_assigned
SYNTH-CRPF-01-597353,CRPF-01,workload,2026-09-04,0.5216,duty_hours_over_establishment
SYNTH-CRPF-01-597353,CRPF-01,self_report,2026-09-04,0.2068,instrument_score_normalised
SYNTH-CRPF-01-398737,CRPF-01,leave,2026-09-04,0.339,leave_denied_rate
SYNTH-CRPF-01-398737,CRPF-01,deployment,2026-09-04,0.0875,days_deployed_away_from_station
SYNTH-CRPF-01-398737,CRPF-01,duty_roster,2026-09-04,0.4455,consecutive_duty_days
SYNTH-CRPF-01-398737,CRPF-01,transfer,2026-09-04,0.25,postings_in_trailing_year
SYNTH-CRPF-01-398737,CRPF-01,training,2026-09-04,0.0,course_days_assigned
SYNTH-CRPF-01-398737,CRPF-01,workload,2026-09-04,0.4989,duty_hours_over_establishment
SYNTH-CRPF-01-398737,CRPF-01,self_report,2026-09-04,0.0872,instrument_score_normalised
SYNTH-CRPF-01-717918,CRPF-01,leave,2026-09-04,0.8113,leave_denied_rate
SYNTH-CRPF-01-717918,CRPF-01,deployment,2026-09-04,0.322,days_deployed_away_from_station
SYNTH-CRPF-01-717918,CRPF-01,duty_roster,2026-09-04,0.8203,consecutive_duty_days
SYNTH-CRPF-01-717918,CRPF-01,transfer,2026-09-04,0.75,postings_in_trailing_year
SYNTH-CRPF-01-717918,CRPF-01,training,2026-09-04,0.0,course_days_assigned
SYNTH-CRPF-01-717918,CRPF-01,workload,2026-09-04,0.8739,duty_hours_over_establishment
SYNTH-CRPF-01-717918,CRPF-01,self_report,2026-09-04,0.289,instrument_score_normalised
SYNTH-CRPF-01-246532,CRPF-01,leave,2026-09-04,0.7618,leave_denied_rate
SYNTH-CRPF-01-246532,CRPF-01,deployment,2026-09-04,0.3041,days_deployed_away_from_station
SYNTH-CRPF-01-246532,CRPF-01,duty_roster,2026-09-04,0.5856,consecutive_duty_days
SYNTH-CRPF-01-246532,CRPF-01,transfer,2026-09-04,0.25,postings_in_trailing_year
SYNTH-CRPF-01-246532,CRPF-01,training,2026-09-04,0.0,course_days_assigned
SYNTH-CRPF-01-246532,CRPF-01,workload,2026-09-04,0.8189,duty_hours_over_establishment
SYNTH-CRPF-01-246532,CRPF-01,self_report,2026-09-04,0.1632,instrument_score_normalised
SYNTH-CRPF-01-246532,CRPF-01,biometric,2026-09-04,0.1657,resting_heart_rate_trend
SYNTH-CRPF-01-742992,CRPF-01,leave,2026-09-04,0.6652,leave_denied_rate
SYNTH-CRPF-01-742992,CRPF-01,deployment,2026-09-04,0.093,days_deployed_away_from_station
SYNTH-CRPF-01-742992,CRPF-01,duty_roster,2026-09-04,0.5863,consecutive_duty_days
SYNTH-CRPF-01-742992,CRPF-01,transfer,2026-09-04,0.25,postings_in_trailing_year
SYNTH-CRPF-01-742992,CRPF-01,training,2026-09-04,0.0,course_days_assigned
SYNTH-CRPF-01-742992,CRPF-01,workload,2026-09-04,0.4621,duty_hours_over_establishment
SYNTH-CRPF-01-865163,CRPF-01,leave,2026-09-04,0.4312,leave_denied_rate
SYNTH-CRPF-01-865163,CRPF-01,deployment,2026-09-04,0.1804,days_deployed_away_from_station
SYNTH-CRPF-01-865163,CRPF-01,duty_roster,2026-09-04,0.4922,consecutive_duty_days
SYNTH-CRPF-01-865163,CRPF-01,transfer,2026-09-04,0.25,postings_in_trailing_year
SYNTH-CRPF-01-865163,CRPF-01,training,2026-09-04,0.0,course_days_assigned
SYNTH-CRPF-01-865163,CRPF-01,workload,2026-09-04,0.5403,duty_hours_over_establishment
SYNTH-CRPF-01-865163,CRPF-01,self_report,2026-09-04,0.2567,instrument_score_normalised
SYNTH-CRPF-01-865163,CRPF-01,biometric,2026-09-04,0.0779,resting_heart_rate_trend
SYNTH-CRPF-01-966380,CRPF-01,leave,2026-09-04,0.7824,leave_denied_rate
SYNTH-CRPF-01-966380,CRPF-01,deployment,2026-09-04,0.3016,days_deployed_away_from_station
SYNTH-CRPF-01-966380,CRPF-01,duty_roster,2026-09-04,0.5874,consecutive_duty_days
SYNTH-CRPF-01-966380,CRPF-01,transfer,2026-09-04,0.25,postings_in_trailing_year
SYNTH-CRPF-01-966380,CRPF-01,training,2026-09-04,0.0,course_days_assigned
SYNTH-CRPF-01-966380,CRPF-01,workload,2026-09-04,0.6975,duty_hours_over_establishment
SYNTH-CRPF-01-391839,CRPF-01,leave,2026-09-04,0.2866,leave_denied_rate
SYNTH-CRPF-01-391839,CRPF-01,deployment,2026-09-04,0.0406,days_deployed_away_from_station
SYNTH-CRPF-01-391839,CRPF-01,duty_roster,2026-09-04,0.427,consecutive_duty_days
SYNTH-CRPF-01-391839,CRPF-01,transfer,2026-09-04,0.25,postings_in_trailing_year
SYNTH-CRPF-01-391839,CRPF-01,training,2026-09-04,0.0,course_days_assigned
SYNTH-CRPF-01-391839,CRPF-01,workload,2026-09-04,0.236,duty_hours_over_establishment
SYNTH-CRPF-01-668662,CRPF-01,leave,2026-09-04,0.6273,leave_denied_rate
SYNTH-CRPF-01-668662,CRPF-01,deployment,2026-09-04,0.105,days_deployed_away_from_station
SYNTH-CRPF-01-668662,CRPF-01,duty_roster,2026-09-04,0.6491,consecutive_duty_days
SYNTH-CRPF-01-668662,CRPF-01,transfer,2026-09-04,0.25,postings_in_trailing_year
SYNTH-CRPF-01-668662,CRPF-01,training,2026-09-04,0.0,course_days_assigned
SYNTH-CRPF-01-668662,CRPF-01,workload,2026-09-04,0.5079,duty_hours_over_establishment
SYNTH-CRPF-01-668662,CRPF-01,self_report,2026-09-04,0.4507,instrument_score_normalised
SYNTH-CRPF-01-668662,CRPF-01,biometric,2026-09-04,0.2589,resting_heart_rate_trend
SYNTH-CRPF-01-472369,CRPF-01,leave,2026-09-04,0.7026,leave_denied_rate
SYNTH-CRPF-01-472369,CRPF-01,deployment,2026-09-04,0.1795,days_deployed_away_from_station
SYNTH-CRPF-01-472369,CRPF-01,duty_roster,2026-09-04,0.641,consecutive_duty_days
SYNTH-CRPF-01-472369,CRPF-01,transfer,2026-09-04,0.75,postings_in_trailing_year
SYNTH-CRPF-01-472369,CRPF-01,training,2026-09-04,0.0,course_days_assigned
SYNTH-CRPF-01-472369,CRPF-01,workload,2026-09-04,0.4141,duty_hours_over_establishment
SYNTH-CRPF-01-472369,CRPF-01,self_report,2026-09-04,0.6429,instrument_score_normalised
SYNTH-CRPF-01-128517,CRPF-01,leave,2026-09-04,0.6163,leave_denied_rate
SYNTH-CRPF-01-128517,CRPF-01,deployment,2026-09-04,0.2537,days_deployed_away_from_station
SYNTH-CRPF-01-128517,CRPF-01,duty_roster,2026-09-04,0.6421,consecutive_duty_days
SYNTH-CRPF-01-128517,CRPF-01,transfer,2026-09-04,0.75,postings_in_trailing_year
SYNTH-CRPF-01-128517,CRPF-01,training,2026-09-04,0.0,course_days_assigned
SYNTH-CRPF-01-128517,CRPF-01,workload,2026-09-04,0.5595,duty_hours_over_establishment
SYNTH-CRPF-01-128517,CRPF-01,self_report,2026-09-04,0.4866,instrument_score_normalised
SYNTH-CRPF-01-948893,CRPF-01,leave,2026-09-04,0.4823,leave_denied_rate
SYNTH-CRPF-01-948893,CRPF-01,deployment,2026-09-04,0.2516,days_deployed_away_from_station
SYNTH-CRPF-01-948893,CRPF-01,duty_roster,2026-09-04,0.4619,consecutive_duty_days
SYNTH-CRPF-01-948893,CRPF-01,transfer,2026-09-04,0.25,postings_in_trailing_year
SYNTH-CRPF-01-948893,CRPF-01,training,2026-09-04,0.0,course_days_assigned
SYNTH-CRPF-01-948893,CRPF-01,workload,2026-09-04,0.5894,duty_hours_over_establishment
SYNTH-CRPF-01-948893,CRPF-01,self_report,2026-09-04,0.4482,instrument_score_normalised
SYNTH-CRPF-01-916568,CRPF-01,leave,2026-09-04,0.7356,leave_denied_rate
SYNTH-CRPF-01-916568,CRPF-01,deployment,2026-09-04,0.3043,days_deployed_away_from_station
SYNTH-CRPF-01-916568,CRPF-01,duty_roster,2026-09-04,0.6392,consecutive_duty_days
SYNTH-CRPF-01-916568,CRPF-01,transfer,2026-09-04,0.75,postings_in_trailing_year
SYNTH-CRPF-01-916568,CRPF-01,training,2026-09-04,0.0,course_days_assigned
SYNTH-CRPF-01-916568,CRPF-01,workload,2026-09-04,0.7892,duty_hours_over_establishment
SYNTH-CRPF-01-916568,CRPF-01,biometric,2026-09-04,0.4327,resting_heart_rate_trend
SYNTH-CRPF-01-430355,CRPF-01,leave,2026-09-04,0.507,leave_denied_rate
SYNTH-CRPF-01-430355,CRPF-01,deployment,2026-09-04,0.2717,days_deployed_away_from_station
SYNTH-CRPF-01-430355,CRPF-01,duty_roster,2026-09-04,0.6885,consecutive_duty_days
SYNTH-CRPF-01-430355,CRPF-01,transfer,2026-09-04,0.25,postings_in_trailing_year
SYNTH-CRPF-01-430355,CRPF-01,training,2026-09-04,0.0,course_days_assigned
SYNTH-CRPF-01-430355,CRPF-01,workload,2026-09-04,0.4946,duty_hours_over_establishment
SYNTH-CRPF-01-430355,CRPF-01,self_report,2026-09-04,0.321,instrument_score_normalised
SYNTH-CRPF-01-446360,CRPF-01,leave,2026-09-04,0.3501,leave_denied_rate
SYNTH-CRPF-01-446360,CRPF-01,deployment,2026-09-04,0.0722,days_deployed_away_from_station
SYNTH-CRPF-01-446360,CRPF-01,duty_roster,2026-09-04,0.3828,consecutive_duty_days
SYNTH-CRPF-01-446360,CRPF-01,transfer,2026-09-04,0.25,postings_in_trailing_year
SYNTH-CRPF-01-446360,CRPF-01,training,2026-09-04,0.0,course_days_assigned
SYNTH-CRPF-01-446360,CRPF-01,workload,2026-09-04,0.4302,duty_hours_over_establishment
SYNTH-CRPF-01-917928,CRPF-01,leave,2026-09-04,0.4914,leave_denied_rate
SYNTH-CRPF-01-917928,CRPF-01,deployment,2026-09-04,0.1771,days_deployed_away_from_station
SYNTH-CRPF-01-917928,CRPF-01,duty_roster,2026-09-04,0.6571,consecutive_duty_days
SYNTH-CRPF-01-917928,CRPF-01,transfer,2026-09-04,0.25,postings_in_trailing_year
SYNTH-CRPF-01-917928,CRPF-01,training,2026-09-04,0.0,course_days_assigned
SYNTH-CRPF-01-917928,CRPF-01,workload,2026-09-04,0.642,duty_hours_over_establishment
SYNTH-CRPF-01-917928,CRPF-01,biometric,2026-09-04,0.6258,resting_heart_rate_trend
SYNTH-CRPF-01-375001,CRPF-01,leave,2026-09-04,0.5313,leave_denied_rate
SYNTH-CRPF-01-375001,CRPF-01,deployment,2026-09-04,0.2977,days_deployed_away_from_station
SYNTH-CRPF-01-375001,CRPF-01,duty_roster,2026-09-04,0.5463,consecutive_duty_days
SYNTH-CRPF-01-375001,CRPF-01,transfer,2026-09-04,0.25,postings_in_trailing_year
SYNTH-CRPF-01-375001,CRPF-01,training,2026-09-04,0.0,course_days_assigned
SYNTH-CRPF-01-375001,CRPF-01,workload,2026-09-04,0.6119,duty_hours_over_establishment
SYNTH-CRPF-01-375001,CRPF-01,self_report,2026-09-04,0.4747,instrument_score_normalised
SYNTH-CRPF-01-455510,CRPF-01,leave,2026-09-03,0.7557,leave_denied_rate
SYNTH-CRPF-01-455510,CRPF-01,deployment,2026-09-03,0.2993,days_deployed_away_from_station
SYNTH-CRPF-01-455510,CRPF-01,duty_roster,2026-09-03,0.5918,consecutive_duty_days
SYNTH-CRPF-01-455510,CRPF-01,transfer,2026-09-03,0.25,postings_in_trailing_year
SYNTH-CRPF-01-455510,CRPF-01,training,2026-09-03,0.0,course_days_assigned
SYNTH-CRPF-01-455510,CRPF-01,workload,2026-09-03,0.5475,duty_hours_over_establishment
SYNTH-CRPF-01-465274,CRPF-01,leave,2026-09-03,0.7233,leave_denied_rate
SYNTH-CRPF-01-465274,CRPF-01,deployment,2026-09-03,0.2565,days_deployed_away_from_station
SYNTH-CRPF-01-465274,CRPF-01,duty_roster,2026-09-03,0.7185,consecutive_duty_days
SYNTH-CRPF-01-465274,CRPF-01,transfer,2026-09-03,0.25,postings_in_trailing_year
SYNTH-CRPF-01-465274,CRPF-01,training,2026-09-03,0.0,course_days_assigned
SYNTH-CRPF-01-465274,CRPF-01,workload,2026-09-03,0.6545,duty_hours_over_establishment
SYNTH-CRPF-01-465274,CRPF-01,self_report,2026-09-03,0.1925,instrument_score_normalised
SYNTH-CRPF-01-998057,CRPF-01,leave,2026-09-03,0.3642,leave_denied_rate
SYNTH-CRPF-01-998057,CRPF-01,deployment,2026-09-03,0.1662,days_deployed_away_from_station
SYNTH-CRPF-01-998057,CRPF-01,duty_roster,2026-09-03,0.4287,consecutive_duty_days
SYNTH-CRPF-01-998057,CRPF-01,transfer,2026-09-03,0.25,postings_in_trailing_year
SYNTH-CRPF-01-998057,CRPF-01,training,2026-09-03,0.0,course_days_assigned
SYNTH-CRPF-01-998057,CRPF-01,workload,2026-09-03,0.3964,duty_hours_over_establishment
SYNTH-CRPF-01-998057,CRPF-01,self_report,2026-09-03,0.3095,instrument_score_normalised
SYNTH-CRPF-01-704953,CRPF-01,leave,2026-09-03,0.5132,leave_denied_rate
SYNTH-CRPF-01-704953,CRPF-01,deployment,2026-09-03,0.182,days_deployed_away_from_station
SYNTH-CRPF-01-704953,CRPF-01,duty_roster,2026-09-03,0.5116,consecutive_duty_days
SYNTH-CRPF-01-704953,CRPF-01,transfer,2026-09-03,0.25,postings_in_trailing_year
SYNTH-CRPF-01-704953,CRPF-01,training,2026-09-03,0.0,course_days_assigned
SYNTH-CRPF-01-704953,CRPF-01,workload,2026-09-03,0.4704,duty_hours_over_establishment
SYNTH-CRPF-01-704953,CRPF-01,self_report,2026-09-03,0.4315,instrument_score_normalised
SYNTH-CRPF-01-548760,CRPF-01,leave,2026-09-03,0.2275,leave_denied_rate
SYNTH-CRPF-01-548760,CRPF-01,deployment,2026-09-03,0.0365,days_deployed_away_from_station
SYNTH-CRPF-01-548760,CRPF-01,duty_roster,2026-09-03,0.3215,consecutive_duty_days
SYNTH-CRPF-01-548760,CRPF-01,transfer,2026-09-03,0.25,postings_in_trailing_year
SYNTH-CRPF-01-548760,CRPF-01,training,2026-09-03,0.0,course_days_assigned
SYNTH-CRPF-01-548760,CRPF-01,workload,2026-09-03,0.4195,duty_hours_over_establishment
SYNTH-CRPF-01-548760,CRPF-01,biometric,2026-09-03,0.3211,resting_heart_rate_trend
SYNTH-CRPF-01-631837,CRPF-01,leave,2026-09-03,0.432,leave_denied_rate
SYNTH-CRPF-01-631837,CRPF-01,deployment,2026-09-03,0.1738,days_deployed_away_from_station
SYNTH-CRPF-01-631837,CRPF-01,duty_roster,2026-09-03,0.4907,consecutive_duty_days
SYNTH-CRPF-01-631837,CRPF-01,transfer,2026-09-03,0.25,postings_in_trailing_year
SYNTH-CRPF-01-631837,CRPF-01,training,2026-09-03,0.0,course_days_assigned
SYNTH-CRPF-01-631837,CRPF-01,workload,2026-09-03,0.4128,duty_hours_over_establishment
SYNTH-CRPF-01-583055,CRPF-01,leave,2026-09-03,0.7313,leave_denied_rate
SYNTH-CRPF-01-583055,CRPF-01,deployment,2026-09-03,0.1502,days_deployed_away_from_station
SYNTH-CRPF-01-583055,CRPF-01,duty_roster,2026-09-03,0.4557,consecutive_duty_days
SYNTH-CRPF-01-583055,CRPF-01,transfer,2026-09-03,0.25,postings_in_trailing_year
SYNTH-CRPF-01-583055,CRPF-01,training,2026-09-03,0.0,course_days_assigned
SYNTH-CRPF-01-583055,CRPF-01,workload,2026-09-03,0.6932,duty_hours_over_establishment
SYNTH-CRPF-01-583055,CRPF-01,self_report,2026-09-03,0.4459,instrument_score_normalised
SYNTH-CRPF-01-800162,CRPF-01,leave,2026-09-03,0.6726,leave_denied_rate
SYNTH-CRPF-01-800162,CRPF-01,deployment,2026-09-03,0.2031,days_deployed_away_from_station
SYNTH-CRPF-01-800162,CRPF-01,duty_roster,2026-09-03,0.7403,consecutive_duty_days
SYNTH-CRPF-01-800162,CRPF-01,transfer,2026-09-03,0.25,postings_in_trailing_year
SYNTH-CRPF-01-800162,CRPF-01,training,2026-09-03,0.0,course_days_assigned
SYNTH-CRPF-01-800162,CRPF-01,workload,2026-09-03,0.5931,duty_hours_over_establishment
SYNTH-CRPF-01-800162,CRPF-01,self_report,2026-09-03,0.2844,instrument_score_normalised
SYNTH-CRPF-01-473091,CRPF-01,leave,2026-09-03,0.8079,leave_denied_rate
SYNTH-CRPF-01-473091,CRPF-01,deployment,2026-09-03,0.2003,days_deployed_away_from_station
SYNTH-CRPF-01-473091,CRPF-01,duty_roster,2026-09-03,0.893,consecutive_duty_days
SYNTH-CRPF-01-473091,CRPF-01,transfer,2026-09-03,0.25,postings_in_trailing_year
SYNTH-CRPF-01-473091,CRPF-01,training,2026-09-03,0.0,course_days_assigned
SYNTH-CRPF-01-473091,CRPF-01,workload,2026-09-03,0.633,duty_hours_over_establishment
SYNTH-CRPF-01-473091,CRPF-01,self_report,2026-09-03,0.7544,instrument_score_normalised
SYNTH-CRPF-01-473091,CRPF-01,biometric,2026-09-03,0.5696,resting_heart_rate_trend
SYNTH-CRPF-01-124771,CRPF-01,leave,2026-09-03,0.5975,leave_denied_rate
SYNTH-CRPF-01-124771,CRPF-01,deployment,2026-09-03,0.1174,days_deployed_away_from_station
SYNTH-CRPF-01-124771,CRPF-01,duty_roster,2026-09-03,0.367,consecutive_duty_days
SYNTH-CRPF-01-124771,CRPF-01,transfer,2026-09-03,0.25,postings_in_trailing_year
SYNTH-CRPF-01-124771,CRPF-01,training,2026-09-03,0.0,course_days_assigned
SYNTH-CRPF-01-124771,CRPF-01,workload,2026-09-03,0.5575,duty_hours_over_establishment
SYNTH-CRPF-01-124771,CRPF-01,biometric,2026-09-03,0.4243,resting_heart_rate_trend
SYNTH-CRPF-01-976873,CRPF-01,leave,2026-09-03,0.5947,leave_denied_rate
SYNTH-CRPF-01-976873,CRPF-01,deployment,2026-09-03,0.2016,days_deployed_away_from_station
SYNTH-CRPF-01-976873,CRPF-01,duty_roster,2026-09-03,0.455,consecutive_duty_days
SYNTH-CRPF-01-976873,CRPF-01,transfer,2026-09-03,0.25,postings_in_trailing_year
SYNTH-CRPF-01-976873,CRPF-01,training,2026-09-03,0.0,course_days_assigned
SYNTH-CRPF-01-976873,CRPF-01,workload,2026-09-03,0.5098,duty_hours_over_establishment
SYNTH-CRPF-01-976873,CRPF-01,self_report,2026-09-03,0.1484,instrument_score_normalised
SYNTH-CRPF-01-976873,CRPF-01,biometric,2026-09-03,0.2351,resting_heart_rate_trend
SYNTH-CRPF-01-507676,CRPF-01,leave,2026-09-03,0.6095,leave_denied_rate
SYNTH-CRPF-01-507676,CRPF-01,deployment,2026-09-03,0.1517,days_deployed_away_from_station
SYNTH-CRPF-01-507676,CRPF-01,duty_roster,2026-09-03,0.5259,consecutive_duty_days
SYNTH-CRPF-01-507676,CRPF-01,transfer,2026-09-03,0.25,postings_in_trailing_year
SYNTH-CRPF-01-507676,CRPF-01,training,2026-09-03,0.0,course_days_assigned
SYNTH-CRPF-01-507676,CRPF-01,workload,2026-09-03,0.5487,duty_hours_over_establishment
SYNTH-CRPF-01-507676,CRPF-01,self_report,2026-09-03,0.2048,instrument_score_normalised
SYNTH-CRPF-01-239213,CRPF-01,leave,2026-09-03,0.6625,leave_denied_rate
SYNTH-CRPF-01-239213,CRPF-01,deployment,2026-09-03,0.2138,days_deployed_away_from_station
SYNTH-CRPF-01-239213,CRPF-01,duty_roster,2026-09-03,0.6647,consecutive_duty_days
SYNTH-CRPF-01-239213,CRPF-01,transfer,2026-09-03,0.25,postings_in_trailing_year
SYNTH-CRPF-01-239213,CRPF-01,training,2026-09-03,0.0,course_days_assigned
SYNTH-CRPF-01-239213,CRPF-01,workload,2026-09-03,0.6479,duty_hours_over_establishment
SYNTH-CRPF-01-239213,CRPF-01,self_report,2026-09-03,0.4572,instrument_score_normalised
SYNTH-CRPF-01-239213,CRPF-01,biometric,2026-09-03,0.3085,resting_heart_rate_trend
SYNTH-CRPF-01-552876,CRPF-01,leave,2026-09-03,0.7381,leave_denied_rate
SYNTH-CRPF-01-552876,CRPF-01,deployment,2026-09-03,0.2571,days_deployed_away_from_station
SYNTH-CRPF-01-552876,CRPF-01,duty_roster,2026-09-03,0.656,consecutive_duty_days
SYNTH-CRPF-01-552876,CRPF-01,transfer,2026-09-03,0.25,postings_in_trailing_year
SYNTH-CRPF-01-552876,CRPF-01,training,2026-09-03,0.0,course_days_assigned
SYNTH-CRPF-01-552876,CRPF-01,workload,2026-09-03,0.7725,duty_hours_over_establishment
SYNTH-CRPF-01-552876,CRPF-01,self_report,2026-09-03,0.3248,instrument_score_normalised
SYNTH-CRPF-01-552876,CRPF-01,biometric,2026-09-03,0.3447,resting_heart_rate_trend
SYNTH-CRPF-01-582851,CRPF-01,leave,2026-09-03,0.6056,leave_denied_rate
SYNTH-CRPF-01-582851,CRPF-01,deployment,2026-09-03,0.2588,days_deployed_away_from_station
SYNTH-CRPF-01-582851,CRPF-01,duty_roster,2026-09-03,0.7103,consecutive_duty_days
SYNTH-CRPF-01-582851,CRPF-01,transfer,2026-09-03,0.25,postings_in_trailing_year
SYNTH-CRPF-01-582851,CRPF-01,training,2026-09-03,0.0,course_days_assigned
SYNTH-CRPF-01-582851,CRPF-01,workload,2026-09-03,0.7873,duty_hours_over_establishment
SYNTH-CRPF-01-719618,CRPF-01,leave,2026-09-03,0.3685,leave_denied_rate
SYNTH-CRPF-01-719618,CRPF-01,deployment,2026-09-03,0.1454,days_deployed_away_from_station
SYNTH-CRPF-01-719618,CRPF-01,duty_roster,2026-09-03,0.3821,consecutive_duty_days
SYNTH-CRPF-01-719618,CRPF-01,transfer,2026-09-03,0.25,postings_in_trailing_year
SYNTH-CRPF-01-719618,CRPF-01,training,2026-09-03,0.0,course_days_assigned
SYNTH-CRPF-01-719618,CRPF-01,workload,2026-09-03,0.543,duty_hours_over_establishment
SYNTH-CRPF-01-719618,CRPF-01,biometric,2026-09-03,0.2486,resting_heart_rate_trend
SYNTH-CRPF-01-451473,CRPF-01,leave,2026-09-03,0.8198,leave_denied_rate
SYNTH-CRPF-01-451473,CRPF-01,deployment,2026-09-03,0.2688,days_deployed_away_from_station
SYNTH-CRPF-01-451473,CRPF-01,duty_roster,2026-09-03,0.5066,consecutive_duty_days
SYNTH-CRPF-01-451473,CRPF-01,transfer,2026-09-03,0.25,postings_in_trailing_year
SYNTH-CRPF-01-451473,CRPF-01,training,2026-09-03,0.0,course_days_assigned
SYNTH-CRPF-01-451473,CRPF-01,workload,2026-09-03,0.8329,duty_hours_over_establishment
SYNTH-CRPF-01-451473,CRPF-01,self_report,2026-09-03,0.0917,instrument_score_normalised
SYNTH-CRPF-01-873879,CRPF-01,leave,2026-09-03,0.4339,leave_denied_rate
SYNTH-CRPF-01-873879,CRPF-01,deployment,2026-09-03,0.1516,days_deployed_away_from_station
SYNTH-CRPF-01-873879,CRPF-01,duty_roster,2026-09-03,0.4447,consecutive_duty_days
SYNTH-CRPF-01-873879,CRPF-01,transfer,2026-09-03,0.25,postings_in_trailing_year
SYNTH-CRPF-01-873879,CRPF-01,training,2026-09-03,0.0,course_days_assigned
SYNTH-CRPF-01-873879,CRPF-01,workload,2026-09-03,0.4266,duty_hours_over_establishment
SYNTH-CRPF-01-873879,CRPF-01,self_report,2026-09-03,0.4269,instrument_score_normalised
SYNTH-CRPF-01-873879,CRPF-01,biometric,2026-09-03,0.4358,resting_heart_rate_trend
SYNTH-CRPF-01-362120,CRPF-01,leave,2026-09-03,0.7515,leave_denied_rate
SYNTH-CRPF-01-362120,CRPF-01,deployment,2026-09-03,0.318,days_deployed_away_from_station
SYNTH-CRPF-01-362120,CRPF-01,duty_roster,2026-09-03,0.6324,consecutive_duty_days
SYNTH-CRPF-01-362120,CRPF-01,transfer,2026-09-03,0.75,postings_in_trailing_year
SYNTH-CRPF-01-362120,CRPF-01,training,2026-09-03,0.0,course_days_assigned
SYNTH-CRPF-01-362120,CRPF-01,workload,2026-09-03,0.787,duty_hours_over_establishment
SYNTH-CRPF-01-736301,CRPF-01,leave,2026-09-03,0.7254,leave_denied_rate
SYNTH-CRPF-01-736301,CRPF-01,deployment,2026-09-03,0.2522,days_deployed_away_from_station
SYNTH-CRPF-01-736301,CRPF-01,duty_roster,2026-09-03,0.6991,consecutive_duty_days
SYNTH-CRPF-01-736301,CRPF-01,transfer,2026-09-03,0.25,postings_in_trailing_year
SYNTH-CRPF-01-736301,CRPF-01,training,2026-09-03,0.0,course_days_assigned
SYNTH-CRPF-01-736301,CRPF-01,workload,2026-09-03,0.7535,duty_hours_over_establishment
SYNTH-CRPF-01-736301,CRPF-01,self_report,2026-09-03,0.2698,instrument_score_normalised
SYNTH-CRPF-01-736301,CRPF-01,biometric,2026-09-03,0.4332,resting_heart_rate_trend
SYNTH-CRPF-01-128836,CRPF-01,leave,2026-09-03,0.5257,leave_denied_rate
SYNTH-CRPF-01-128836,CRPF-01,deployment,2026-09-03,0.2215,days_deployed_away_from_station
SYNTH-CRPF-01-128836,CRPF-01,duty_roster,2026-09-03,0.5118,consecutive_duty_days
SYNTH-CRPF-01-128836,CRPF-01,transfer,2026-09-03,0.25,postings_in_trailing_year
SYNTH-CRPF-01-128836,CRPF-01,training,2026-09-03,0.0,course_days_assigned
SYNTH-CRPF-01-128836,CRPF-01,workload,2026-09-03,0.7499,duty_hours_over_establishment
SYNTH-CRPF-01-128836,CRPF-01,biometric,2026-09-03,0.2834,resting_heart_rate_trend
SYNTH-CRPF-01-445316,CRPF-01,leave,2026-09-03,0.7049,leave_denied_rate
SYNTH-CRPF-01-445316,CRPF-01,deployment,2026-09-03,0.2092,days_deployed_away_from_station
SYNTH-CRPF-01-445316,CRPF-01,duty_roster,2026-09-03,0.6718,consecutive_duty_days
SYNTH-CRPF-01-445316,CRPF-01,transfer,2026-09-03,0.25,postings_in_trailing_year
SYNTH-CRPF-01-445316,CRPF-01,training,2026-09-03,0.0,course_days_assigned
SYNTH-CRPF-01-445316,CRPF-01,workload,2026-09-03,0.5302,duty_hours_over_establishment
SYNTH-CRPF-01-445316,CRPF-01,self_report,2026-09-03,0.5332,instrument_score_normalised
SYNTH-CRPF-01-669793,CRPF-01,leave,2026-09-03,0.6385,leave_denied_rate
SYNTH-CRPF-01-669793,CRPF-01,deployment,2026-09-03,0.1716,days_deployed_away_from_station
SYNTH-CRPF-01-669793,CRPF-01,duty_roster,2026-09-03,0.8057,consecutive_duty_days
SYNTH-CRPF-01-669793,CRPF-01,transfer,2026-09-03,0.25,postings_in_trailing_year
SYNTH-CRPF-01-669793,CRPF-01,training,2026-09-03,0.0,course_days_assigned
SYNTH-CRPF-01-669793,CRPF-01,workload,2026-09-03,0.6854,duty_hours_over_establishment
SYNTH-CRPF-01-669793,CRPF-01,self_report,2026-09-03,0.3827,instrument_score_normalised
SYNTH-CRPF-01-367039,CRPF-01,leave,2026-09-03,0.5041,leave_denied_rate
SYNTH-CRPF-01-367039,CRPF-01,deployment,2026-09-03,0.1468,days_deployed_away_from_station
SYNTH-CRPF-01-367039,CRPF-01,duty_roster,2026-09-03,0.4347,consecutive_duty_days
SYNTH-CRPF-01-367039,CRPF-01,transfer,2026-09-03,0.25,postings_in_trailing_year
SYNTH-CRPF-01-367039,CRPF-01,training,2026-09-03,0.0,course_days_assigned
SYNTH-CRPF-01-367039,CRPF-01,workload,2026-09-03,0.7403,duty_hours_over_establishment
SYNTH-CRPF-01-117930,CRPF-01,leave,2026-09-03,0.4866,leave_denied_rate
SYNTH-CRPF-01-117930,CRPF-01,deployment,2026-09-03,0.232,days_deployed_away_from_station
SYNTH-CRPF-01-117930,CRPF-01,duty_roster,2026-09-03,0.7582,consecutive_duty_days
SYNTH-CRPF-01-117930,CRPF-01,transfer,2026-09-03,0.25,postings_in_trailing_year
SYNTH-CRPF-01-117930,CRPF-01,training,2026-09-03,0.0,course_days_assigned
SYNTH-CRPF-01-117930,CRPF-01,workload,2026-09-03,0.5824,duty_hours_over_establishment
SYNTH-CRPF-01-655590,CRPF-01,leave,2026-09-03,0.4882,leave_denied_rate
SYNTH-CRPF-01-655590,CRPF-01,deployment,2026-09-03,0.2299,days_deployed_away_from_station
SYNTH-CRPF-01-655590,CRPF-01,duty_roster,2026-09-03,0.5144,consecutive_duty_days
SYNTH-CRPF-01-655590,CRPF-01,transfer,2026-09-03,0.25,postings_in_trailing_year
SYNTH-CRPF-01-655590,CRPF-01,training,2026-09-03,0.0,course_days_assigned
SYNTH-CRPF-01-655590,CRPF-01,workload,2026-09-03,0.5087,duty_hours_over_establishment
SYNTH-CRPF-01-655590,CRPF-01,self_report,2026-09-03,0.3863,instrument_score_normalised
SYNTH-CRPF-01-655590,CRPF-01,biometric,2026-09-03,0.2959,resting_heart_rate_trend
SYNTH-CRPF-01-307014,CRPF-01,leave,2026-09-03,0.7017,leave_denied_rate
SYNTH-CRPF-01-307014,CRPF-01,deployment,2026-09-03,0.2602,days_deployed_away_from_station
SYNTH-CRPF-01-307014,CRPF-01,duty_roster,2026-09-03,0.7254,consecutive_duty_days
SYNTH-CRPF-01-307014,CRPF-01,transfer,2026-09-03,0.75,postings_in_trailing_year
SYNTH-CRPF-01-307014,CRPF-01,training,2026-09-03,0.0,course_days_assigned
SYNTH-CRPF-01-307014,CRPF-01,workload,2026-09-03,0.5743,duty_hours_over_establishment
SYNTH-CRPF-01-307014,CRPF-01,self_report,2026-09-03,0.1544,instrument_score_normalised
SYNTH-CRPF-01-307014,CRPF-01,biometric,2026-09-03,0.2717,resting_heart_rate_trend
SYNTH-CRPF-01-750550,CRPF-01,leave,2026-09-03,0.5092,leave_denied_rate
SYNTH-CRPF-01-750550,CRPF-01,deployment,2026-09-03,0.2082,days_deployed_away_from_station
SYNTH-CRPF-01-750550,CRPF-01,duty_roster,2026-09-03,0.4941,consecutive_duty_days
SYNTH-CRPF-01-750550,CRPF-01,transfer,2026-09-03,0.25,postings_in_trailing_year
SYNTH-CRPF-01-750550,CRPF-01,training,2026-09-03,0.0,course_days_assigned
SYNTH-CRPF-01-750550,CRPF-01,workload,2026-09-03,0.6565,duty_hours_over_establishment
SYNTH-CRPF-01-865717,CRPF-01,leave,2026-09-03,0.5081,leave_denied_rate
SYNTH-CRPF-01-865717,CRPF-01,deployment,2026-09-03,0.1537,days_deployed_away_from_station
SYNTH-CRPF-01-865717,CRPF-01,duty_roster,2026-09-03,0.5691,consecutive_duty_days
SYNTH-CRPF-01-865717,CRPF-01,transfer,2026-09-03,0.25,postings_in_trailing_year
SYNTH-CRPF-01-865717,CRPF-01,training,2026-09-03,0.0,course_days_assigned
SYNTH-CRPF-01-865717,CRPF-01,workload,2026-09-03,0.5155,duty_hours_over_establishment
SYNTH-CRPF-01-865717,CRPF-01,self_report,2026-09-03,0.6639,instrument_score_normalised
SYNTH-CRPF-01-515732,CRPF-01,leave,2026-09-03,0.5821,leave_denied_rate
SYNTH-CRPF-01-515732,CRPF-01,deployment,2026-09-03,0.2487,days_deployed_away_from_station
SYNTH-CRPF-01-515732,CRPF-01,duty_roster,2026-09-03,0.4478,consecutive_duty_days
SYNTH-CRPF-01-515732,CRPF-01,transfer,2026-09-03,0.25,postings_in_trailing_year
SYNTH-CRPF-01-515732,CRPF-01,training,2026-09-03,0.0,course_days_assigned
SYNTH-CRPF-01-515732,CRPF-01,workload,2026-09-03,0.7429,duty_hours_over_establishment
SYNTH-CRPF-01-515732,CRPF-01,self_report,2026-09-03,0.4178,instrument_score_normalised
SYNTH-CRPF-01-628006,CRPF-01,leave,2026-09-03,0.5411,leave_denied_rate
SYNTH-CRPF-01-628006,CRPF-01,deployment,2026-09-03,0.1158,days_deployed_away_from_station
SYNTH-CRPF-01-628006,CRPF-01,duty_roster,2026-09-03,0.5485,consecutive_duty_days
SYNTH-CRPF-01-628006,CRPF-01,transfer,2026-09-03,0.25,postings_in_trailing_year
SYNTH-CRPF-01-628006,CRPF-01,training,2026-09-03,0.0,course_days_assigned
SYNTH-CRPF-01-628006,CRPF-01,workload,2026-09-03,0.5947,duty_hours_over_establishment
SYNTH-CRPF-01-628006,CRPF-01,self_report,2026-09-03,0.5131,instrument_score_normalised
SYNTH-CRPF-01-628006,CRPF-01,biometric,2026-09-03,0.2139,resting_heart_rate_trend
SYNTH-CRPF-01-102589,CRPF-01,leave,2026-09-03,0.7749,leave_denied_rate
SYNTH-CRPF-01-102589,CRPF-01,deployment,2026-09-03,0.2814,days_deployed_away_from_station
SYNTH-CRPF-01-102589,CRPF-01,duty_roster,2026-09-03,0.8151,consecutive_duty_days
SYNTH-CRPF-01-102589,CRPF-01,transfer,2026-09-03,0.25,postings_in_trailing_year
SYNTH-CRPF-01-102589,CRPF-01,training,2026-09-03,0.0,course_days_assigned
SYNTH-CRPF-01-102589,CRPF-01,workload,2026-09-03,0.7898,duty_hours_over_establishment
SYNTH-CRPF-01-102589,CRPF-01,self_report,2026-09-03,0.426,instrument_score_normalised
SYNTH-CRPF-01-188067,CRPF-01,leave,2026-09-03,0.6672,leave_denied_rate
SYNTH-CRPF-01-188067,CRPF-01,deployment,2026-09-03,0.2363,days_deployed_away_from_station
SYNTH-CRPF-01-188067,CRPF-01,duty_roster,2026-09-03,0.6045,consecutive_duty_days
SYNTH-CRPF-01-188067,CRPF-01,transfer,2026-09-03,0.25,postings_in_trailing_year
SYNTH-CRPF-01-188067,CRPF-01,training,2026-09-03,0.0,course_days_assigned
SYNTH-CRPF-01-188067,CRPF-01,workload,2026-09-03,0.8269,duty_hours_over_establishment
SYNTH-CRPF-01-188067,CRPF-01,self_report,2026-09-03,0.3333,instrument_score_normalised
SYNTH-CRPF-01-123713,CRPF-01,leave,2026-09-03,0.6922,leave_denied_rate
SYNTH-CRPF-01-123713,CRPF-01,deployment,2026-09-03,0.2404,days_deployed_away_from_station
SYNTH-CRPF-01-123713,CRPF-01,duty_roster,2026-09-03,0.566,consecutive_duty_days
SYNTH-CRPF-01-123713,CRPF-01,transfer,2026-09-03,0.75,postings_in_trailing_year
SYNTH-CRPF-01-123713,CRPF-01,training,2026-09-03,0.0,course_days_assigned
SYNTH-CRPF-01-123713,CRPF-01,workload,2026-09-03,0.5062,duty_hours_over_establishment
SYNTH-CRPF-01-123713,CRPF-01,self_report,2026-09-03,0.4163,instrument_score_normalised
SYNTH-CRPF-01-270345,CRPF-01,leave,2026-09-03,0.7034,leave_denied_rate
SYNTH-CRPF-01-270345,CRPF-01,deployment,2026-09-03,0.1562,days_deployed_away_from_station
SYNTH-CRPF-01-270345,CRPF-01,duty_roster,2026-09-03,0.4221,consecutive_duty_days
SYNTH-CRPF-01-270345,CRPF-01,transfer,2026-09-03,0.25,postings_in_trailing_year
SYNTH-CRPF-01-270345,CRPF-01,training,2026-09-03,0.0,course_days_assigned
SYNTH-CRPF-01-270345,CRPF-01,workload,2026-09-03,0.6355,duty_hours_over_establishment
SYNTH-CRPF-01-736632,CRPF-01,leave,2026-09-03,0.6635,leave_denied_rate
SYNTH-CRPF-01-736632,CRPF-01,deployment,2026-09-03,0.2445,days_deployed_away_from_station
SYNTH-CRPF-01-736632,CRPF-01,duty_roster,2026-09-03,0.7275,consecutive_duty_days
SYNTH-CRPF-01-736632,CRPF-01,transfer,2026-09-03,0.25,postings_in_trailing_year
SYNTH-CRPF-01-736632,CRPF-01,training,2026-09-03,0.0,course_days_assigned
SYNTH-CRPF-01-736632,CRPF-01,workload,2026-09-03,0.6837,duty_hours_over_establishment
SYNTH-CRPF-01-767254,CRPF-01,leave,2026-09-03,0.6469,leave_denied_rate
SYNTH-CRPF-01-767254,CRPF-01,deployment,2026-09-03,0.2756,days_deployed_away_from_station
SYNTH-CRPF-01-767254,CRPF-01,duty_roster,2026-09-03,0.5476,consecutive_duty_days
SYNTH-CRPF-01-767254,CRPF-01,transfer,2026-09-03,0.25,postings_in_trailing_year
SYNTH-CRPF-01-767254,CRPF-01,training,2026-09-03,0.0,course_days_assigned
SYNTH-CRPF-01-767254,CRPF-01,workload,2026-09-03,0.7344,duty_hours_over_establishment
SYNTH-CRPF-01-767254,CRPF-01,self_report,2026-09-03,0.0345,instrument_score_normalised
SYNTH-CRPF-01-767254,CRPF-01,biometric,2026-09-03,0.2136,resting_heart_rate_trend
SYNTH-CRPF-01-147693,CRPF-01,leave,2026-09-03,0.4336,leave_denied_rate
SYNTH-CRPF-01-147693,CRPF-01,deployment,2026-09-03,0.2253,days_deployed_away_from_station
SYNTH-CRPF-01-147693,CRPF-01,duty_roster,2026-09-03,0.5097,consecutive_duty_days
SYNTH-CRPF-01-147693,CRPF-01,transfer,2026-09-03,0.25,postings_in_trailing_year
SYNTH-CRPF-01-147693,CRPF-01,training,2026-09-03,0.0,course_days_assigned
SYNTH-CRPF-01-147693,CRPF-01,workload,2026-09-03,0.7112,duty_hours_over_establishment
SYNTH-CRPF-01-621214,CRPF-01,leave,2026-09-03,0.659,leave_denied_rate
SYNTH-CRPF-01-621214,CRPF-01,deployment,2026-09-03,0.1886,days_deployed_away_from_station
SYNTH-CRPF-01-621214,CRPF-01,duty_roster,2026-09-03,0.4837,consecutive_duty_days
SYNTH-CRPF-01-621214,CRPF-01,transfer,2026-09-03,0.25,postings_in_trailing_year
SYNTH-CRPF-01-621214,CRPF-01,training,2026-09-03,0.0,course_days_assigned
SYNTH-CRPF-01-621214,CRPF-01,workload,2026-09-03,0.6734,duty_hours_over_establishment
SYNTH-CRPF-01-621214,CRPF-01,biometric,2026-09-03,0.4731,resting_heart_rate_trend
SYNTH-CRPF-01-567283,CRPF-01,leave,2026-09-03,0.8511,leave_denied_rate
SYNTH-CRPF-01-567283,CRPF-01,deployment,2026-09-03,0.3247,days_deployed_away_from_station
SYNTH-CRPF-01-567283,CRPF-01,duty_roster,2026-09-03,0.767,consecutive_duty_days
SYNTH-CRPF-01-567283,CRPF-01,transfer,2026-09-03,0.75,postings_in_trailing_year
SYNTH-CRPF-01-567283,CRPF-01,training,2026-09-03,0.0,course_days_assigned
SYNTH-CRPF-01-567283,CRPF-01,workload,2026-09-03,0.7644,duty_hours_over_establishment
SYNTH-CRPF-01-831045,CRPF-01,leave,2026-09-03,0.5936,leave_denied_rate
SYNTH-CRPF-01-831045,CRPF-01,deployment,2026-09-03,0.2737,days_deployed_away_from_station
SYNTH-CRPF-01-831045,CRPF-01,duty_roster,2026-09-03,0.7707,consecutive_duty_days
SYNTH-CRPF-01-831045,CRPF-01,transfer,2026-09-03,0.25,postings_in_trailing_year
SYNTH-CRPF-01-831045,CRPF-01,training,2026-09-03,0.0,course_days_assigned
SYNTH-CRPF-01-831045,CRPF-01,workload,2026-09-03,0.6756,duty_hours_over_establishment
SYNTH-CRPF-01-831045,CRPF-01,self_report,2026-09-03,0.3657,instrument_score_normalised
SYNTH-CRPF-01-831045,CRPF-01,biometric,2026-09-03,0.3136,resting_heart_rate_trend
SYNTH-CRPF-01-472623,CRPF-01,leave,2026-09-03,0.6577,leave_denied_rate
SYNTH-CRPF-01-472623,CRPF-01,deployment,2026-09-03,0.235,days_deployed_away_from_station
SYNTH-CRPF-01-472623,CRPF-01,duty_roster,2026-09-03,0.5452,consecutive_duty_days
SYNTH-CRPF-01-472623,CRPF-01,transfer,2026-09-03,0.25,postings_in_trailing_year
SYNTH-CRPF-01-472623,CRPF-01,training,2026-09-03,0.0,course_days_assigned
SYNTH-CRPF-01-472623,CRPF-01,workload,2026-09-03,0.7206,duty_hours_over_establishment
SYNTH-CRPF-01-126603,CRPF-01,leave,2026-09-03,0.8745,leave_denied_rate
SYNTH-CRPF-01-126603,CRPF-01,deployment,2026-09-03,0.2527,days_deployed_away_from_station
SYNTH-CRPF-01-126603,CRPF-01,duty_roster,2026-09-03,0.8661,consecutive_duty_days
SYNTH-CRPF-01-126603,CRPF-01,transfer,2026-09-03,0.25,postings_in_trailing_year
SYNTH-CRPF-01-126603,CRPF-01,training,2026-09-03,0.0,course_days_assigned
SYNTH-CRPF-01-126603,CRPF-01,workload,2026-09-03,0.7043,duty_hours_over_establishment
SYNTH-CRPF-01-126603,CRPF-01,self_report,2026-09-03,0.7159,instrument_score_normalised
SYNTH-CRPF-01-647178,CRPF-01,leave,2026-09-03,0.6092,leave_denied_rate
SYNTH-CRPF-01-647178,CRPF-01,deployment,2026-09-03,0.1682,days_deployed_away_from_station
SYNTH-CRPF-01-647178,CRPF-01,duty_roster,2026-09-03,0.7387,consecutive_duty_days
SYNTH-CRPF-01-647178,CRPF-01,transfer,2026-09-03,0.25,postings_in_trailing_year
SYNTH-CRPF-01-647178,CRPF-01,training,2026-09-03,0.0,course_days_assigned
SYNTH-CRPF-01-647178,CRPF-01,workload,2026-09-03,0.5182,duty_hours_over_establishment
SYNTH-CRPF-01-647178,CRPF-01,self_report,2026-09-03,0.4802,instrument_score_normalised
SYNTH-CRPF-01-515490,CRPF-01,leave,2026-09-03,0.5275,leave_denied_rate
SYNTH-CRPF-01-515490,CRPF-01,deployment,2026-09-03,0.2061,days_deployed_away_from_station
SYNTH-CRPF-01-515490,CRPF-01,duty_roster,2026-09-03,0.629,consecutive_duty_days
SYNTH-CRPF-01-515490,CRPF-01,transfer,2026-09-03,0.75,postings_in_trailing_year
SYNTH-CRPF-01-515490,CRPF-01,training,2026-09-03,0.0,course_days_assigned
SYNTH-CRPF-01-515490,CRPF-01,workload,2026-09-03,0.6401,duty_hours_over_establishment
SYNTH-CRPF-01-582304,CRPF-01,leave,2026-09-03,0.973,leave_denied_rate
SYNTH-CRPF-01-582304,CRPF-01,deployment,2026-09-03,0.3155,days_deployed_away_from_station
SYNTH-CRPF-01-582304,CRPF-01,duty_roster,2026-09-03,0.6817,consecutive_duty_days
SYNTH-CRPF-01-582304,CRPF-01,transfer,2026-09-03,0.25,postings_in_trailing_year
SYNTH-CRPF-01-582304,CRPF-01,training,2026-09-03,0.0,course_days_assigned
SYNTH-CRPF-01-582304,CRPF-01,workload,2026-09-03,0.6141,duty_hours_over_establishment
SYNTH-CRPF-01-205605,CRPF-01,leave,2026-09-03,0.2793,leave_denied_rate
SYNTH-CRPF-01-205605,CRPF-01,deployment,2026-09-03,0.0675,days_deployed_away_from_station
SYNTH-CRPF-01-205605,CRPF-01,duty_roster,2026-09-03,0.4979,consecutive_duty_days
SYNTH-CRPF-01-205605,CRPF-01,transfer,2026-09-03,0.25,postings_in_trailing_year
SYNTH-CRPF-01-205605,CRPF-01,training,2026-09-03,0.0,course_days_assigned
SYNTH-CRPF-01-205605,CRPF-01,workload,2026-09-03,0.5619,duty_hours_over_establishment
SYNTH-CRPF-01-205605,CRPF-01,self_report,2026-09-03,0.2236,instrument_score_normalised
SYNTH-CRPF-01-206423,CRPF-01,leave,2026-09-03,0.7172,leave_denied_rate
SYNTH-CRPF-01-206423,CRPF-01,deployment,2026-09-03,0.279,days_deployed_away_from_station
SYNTH-CRPF-01-206423,CRPF-01,duty_roster,2026-09-03,0.6436,consecutive_duty_days
SYNTH-CRPF-01-206423,CRPF-01,transfer,2026-09-03,0.75,postings_in_trailing_year
SYNTH-CRPF-01-206423,CRPF-01,training,2026-09-03,0.0,course_days_assigned
SYNTH-CRPF-01-206423,CRPF-01,workload,2026-09-03,0.6866,duty_hours_over_establishment
SYNTH-CRPF-01-206423,CRPF-01,self_report,2026-09-03,0.3655,instrument_score_normalised
SYNTH-CRPF-01-206423,CRPF-01,biometric,2026-09-03,0.3716,resting_heart_rate_trend
SYNTH-CRPF-01-925617,CRPF-01,leave,2026-09-03,0.6576,leave_denied_rate
SYNTH-CRPF-01-925617,CRPF-01,deployment,2026-09-03,0.2376,days_deployed_away_from_station
SYNTH-CRPF-01-925617,CRPF-01,duty_roster,2026-09-03,0.7035,consecutive_duty_days
SYNTH-CRPF-01-925617,CRPF-01,transfer,2026-09-03,0.25,postings_in_trailing_year
SYNTH-CRPF-01-925617,CRPF-01,training,2026-09-03,0.0,course_days_assigned
SYNTH-CRPF-01-925617,CRPF-01,workload,2026-09-03,0.5526,duty_hours_over_establishment
SYNTH-CRPF-01-925617,CRPF-01,self_report,2026-09-03,0.4224,instrument_score_normalised
SYNTH-CRPF-01-925617,CRPF-01,biometric,2026-09-03,0.4422,resting_heart_rate_trend
SYNTH-CRPF-01-563937,CRPF-01,leave,2026-09-03,0.3983,leave_denied_rate
SYNTH-CRPF-01-563937,CRPF-01,deployment,2026-09-03,0.1282,days_deployed_away_from_station
SYNTH-CRPF-01-563937,CRPF-01,duty_roster,2026-09-03,0.3594,consecutive_duty_days
SYNTH-CRPF-01-563937,CRPF-01,transfer,2026-09-03,0.25,postings_in_trailing_year
SYNTH-CRPF-01-563937,CRPF-01,training,2026-09-03,0.0,course_days_assigned
SYNTH-CRPF-01-563937,CRPF-01,workload,2026-09-03,0.355,duty_hours_over_establishment
SYNTH-CRPF-01-563937,CRPF-01,self_report,2026-09-03,0.3054,instrument_score_normalised
SYNTH-CRPF-01-738803,CRPF-01,leave,2026-09-03,0.5285,leave_denied_rate
SYNTH-CRPF-01-738803,CRPF-01,deployment,2026-09-03,0.3091,days_deployed_away_from_station
SYNTH-CRPF-01-738803,CRPF-01,duty_roster,2026-09-03,0.6591,consecutive_duty_days
SYNTH-CRPF-01-738803,CRPF-01,transfer,2026-09-03,0.25,postings_in_trailing_year
SYNTH-CRPF-01-738803,CRPF-01,training,2026-09-03,0.0,course_days_assigned
SYNTH-CRPF-01-738803,CRPF-01,workload,2026-09-03,0.6473,duty_hours_over_establishment
SYNTH-CRPF-01-432300,CRPF-01,leave,2026-09-03,0.7807,leave_denied_rate
SYNTH-CRPF-01-432300,CRPF-01,deployment,2026-09-03,0.3047,days_deployed_away_from_station
SYNTH-CRPF-01-432300,CRPF-01,duty_roster,2026-09-03,0.5753,consecutive_duty_days
SYNTH-CRPF-01-432300,CRPF-01,transfer,2026-09-03,0.25,postings_in_trailing_year
SYNTH-CRPF-01-432300,CRPF-01,training,2026-09-03,0.0,course_days_assigned
SYNTH-CRPF-01-432300,CRPF-01,workload,2026-09-03,0.8014,duty_hours_over_establishment
SYNTH-CRPF-01-432300,CRPF-01,self_report,2026-09-03,0.5213,instrument_score_normalised
SYNTH-CRPF-01-771702,CRPF-01,leave,2026-09-03,0.6344,leave_denied_rate
SYNTH-CRPF-01-771702,CRPF-01,deployment,2026-09-03,0.1793,days_deployed_away_from_station
SYNTH-CRPF-01-771702,CRPF-01,duty_roster,2026-09-03,0.6232,consecutive_duty_days
SYNTH-CRPF-01-771702,CRPF-01,transfer,2026-09-03,0.25,postings_in_trailing_year
SYNTH-CRPF-01-771702,CRPF-01,training,2026-09-03,0.0,course_days_assigned
SYNTH-CRPF-01-771702,CRPF-01,workload,2026-09-03,0.6653,duty_hours_over_establishment
SYNTH-CRPF-01-673781,CRPF-01,leave,2026-09-03,0.5985,leave_denied_rate
SYNTH-CRPF-01-673781,CRPF-01,deployment,2026-09-03,0.1398,days_deployed_away_from_station
SYNTH-CRPF-01-673781,CRPF-01,duty_roster,2026-09-03,0.4592,consecutive_duty_days
SYNTH-CRPF-01-673781,CRPF-01,transfer,2026-09-03,0.25,postings_in_trailing_year
SYNTH-CRPF-01-673781,CRPF-01,training,2026-09-03,0.0,course_days_assigned
SYNTH-CRPF-01-673781,CRPF-01,workload,2026-09-03,0.4979,duty_hours_over_establishment
SYNTH-CRPF-01-673781,CRPF-01,biometric,2026-09-03,0.1717,resting_heart_rate_trend
SYNTH-CRPF-01-937377,CRPF-01,leave,2026-09-03,0.7991,leave_denied_rate
SYNTH-CRPF-01-937377,CRPF-01,deployment,2026-09-03,0.2382,days_deployed_away_from_station
SYNTH-CRPF-01-937377,CRPF-01,duty_roster,2026-09-03,0.6578,consecutive_duty_days
SYNTH-CRPF-01-937377,CRPF-01,transfer,2026-09-03,0.25,postings_in_trailing_year
SYNTH-CRPF-01-937377,CRPF-01,training,2026-09-03,0.0,course_days_assigned
SYNTH-CRPF-01-937377,CRPF-01,workload,2026-09-03,0.6152,duty_hours_over_establishment
SYNTH-CRPF-01-879734,CRPF-01,leave,2026-09-03,0.8043,leave_denied_rate
SYNTH-CRPF-01-879734,CRPF-01,deployment,2026-09-03,0.3098,days_deployed_away_from_station
SYNTH-CRPF-01-879734,CRPF-01,duty_roster,2026-09-03,0.544,consecutive_duty_days
SYNTH-CRPF-01-879734,CRPF-01,transfer,2026-09-03,0.25,postings_in_trailing_year
SYNTH-CRPF-01-879734,CRPF-01,training,2026-09-03,0.0,course_days_assigned
SYNTH-CRPF-01-879734,CRPF-01,workload,2026-09-03,0.7422,duty_hours_over_establishment
SYNTH-CRPF-01-817677,CRPF-01,leave,2026-09-03,0.7566,leave_denied_rate
SYNTH-CRPF-01-817677,CRPF-01,deployment,2026-09-03,0.2616,days_deployed_away_from_station
SYNTH-CRPF-01-817677,CRPF-01,duty_roster,2026-09-03,0.5558,consecutive_duty_days
SYNTH-CRPF-01-817677,CRPF-01,transfer,2026-09-03,0.25,postings_in_trailing_year
SYNTH-CRPF-01-817677,CRPF-01,training,2026-09-03,0.0,course_days_assigned
SYNTH-CRPF-01-817677,CRPF-01,workload,2026-09-03,0.6746,duty_hours_over_establishment
SYNTH-CRPF-01-817677,CRPF-01,self_report,2026-09-03,0.3711,instrument_score_normalised
SYNTH-CRPF-01-616611,CRPF-01,leave,2026-09-03,0.5683,leave_denied_rate
SYNTH-CRPF-01-616611,CRPF-01,deployment,2026-09-03,0.0639,days_deployed_away_from_station
SYNTH-CRPF-01-616611,CRPF-01,duty_roster,2026-09-03,0.6101,consecutive_duty_days
SYNTH-CRPF-01-616611,CRPF-01,transfer,2026-09-03,0.25,postings_in_trailing_year
SYNTH-CRPF-01-616611,CRPF-01,training,2026-09-03,0.0,course_days_assigned
SYNTH-CRPF-01-616611,CRPF-01,workload,2026-09-03,0.3149,duty_hours_over_establishment
SYNTH-CRPF-01-616611,CRPF-01,self_report,2026-09-03,0.3046,instrument_score_normalised
SYNTH-CRPF-01-991356,CRPF-01,leave,2026-09-03,0.3798,leave_denied_rate
SYNTH-CRPF-01-991356,CRPF-01,deployment,2026-09-03,0.1495,days_deployed_away_from_station
SYNTH-CRPF-01-991356,CRPF-01,duty_roster,2026-09-03,0.3603,consecutive_duty_days
SYNTH-CRPF-01-991356,CRPF-01,transfer,2026-09-03,0.25,postings_in_trailing_year
SYNTH-CRPF-01-991356,CRPF-01,training,2026-09-03,0.0,course_days_assigned
SYNTH-CRPF-01-991356,CRPF-01,workload,2026-09-03,0.5918,duty_hours_over_establishment
SYNTH-CRPF-01-991356,CRPF-01,self_report,2026-09-03,0.1448,instrument_score_normalised
SYNTH-CRPF-01-991356,CRPF-01,biometric,2026-09-03,0.4188,resting_heart_rate_trend
SYNTH-CRPF-01-910652,CRPF-01,leave,2026-09-03,0.5299,leave_denied_rate
SYNTH-CRPF-01-910652,CRPF-01,deployment,2026-09-03,0.0408,days_deployed_away_from_station
SYNTH-CRPF-01-910652,CRPF-01,duty_roster,2026-09-03,0.3297,consecutive_duty_days
SYNTH-CRPF-01-910652,CRPF-01,transfer,2026-09-03,0.25,postings_in_trailing_year
SYNTH-CRPF-01-910652,CRPF-01,training,2026-09-03,0.0,course_days_assigned
SYNTH-CRPF-01-910652,CRPF-01,workload,2026-09-03,0.5583,duty_hours_over_establishment
SYNTH-CRPF-01-910652,CRPF-01,self_report,2026-09-03,0.3369,instrument_score_normalised
SYNTH-CRPF-01-303119,CRPF-01,leave,2026-09-03,0.6602,leave_denied_rate
SYNTH-CRPF-01-303119,CRPF-01,deployment,2026-09-03,0.2877,days_deployed_away_from_station
SYNTH-CRPF-01-303119,CRPF-01,duty_roster,2026-09-03,0.8243,consecutive_duty_days
SYNTH-CRPF-01-303119,CRPF-01,transfer,2026-09-03,0.75,postings_in_trailing_year
SYNTH-CRPF-01-303119,CRPF-01,training,2026-09-03,0.0,course_days_assigned
SYNTH-CRPF-01-303119,CRPF-01,workload,2026-09-03,0.7723,duty_hours_over_establishment
SYNTH-CRPF-01-248032,CRPF-01,leave,2026-09-03,0.5916,leave_denied_rate
SYNTH-CRPF-01-248032,CRPF-01,deployment,2026-09-03,0.3158,days_deployed_away_from_station
SYNTH-CRPF-01-248032,CRPF-01,duty_roster,2026-09-03,0.6473,consecutive_duty_days
SYNTH-CRPF-01-248032,CRPF-01,transfer,2026-09-03,0.25,postings_in_trailing_year
SYNTH-CRPF-01-248032,CRPF-01,training,2026-09-03,0.0,course_days_assigned
SYNTH-CRPF-01-248032,CRPF-01,workload,2026-09-03,0.729,duty_hours_over_establishment
SYNTH-CRPF-01-248032,CRPF-01,self_report,2026-09-03,0.047,instrument_score_normalised
SYNTH-CRPF-01-506241,CRPF-01,leave,2026-09-03,0.5936,leave_denied_rate
SYNTH-CRPF-01-506241,CRPF-01,deployment,2026-09-03,0.2086,days_deployed_away_from_station
SYNTH-CRPF-01-506241,CRPF-01,duty_roster,2026-09-03,0.534,consecutive_duty_days
SYNTH-CRPF-01-506241,CRPF-01,transfer,2026-09-03,0.25,postings_in_trailing_year
SYNTH-CRPF-01-506241,CRPF-01,training,2026-09-03,0.0,course_days_assigned
SYNTH-CRPF-01-506241,CRPF-01,workload,2026-09-03,0.552,duty_hours_over_establishment
SYNTH-CRPF-01-709263,CRPF-01,leave,2026-09-03,0.4195,leave_denied_rate
SYNTH-CRPF-01-709263,CRPF-01,deployment,2026-09-03,0.1611,days_deployed_away_from_station
SYNTH-CRPF-01-709263,CRPF-01,duty_roster,2026-09-03,0.371,consecutive_duty_days
SYNTH-CRPF-01-709263,CRPF-01,transfer,2026-09-03,0.25,postings_in_trailing_year
SYNTH-CRPF-01-709263,CRPF-01,training,2026-09-03,0.0,course_days_assigned
SYNTH-CRPF-01-709263,CRPF-01,workload,2026-09-03,0.6297,duty_hours_over_establishment
SYNTH-CRPF-01-491622,CRPF-01,leave,2026-09-03,0.5874,leave_denied_rate
SYNTH-CRPF-01-491622,CRPF-01,deployment,2026-09-03,0.3025,days_deployed_away_from_station
SYNTH-CRPF-01-491622,CRPF-01,duty_roster,2026-09-03,0.6873,consecutive_duty_days
SYNTH-CRPF-01-491622,CRPF-01,transfer,2026-09-03,0.25,postings_in_trailing_year
SYNTH-CRPF-01-491622,CRPF-01,training,2026-09-03,0.0,course_days_assigned
SYNTH-CRPF-01-491622,CRPF-01,workload,2026-09-03,0.7353,duty_hours_over_establishment
SYNTH-CRPF-01-624777,CRPF-01,leave,2026-09-03,0.5752,leave_denied_rate
SYNTH-CRPF-01-624777,CRPF-01,deployment,2026-09-03,0.2851,days_deployed_away_from_station
SYNTH-CRPF-01-624777,CRPF-01,duty_roster,2026-09-03,0.7619,consecutive_duty_days
SYNTH-CRPF-01-624777,CRPF-01,transfer,2026-09-03,0.25,postings_in_trailing_year
SYNTH-CRPF-01-624777,CRPF-01,training,2026-09-03,0.0,course_days_assigned
SYNTH-CRPF-01-624777,CRPF-01,workload,2026-09-03,0.5175,duty_hours_over_establishment
SYNTH-CRPF-01-624777,CRPF-01,self_report,2026-09-03,0.2728,instrument_score_normalised
SYNTH-CRPF-01-624777,CRPF-01,biometric,2026-09-03,0.4342,resting_heart_rate_trend
SYNTH-CRPF-01-394415,CRPF-01,leave,2026-09-03,0.6967,leave_denied_rate
SYNTH-CRPF-01-394415,CRPF-01,deployment,2026-09-03,0.2312,days_deployed_away_from_station
SYNTH-CRPF-01-394415,CRPF-01,duty_roster,2026-09-03,0.7957,consecutive_duty_days
SYNTH-CRPF-01-394415,CRPF-01,transfer,2026-09-03,0.25,postings_in_trailing_year
SYNTH-CRPF-01-394415,CRPF-01,training,2026-09-03,0.0,course_days_assigned
SYNTH-CRPF-01-394415,CRPF-01,workload,2026-09-03,0.5276,duty_hours_over_establishment
SYNTH-CRPF-01-394415,CRPF-01,self_report,2026-09-03,0.4449,instrument_score_normalised
SYNTH-CRPF-01-695998,CRPF-01,leave,2026-09-03,0.6025,leave_denied_rate
SYNTH-CRPF-01-695998,CRPF-01,deployment,2026-09-03,0.2552,days_deployed_away_from_station
SYNTH-CRPF-01-695998,CRPF-01,duty_roster,2026-09-03,0.5502,consecutive_duty_days
SYNTH-CRPF-01-695998,CRPF-01,transfer,2026-09-03,0.25,postings_in_trailing_year
SYNTH-CRPF-01-695998,CRPF-01,training,2026-09-03,0.0,course_days_assigned
SYNTH-CRPF-01-695998,CRPF-01,workload,2026-09-03,0.7412,duty_hours_over_establishment
SYNTH-CRPF-01-695998,CRPF-01,self_report,2026-09-03,0.4178,instrument_score_normalised
SYNTH-CRPF-01-695998,CRPF-01,biometric,2026-09-03,0.2992,resting_heart_rate_trend
SYNTH-CRPF-01-159950,CRPF-01,leave,2026-09-03,0.2953,leave_denied_rate
SYNTH-CRPF-01-159950,CRPF-01,deployment,2026-09-03,0.0526,days_deployed_away_from_station
SYNTH-CRPF-01-159950,CRPF-01,duty_roster,2026-09-03,0.562,consecutive_duty_days
SYNTH-CRPF-01-159950,CRPF-01,transfer,2026-09-03,0.75,postings_in_trailing_year
SYNTH-CRPF-01-159950,CRPF-01,training,2026-09-03,0.0,course_days_assigned
SYNTH-CRPF-01-159950,CRPF-01,workload,2026-09-03,0.5287,duty_hours_over_establishment
SYNTH-CRPF-01-159950,CRPF-01,self_report,2026-09-03,0.3899,instrument_score_normalised
SYNTH-CRPF-01-622107,CRPF-01,leave,2026-09-03,0.5143,leave_denied_rate
SYNTH-CRPF-01-622107,CRPF-01,deployment,2026-09-03,0.1083,days_deployed_away_from_station
SYNTH-CRPF-01-622107,CRPF-01,duty_roster,2026-09-03,0.5093,consecutive_duty_days
SYNTH-CRPF-01-622107,CRPF-01,transfer,2026-09-03,0.25,postings_in_trailing_year
SYNTH-CRPF-01-622107,CRPF-01,training,2026-09-03,0.0,course_days_assigned
SYNTH-CRPF-01-622107,CRPF-01,workload,2026-09-03,0.2809,duty_hours_over_establishment
SYNTH-CRPF-01-622107,CRPF-01,self_report,2026-09-03,0.3136,instrument_score_normalised
SYNTH-CRPF-01-622107,CRPF-01,biometric,2026-09-03,0.5695,resting_heart_rate_trend
SYNTH-CRPF-01-199856,CRPF-01,leave,2026-09-03,0.4923,leave_denied_rate
SYNTH-CRPF-01-199856,CRPF-01,deployment,2026-09-03,0.2997,days_deployed_away_from_station
SYNTH-CRPF-01-199856,CRPF-01,duty_roster,2026-09-03,0.5558,consecutive_duty_days
SYNTH-CRPF-01-199856,CRPF-01,transfer,2026-09-03,0.25,postings_in_trailing_year
SYNTH-CRPF-01-199856,CRPF-01,training,2026-09-03,0.0,course_days_assigned
SYNTH-CRPF-01-199856,CRPF-01,workload,2026-09-03,0.7538,duty_hours_over_establishment
SYNTH-CRPF-01-151155,CRPF-01,leave,2026-09-03,0.5114,leave_denied_rate
SYNTH-CRPF-01-151155,CRPF-01,deployment,2026-09-03,0.3286,days_deployed_away_from_station
SYNTH-CRPF-01-151155,CRPF-01,duty_roster,2026-09-03,0.7694,consecutive_duty_days
SYNTH-CRPF-01-151155,CRPF-01,transfer,2026-09-03,0.75,postings_in_trailing_year
SYNTH-CRPF-01-151155,CRPF-01,training,2026-09-03,0.0,course_days_assigned
SYNTH-CRPF-01-151155,CRPF-01,workload,2026-09-03,0.6241,duty_hours_over_establishment
SYNTH-CRPF-01-962635,CRPF-01,leave,2026-09-03,0.6888,leave_denied_rate
SYNTH-CRPF-01-962635,CRPF-01,deployment,2026-09-03,0.2632,days_deployed_away_from_station
SYNTH-CRPF-01-962635,CRPF-01,duty_roster,2026-09-03,0.5118,consecutive_duty_days
SYNTH-CRPF-01-962635,CRPF-01,transfer,2026-09-03,0.25,postings_in_trailing_year
SYNTH-CRPF-01-962635,CRPF-01,training,2026-09-03,0.0,course_days_assigned
SYNTH-CRPF-01-962635,CRPF-01,workload,2026-09-03,0.871,duty_hours_over_establishment
SYNTH-CRPF-01-962635,CRPF-01,self_report,2026-09-03,0.4062,instrument_score_normalised
SYNTH-CRPF-01-132189,CRPF-01,leave,2026-09-03,0.6932,leave_denied_rate
SYNTH-CRPF-01-132189,CRPF-01,deployment,2026-09-03,0.2859,days_deployed_away_from_station
SYNTH-CRPF-01-132189,CRPF-01,duty_roster,2026-09-03,0.6802,consecutive_duty_days
SYNTH-CRPF-01-132189,CRPF-01,transfer,2026-09-03,0.25,postings_in_trailing_year
SYNTH-CRPF-01-132189,CRPF-01,training,2026-09-03,0.0,course_days_assigned
SYNTH-CRPF-01-132189,CRPF-01,workload,2026-09-03,0.6238,duty_hours_over_establishment
SYNTH-CRPF-01-132189,CRPF-01,self_report,2026-09-03,0.4336,instrument_score_normalised
SYNTH-CRPF-01-338645,CRPF-01,leave,2026-09-03,0.7245,leave_denied_rate
SYNTH-CRPF-01-338645,CRPF-01,deployment,2026-09-03,0.3086,days_deployed_away_from_station
SYNTH-CRPF-01-338645,CRPF-01,duty_roster,2026-09-03,0.5047,consecutive_duty_days
SYNTH-CRPF-01-338645,CRPF-01,transfer,2026-09-03,0.25,postings_in_trailing_year
SYNTH-CRPF-01-338645,CRPF-01,training,2026-09-03,0.0,course_days_assigned
SYNTH-CRPF-01-338645,CRPF-01,workload,2026-09-03,0.5421,duty_hours_over_establishment
SYNTH-CRPF-01-338645,CRPF-01,self_report,2026-09-03,0.4175,instrument_score_normalised
SYNTH-CRPF-01-338645,CRPF-01,biometric,2026-09-03,0.2163,resting_heart_rate_trend
SYNTH-CRPF-01-243191,CRPF-01,leave,2026-09-03,0.4954,leave_denied_rate
SYNTH-CRPF-01-243191,CRPF-01,deployment,2026-09-03,0.2588,days_deployed_away_from_station
SYNTH-CRPF-01-243191,CRPF-01,duty_roster,2026-09-03,0.4754,consecutive_duty_days
SYNTH-CRPF-01-243191,CRPF-01,transfer,2026-09-03,0.25,postings_in_trailing_year
SYNTH-CRPF-01-243191,CRPF-01,training,2026-09-03,0.0,course_days_assigned
SYNTH-CRPF-01-243191,CRPF-01,workload,2026-09-03,0.6986,duty_hours_over_establishment
SYNTH-CRPF-01-636757,CRPF-01,leave,2026-09-03,0.6032,leave_denied_rate
SYNTH-CRPF-01-636757,CRPF-01,deployment,2026-09-03,0.2119,days_deployed_away_from_station
SYNTH-CRPF-01-636757,CRPF-01,duty_roster,2026-09-03,0.7858,consecutive_duty_days
SYNTH-CRPF-01-636757,CRPF-01,transfer,2026-09-03,0.75,postings_in_trailing_year
SYNTH-CRPF-01-636757,CRPF-01,training,2026-09-03,0.0,course_days_assigned
SYNTH-CRPF-01-636757,CRPF-01,workload,2026-09-03,0.7589,duty_hours_over_establishment
SYNTH-CRPF-01-636757,CRPF-01,self_report,2026-09-03,0.5907,instrument_score_normalised
SYNTH-CRPF-01-636757,CRPF-01,biometric,2026-09-03,0.4901,resting_heart_rate_trend
SYNTH-CRPF-01-574283,CRPF-01,leave,2026-09-03,0.6092,leave_denied_rate
SYNTH-CRPF-01-574283,CRPF-01,deployment,2026-09-03,0.3153,days_deployed_away_from_station
SYNTH-CRPF-01-574283,CRPF-01,duty_roster,2026-09-03,0.438,consecutive_duty_days
SYNTH-CRPF-01-574283,CRPF-01,transfer,2026-09-03,0.75,postings_in_trailing_year
SYNTH-CRPF-01-574283,CRPF-01,training,2026-09-03,0.0,course_days_assigned
SYNTH-CRPF-01-574283,CRPF-01,workload,2026-09-03,0.764,duty_hours_over_establishment
SYNTH-CRPF-01-574283,CRPF-01,self_report,2026-09-03,0.1475,instrument_score_normalised
SYNTH-CRPF-01-574283,CRPF-01,biometric,2026-09-03,0.0929,resting_heart_rate_trend
SYNTH-CRPF-01-644727,CRPF-01,leave,2026-09-03,0.6951,leave_denied_rate
SYNTH-CRPF-01-644727,CRPF-01,deployment,2026-09-03,0.3297,days_deployed_away_from_station
SYNTH-CRPF-01-644727,CRPF-01,duty_roster,2026-09-03,0.7432,consecutive_duty_days
SYNTH-CRPF-01-644727,CRPF-01,transfer,2026-09-03,0.25,postings_in_trailing_year
SYNTH-CRPF-01-644727,CRPF-01,training,2026-09-03,0.0,course_days_assigned
SYNTH-CRPF-01-644727,CRPF-01,workload,2026-09-03,0.4919,duty_hours_over_establishment
SYNTH-CRPF-01-644727,CRPF-01,self_report,2026-09-03,0.3011,instrument_score_normalised
SYNTH-CRPF-01-644727,CRPF-01,biometric,2026-09-03,0.5237,resting_heart_rate_trend
SYNTH-CRPF-01-715262,CRPF-01,leave,2026-09-03,0.5825,leave_denied_rate
SYNTH-CRPF-01-715262,CRPF-01,deployment,2026-09-03,0.1571,days_deployed_away_from_station
SYNTH-CRPF-01-715262,CRPF-01,duty_roster,2026-09-03,0.54,consecutive_duty_days
SYNTH-CRPF-01-715262,CRPF-01,transfer,2026-09-03,0.75,postings_in_trailing_year
SYNTH-CRPF-01-715262,CRPF-01,training,2026-09-03,0.0,course_days_assigned
SYNTH-CRPF-01-715262,CRPF-01,workload,2026-09-03,0.6192,duty_hours_over_establishment
SYNTH-CRPF-01-715262,CRPF-01,self_report,2026-09-03,0.3206,instrument_score_normalised
SYNTH-CRPF-01-715262,CRPF-01,biometric,2026-09-03,0.3828,resting_heart_rate_trend
SYNTH-CRPF-01-358656,CRPF-01,leave,2026-09-03,0.6164,leave_denied_rate
SYNTH-CRPF-01-358656,CRPF-01,deployment,2026-09-03,0.2933,days_deployed_away_from_station
SYNTH-CRPF-01-358656,CRPF-01,duty_roster,2026-09-03,0.6319,consecutive_duty_days
SYNTH-CRPF-01-358656,CRPF-01,transfer,2026-09-03,0.25,postings_in_trailing_year
SYNTH-CRPF-01-358656,CRPF-01,training,2026-09-03,0.0,course_days_assigned
SYNTH-CRPF-01-358656,CRPF-01,workload,2026-09-03,0.8923,duty_hours_over_establishment
SYNTH-CRPF-01-358656,CRPF-01,self_report,2026-09-03,0.5452,instrument_score_normalised
SYNTH-CRPF-01-656700,CRPF-01,leave,2026-09-03,0.4791,leave_denied_rate
SYNTH-CRPF-01-656700,CRPF-01,deployment,2026-09-03,0.1685,days_deployed_away_from_station
SYNTH-CRPF-01-656700,CRPF-01,duty_roster,2026-09-03,0.6343,consecutive_duty_days
SYNTH-CRPF-01-656700,CRPF-01,transfer,2026-09-03,0.25,postings_in_trailing_year
SYNTH-CRPF-01-656700,CRPF-01,training,2026-09-03,0.0,course_days_assigned
SYNTH-CRPF-01-656700,CRPF-01,workload,2026-09-03,0.6971,duty_hours_over_establishment
SYNTH-CRPF-01-656700,CRPF-01,self_report,2026-09-03,0.375,instrument_score_normalised
SYNTH-CRPF-01-593651,CRPF-01,leave,2026-09-03,0.473,leave_denied_rate
SYNTH-CRPF-01-593651,CRPF-01,deployment,2026-09-03,0.1519,days_deployed_away_from_station
SYNTH-CRPF-01-593651,CRPF-01,duty_roster,2026-09-03,0.5583,consecutive_duty_days
SYNTH-CRPF-01-593651,CRPF-01,transfer,2026-09-03,0.25,postings_in_trailing_year
SYNTH-CRPF-01-593651,CRPF-01,training,2026-09-03,0.0,course_days_assigned
SYNTH-CRPF-01-593651,CRPF-01,workload,2026-09-03,0.5455,duty_hours_over_establishment
SYNTH-CRPF-01-593651,CRPF-01,self_report,2026-09-03,0.2456,instrument_score_normalised
SYNTH-CRPF-01-216293,CRPF-01,leave,2026-09-03,0.3885,leave_denied_rate
SYNTH-CRPF-01-216293,CRPF-01,deployment,2026-09-03,0.0871,days_deployed_away_from_station
SYNTH-CRPF-01-216293,CRPF-01,duty_roster,2026-09-03,0.4735,consecutive_duty_days
SYNTH-CRPF-01-216293,CRPF-01,transfer,2026-09-03,0.25,postings_in_trailing_year
SYNTH-CRPF-01-216293,CRPF-01,training,2026-09-03,0.0,course_days_assigned
SYNTH-CRPF-01-216293,CRPF-01,workload,2026-09-03,0.4757,duty_hours_over_establishment
SYNTH-CRPF-01-216293,CRPF-01,self_report,2026-09-03,0.1865,instrument_score_normalised
SYNTH-CRPF-01-216293,CRPF-01,biometric,2026-09-03,0.1881,resting_heart_rate_trend
SYNTH-CRPF-01-527314,CRPF-01,leave,2026-09-03,0.488,leave_denied_rate
SYNTH-CRPF-01-527314,CRPF-01,deployment,2026-09-03,0.2574,days_deployed_away_from_station
SYNTH-CRPF-01-527314,CRPF-01,duty_roster,2026-09-03,0.7791,consecutive_duty_days
SYNTH-CRPF-01-527314,CRPF-01,transfer,2026-09-03,0.75,postings_in_trailing_year
SYNTH-CRPF-01-527314,CRPF-01,training,2026-09-03,0.0,course_days_assigned
SYNTH-CRPF-01-527314,CRPF-01,workload,2026-09-03,0.5488,duty_hours_over_establishment
SYNTH-CRPF-01-527314,CRPF-01,self_report,2026-09-03,0.289,instrument_score_normalised
SYNTH-CRPF-01-474667,CRPF-01,leave,2026-09-03,0.7773,leave_denied_rate
SYNTH-CRPF-01-474667,CRPF-01,deployment,2026-09-03,0.2615,days_deployed_away_from_station
SYNTH-CRPF-01-474667,CRPF-01,duty_roster,2026-09-03,0.7173,consecutive_duty_days
SYNTH-CRPF-01-474667,CRPF-01,transfer,2026-09-03,0.25,postings_in_trailing_year
SYNTH-CRPF-01-474667,CRPF-01,training,2026-09-03,0.0,course_days_assigned
SYNTH-CRPF-01-474667,CRPF-01,workload,2026-09-03,0.5505,duty_hours_over_establishment
SYNTH-CRPF-01-474667,CRPF-01,self_report,2026-09-03,0.4668,instrument_score_normalised
SYNTH-CRPF-01-832372,CRPF-01,leave,2026-09-03,0.7911,leave_denied_rate
SYNTH-CRPF-01-832372,CRPF-01,deployment,2026-09-03,0.2863,days_deployed_away_from_station
SYNTH-CRPF-01-832372,CRPF-01,duty_roster,2026-09-03,0.5051,consecutive_duty_days
SYNTH-CRPF-01-832372,CRPF-01,transfer,2026-09-03,0.25,postings_in_trailing_year
SYNTH-CRPF-01-832372,CRPF-01,training,2026-09-03,0.0,course_days_assigned
SYNTH-CRPF-01-832372,CRPF-01,workload,2026-09-03,0.5817,duty_hours_over_establishment
SYNTH-CRPF-01-832372,CRPF-01,biometric,2026-09-03,0.3746,resting_heart_rate_trend
SYNTH-CRPF-01-815310,CRPF-01,leave,2026-09-03,0.6024,leave_denied_rate
SYNTH-CRPF-01-815310,CRPF-01,deployment,2026-09-03,0.2943,days_deployed_away_from_station
SYNTH-CRPF-01-815310,CRPF-01,duty_roster,2026-09-03,0.5985,consecutive_duty_days
SYNTH-CRPF-01-815310,CRPF-01,transfer,2026-09-03,0.25,postings_in_trailing_year
SYNTH-CRPF-01-815310,CRPF-01,training,2026-09-03,0.0,course_days_assigned
SYNTH-CRPF-01-815310,CRPF-01,workload,2026-09-03,0.5273,duty_hours_over_establishment
SYNTH-CRPF-01-815310,CRPF-01,self_report,2026-09-03,0.1816,instrument_score_normalised
SYNTH-CRPF-01-815310,CRPF-01,biometric,2026-09-03,0.3869,resting_heart_rate_trend
SYNTH-CRPF-01-754761,CRPF-01,leave,2026-09-03,0.7067,leave_denied_rate
SYNTH-CRPF-01-754761,CRPF-01,deployment,2026-09-03,0.2377,days_deployed_away_from_station
SYNTH-CRPF-01-754761,CRPF-01,duty_roster,2026-09-03,0.5854,consecutive_duty_days
SYNTH-CRPF-01-754761,CRPF-01,transfer,2026-09-03,0.25,postings_in_trailing_year
SYNTH-CRPF-01-754761,CRPF-01,training,2026-09-03,1.0,course_days_assigned
SYNTH-CRPF-01-754761,CRPF-01,workload,2026-09-03,0.5471,duty_hours_over_establishment
SYNTH-CRPF-01-754761,CRPF-01,self_report,2026-09-03,0.2924,instrument_score_normalised
SYNTH-CRPF-01-167629,CRPF-01,leave,2026-09-03,0.4705,leave_denied_rate
SYNTH-CRPF-01-167629,CRPF-01,deployment,2026-09-03,0.2242,days_deployed_away_from_station
SYNTH-CRPF-01-167629,CRPF-01,duty_roster,2026-09-03,0.6475,consecutive_duty_days
SYNTH-CRPF-01-167629,CRPF-01,transfer,2026-09-03,0.25,postings_in_trailing_year
SYNTH-CRPF-01-167629,CRPF-01,training,2026-09-03,0.0,course_days_assigned
SYNTH-CRPF-01-167629,CRPF-01,workload,2026-09-03,0.4264,duty_hours_over_establishment
SYNTH-CRPF-01-167629,CRPF-01,self_report,2026-09-03,0.633,instrument_score_normalised
SYNTH-CRPF-01-167629,CRPF-01,biometric,2026-09-03,0.4512,resting_heart_rate_trend
SYNTH-CRPF-01-718427,CRPF-01,leave,2026-09-03,0.6217,leave_denied_rate
SYNTH-CRPF-01-718427,CRPF-01,deployment,2026-09-03,0.2989,days_deployed_away_from_station
SYNTH-CRPF-01-718427,CRPF-01,duty_roster,2026-09-03,0.7426,consecutive_duty_days
SYNTH-CRPF-01-718427,CRPF-01,transfer,2026-09-03,0.25,postings_in_trailing_year
SYNTH-CRPF-01-718427,CRPF-01,training,2026-09-03,0.0,course_days_assigned
SYNTH-CRPF-01-718427,CRPF-01,workload,2026-09-03,0.7673,duty_hours_over_establishment
SYNTH-CRPF-01-718427,CRPF-01,self_report,2026-09-03,0.3402,instrument_score_normalised
SYNTH-CRPF-01-604773,CRPF-01,leave,2026-09-03,0.6974,leave_denied_rate
SYNTH-CRPF-01-604773,CRPF-01,deployment,2026-09-03,0.3065,days_deployed_away_from_station
SYNTH-CRPF-01-604773,CRPF-01,duty_roster,2026-09-03,0.7611,consecutive_duty_days
SYNTH-CRPF-01-604773,CRPF-01,transfer,2026-09-03,0.25,postings_in_trailing_year
SYNTH-CRPF-01-604773,CRPF-01,training,2026-09-03,0.0,course_days_assigned
SYNTH-CRPF-01-604773,CRPF-01,workload,2026-09-03,0.7474,duty_hours_over_establishment
SYNTH-CRPF-01-604773,CRPF-01,self_report,2026-09-03,0.5429,instrument_score_normalised
SYNTH-CRPF-01-604773,CRPF-01,biometric,2026-09-03,0.3023,resting_heart_rate_trend
SYNTH-CRPF-01-729938,CRPF-01,leave,2026-09-03,0.5924,leave_denied_rate
SYNTH-CRPF-01-729938,CRPF-01,deployment,2026-09-03,0.2591,days_deployed_away_from_station
SYNTH-CRPF-01-729938,CRPF-01,duty_roster,2026-09-03,0.4628,consecutive_duty_days
SYNTH-CRPF-01-729938,CRPF-01,transfer,2026-09-03,0.25,postings_in_trailing_year
SYNTH-CRPF-01-729938,CRPF-01,training,2026-09-03,0.0,course_days_assigned
SYNTH-CRPF-01-729938,CRPF-01,workload,2026-09-03,0.5082,duty_hours_over_establishment
SYNTH-CRPF-01-729938,CRPF-01,self_report,2026-09-03,0.156,instrument_score_normalised
SYNTH-CRPF-01-729938,CRPF-01,biometric,2026-09-03,0.4225,resting_heart_rate_trend
SYNTH-CRPF-01-756224,CRPF-01,leave,2026-09-03,0.5675,leave_denied_rate
SYNTH-CRPF-01-756224,CRPF-01,deployment,2026-09-03,0.2483,days_deployed_away_from_station
SYNTH-CRPF-01-756224,CRPF-01,duty_roster,2026-09-03,0.7609,consecutive_duty_days
SYNTH-CRPF-01-756224,CRPF-01,transfer,2026-09-03,0.25,postings_in_trailing_year
SYNTH-CRPF-01-756224,CRPF-01,training,2026-09-03,0.0,course_days_assigned
SYNTH-CRPF-01-756224,CRPF-01,workload,2026-09-03,0.8035,duty_hours_over_establishment
SYNTH-CRPF-01-756224,CRPF-01,self_report,2026-09-03,0.2509,instrument_score_normalised
SYNTH-CRPF-01-756224,CRPF-01,biometric,2026-09-03,0.4296,resting_heart_rate_trend
SYNTH-CRPF-01-451738,CRPF-01,leave,2026-09-03,0.5206,leave_denied_rate
SYNTH-CRPF-01-451738,CRPF-01,deployment,2026-09-03,0.1418,days_deployed_away_from_station
SYNTH-CRPF-01-451738,CRPF-01,duty_roster,2026-09-03,0.3738,consecutive_duty_days
SYNTH-CRPF-01-451738,CRPF-01,transfer,2026-09-03,0.25,postings_in_trailing_year
SYNTH-CRPF-01-451738,CRPF-01,training,2026-09-03,0.0,course_days_assigned
SYNTH-CRPF-01-451738,CRPF-01,workload,2026-09-03,0.6282,duty_hours_over_establishment
SYNTH-CRPF-01-451738,CRPF-01,self_report,2026-09-03,0.2396,instrument_score_normalised
SYNTH-CRPF-01-451738,CRPF-01,biometric,2026-09-03,0.2859,resting_heart_rate_trend
SYNTH-CRPF-01-844162,CRPF-01,leave,2026-09-03,0.4569,leave_denied_rate
SYNTH-CRPF-01-844162,CRPF-01,deployment,2026-09-03,0.2314,days_deployed_away_from_station
SYNTH-CRPF-01-844162,CRPF-01,duty_roster,2026-09-03,0.7312,consecutive_duty_days
SYNTH-CRPF-01-844162,CRPF-01,transfer,2026-09-03,0.25,postings_in_trailing_year
SYNTH-CRPF-01-844162,CRPF-01,training,2026-09-03,1.0,course_days_assigned
SYNTH-CRPF-01-844162,CRPF-01,workload,2026-09-03,0.5436,duty_hours_over_establishment
SYNTH-CRPF-01-580653,CRPF-01,leave,2026-09-03,0.5972,leave_denied_rate
SYNTH-CRPF-01-580653,CRPF-01,deployment,2026-09-03,0.2026,days_deployed_away_from_station
SYNTH-CRPF-01-580653,CRPF-01,duty_roster,2026-09-03,0.4354,consecutive_duty_days
SYNTH-CRPF-01-580653,CRPF-01,transfer,2026-09-03,0.25,postings_in_trailing_year
SYNTH-CRPF-01-580653,CRPF-01,training,2026-09-03,0.0,course_days_assigned
SYNTH-CRPF-01-580653,CRPF-01,workload,2026-09-03,0.6699,duty_hours_over_establishment
SYNTH-CRPF-01-580653,CRPF-01,self_report,2026-09-03,0.2528,instrument_score_normalised
SYNTH-CRPF-01-580653,CRPF-01,biometric,2026-09-03,0.4449,resting_heart_rate_trend
SYNTH-CRPF-01-284719,CRPF-01,leave,2026-09-03,0.5608,leave_denied_rate
SYNTH-CRPF-01-284719,CRPF-01,deployment,2026-09-03,0.2322,days_deployed_away_from_station
SYNTH-CRPF-01-284719,CRPF-01,duty_roster,2026-09-03,0.6624,consecutive_duty_days
SYNTH-CRPF-01-284719,CRPF-01,transfer,2026-09-03,0.25,postings_in_trailing_year
SYNTH-CRPF-01-284719,CRPF-01,training,2026-09-03,0.0,course_days_assigned
SYNTH-CRPF-01-284719,CRPF-01,workload,2026-09-03,0.553,duty_hours_over_establishment
SYNTH-CRPF-01-284719,CRPF-01,self_report,2026-09-03,0.423,instrument_score_normalised
SYNTH-CRPF-01-762754,CRPF-01,leave,2026-09-03,0.7009,leave_denied_rate
SYNTH-CRPF-01-762754,CRPF-01,deployment,2026-09-03,0.2699,days_deployed_away_from_station
SYNTH-CRPF-01-762754,CRPF-01,duty_roster,2026-09-03,0.8003,consecutive_duty_days
SYNTH-CRPF-01-762754,CRPF-01,transfer,2026-09-03,0.25,postings_in_trailing_year
SYNTH-CRPF-01-762754,CRPF-01,training,2026-09-03,0.0,course_days_assigned
SYNTH-CRPF-01-762754,CRPF-01,workload,2026-09-03,0.8502,duty_hours_over_establishment
SYNTH-CRPF-01-762754,CRPF-01,self_report,2026-09-03,0.54,instrument_score_normalised
SYNTH-CRPF-01-795642,CRPF-01,leave,2026-09-03,0.4778,leave_denied_rate
SYNTH-CRPF-01-795642,CRPF-01,deployment,2026-09-03,0.2988,days_deployed_away_from_station
SYNTH-CRPF-01-795642,CRPF-01,duty_roster,2026-09-03,0.6121,consecutive_duty_days
SYNTH-CRPF-01-795642,CRPF-01,transfer,2026-09-03,0.75,postings_in_trailing_year
SYNTH-CRPF-01-795642,CRPF-01,training,2026-09-03,0.0,course_days_assigned
SYNTH-CRPF-01-795642,CRPF-01,workload,2026-09-03,0.7661,duty_hours_over_establishment
SYNTH-CRPF-01-795642,CRPF-01,self_report,2026-09-03,0.3926,instrument_score_normalised
SYNTH-CRPF-01-795642,CRPF-01,biometric,2026-09-03,0.4728,resting_heart_rate_trend
SYNTH-CRPF-01-325702,CRPF-01,leave,2026-09-03,0.6938,leave_denied_rate
SYNTH-CRPF-01-325702,CRPF-01,deployment,2026-09-03,0.1912,days_deployed_away_from_station
SYNTH-CRPF-01-325702,CRPF-01,duty_roster,2026-09-03,0.7025,consecutive_duty_days
SYNTH-CRPF-01-325702,CRPF-01,transfer,2026-09-03,0.75,postings_in_trailing_year
SYNTH-CRPF-01-325702,CRPF-01,training,2026-09-03,0.0,course_days_assigned
SYNTH-CRPF-01-325702,CRPF-01,workload,2026-09-03,0.5923,duty_hours_over_establishment
SYNTH-CRPF-01-325702,CRPF-01,self_report,2026-09-03,0.5198,instrument_score_normalised
SYNTH-CRPF-01-325702,CRPF-01,biometric,2026-09-03,0.4271,resting_heart_rate_trend
SYNTH-CRPF-01-141467,CRPF-01,leave,2026-09-03,0.5199,leave_denied_rate
SYNTH-CRPF-01-141467,CRPF-01,deployment,2026-09-03,0.2193,days_deployed_away_from_station
SYNTH-CRPF-01-141467,CRPF-01,duty_roster,2026-09-03,0.6251,consecutive_duty_days
SYNTH-CRPF-01-141467,CRPF-01,transfer,2026-09-03,0.75,postings_in_trailing_year
SYNTH-CRPF-01-141467,CRPF-01,training,2026-09-03,0.0,course_days_assigned
SYNTH-CRPF-01-141467,CRPF-01,workload,2026-09-03,0.7366,duty_hours_over_establishment
SYNTH-CRPF-01-141467,CRPF-01,self_report,2026-09-03,0.3613,instrument_score_normalised
SYNTH-CRPF-01-897343,CRPF-01,leave,2026-09-03,0.7932,leave_denied_rate
SYNTH-CRPF-01-897343,CRPF-01,deployment,2026-09-03,0.2841,days_deployed_away_from_station
SYNTH-CRPF-01-897343,CRPF-01,duty_roster,2026-09-03,0.4885,consecutive_duty_days
SYNTH-CRPF-01-897343,CRPF-01,transfer,2026-09-03,0.25,postings_in_trailing_year
SYNTH-CRPF-01-897343,CRPF-01,training,2026-09-03,0.0,course_days_assigned
SYNTH-CRPF-01-897343,CRPF-01,workload,2026-09-03,0.6894,duty_hours_over_establishment
SYNTH-CRPF-01-897343,CRPF-01,self_report,2026-09-03,0.1265,instrument_score_normalised
SYNTH-CRPF-01-469842,CRPF-01,leave,2026-09-03,0.6568,leave_denied_rate
SYNTH-CRPF-01-469842,CRPF-01,deployment,2026-09-03,0.1956,days_deployed_away_from_station
SYNTH-CRPF-01-469842,CRPF-01,duty_roster,2026-09-03,0.4594,consecutive_duty_days
SYNTH-CRPF-01-469842,CRPF-01,transfer,2026-09-03,0.25,postings_in_trailing_year
SYNTH-CRPF-01-469842,CRPF-01,training,2026-09-03,0.0,course_days_assigned
SYNTH-CRPF-01-469842,CRPF-01,workload,2026-09-03,0.5262,duty_hours_over_establishment
SYNTH-CRPF-01-469842,CRPF-01,self_report,2026-09-03,0.2819,instrument_score_normalised
SYNTH-CRPF-01-469842,CRPF-01,biometric,2026-09-03,0.5514,resting_heart_rate_trend
SYNTH-CRPF-01-807326,CRPF-01,leave,2026-09-03,0.6201,leave_denied_rate
SYNTH-CRPF-01-807326,CRPF-01,deployment,2026-09-03,0.1264,days_deployed_away_from_station
SYNTH-CRPF-01-807326,CRPF-01,duty_roster,2026-09-03,0.3266,consecutive_duty_days
SYNTH-CRPF-01-807326,CRPF-01,transfer,2026-09-03,0.25,postings_in_trailing_year
SYNTH-CRPF-01-807326,CRPF-01,training,2026-09-03,0.0,course_days_assigned
SYNTH-CRPF-01-807326,CRPF-01,workload,2026-09-03,0.4981,duty_hours_over_establishment
SYNTH-CRPF-01-807326,CRPF-01,biometric,2026-09-03,0.3993,resting_heart_rate_trend
SYNTH-CRPF-01-609082,CRPF-01,leave,2026-09-03,0.4453,leave_denied_rate
SYNTH-CRPF-01-609082,CRPF-01,deployment,2026-09-03,0.1743,days_deployed_away_from_station
SYNTH-CRPF-01-609082,CRPF-01,duty_roster,2026-09-03,0.4678,consecutive_duty_days
SYNTH-CRPF-01-609082,CRPF-01,transfer,2026-09-03,0.25,postings_in_trailing_year
SYNTH-CRPF-01-609082,CRPF-01,training,2026-09-03,0.0,course_days_assigned
SYNTH-CRPF-01-609082,CRPF-01,workload,2026-09-03,0.5094,duty_hours_over_establishment
SYNTH-CRPF-01-609082,CRPF-01,self_report,2026-09-03,0.479,instrument_score_normalised
SYNTH-CRPF-01-609082,CRPF-01,biometric,2026-09-03,0.5319,resting_heart_rate_trend
SYNTH-CRPF-01-106660,CRPF-01,leave,2026-09-03,0.4971,leave_denied_rate
SYNTH-CRPF-01-106660,CRPF-01,deployment,2026-09-03,0.0661,days_deployed_away_from_station
SYNTH-CRPF-01-106660,CRPF-01,duty_roster,2026-09-03,0.6117,consecutive_duty_days
SYNTH-CRPF-01-106660,CRPF-01,transfer,2026-09-03,0.25,postings_in_trailing_year
SYNTH-CRPF-01-106660,CRPF-01,training,2026-09-03,0.0,course_days_assigned
SYNTH-CRPF-01-106660,CRPF-01,workload,2026-09-03,0.3685,duty_hours_over_establishment
SYNTH-CRPF-01-106660,CRPF-01,self_report,2026-09-03,0.3229,instrument_score_normalised
SYNTH-CRPF-01-705651,CRPF-01,leave,2026-09-03,0.6804,leave_denied_rate
SYNTH-CRPF-01-705651,CRPF-01,deployment,2026-09-03,0.2338,days_deployed_away_from_station
SYNTH-CRPF-01-705651,CRPF-01,duty_roster,2026-09-03,0.6768,consecutive_duty_days
SYNTH-CRPF-01-705651,CRPF-01,transfer,2026-09-03,0.25,postings_in_trailing_year
SYNTH-CRPF-01-705651,CRPF-01,training,2026-09-03,0.0,course_days_assigned
SYNTH-CRPF-01-705651,CRPF-01,workload,2026-09-03,0.5554,duty_hours_over_establishment
SYNTH-CRPF-01-705651,CRPF-01,self_report,2026-09-03,0.3814,instrument_score_normalised
SYNTH-CRPF-01-611475,CRPF-01,leave,2026-09-03,0.6882,leave_denied_rate
SYNTH-CRPF-01-611475,CRPF-01,deployment,2026-09-03,0.2074,days_deployed_away_from_station
SYNTH-CRPF-01-611475,CRPF-01,duty_roster,2026-09-03,0.535,consecutive_duty_days
SYNTH-CRPF-01-611475,CRPF-01,transfer,2026-09-03,0.75,postings_in_trailing_year
SYNTH-CRPF-01-611475,CRPF-01,training,2026-09-03,0.0,course_days_assigned
SYNTH-CRPF-01-611475,CRPF-01,workload,2026-09-03,0.7273,duty_hours_over_establishment
SYNTH-CRPF-01-108044,CRPF-01,leave,2026-09-03,0.7847,leave_denied_rate
SYNTH-CRPF-01-108044,CRPF-01,deployment,2026-09-03,0.2204,days_deployed_away_from_station
SYNTH-CRPF-01-108044,CRPF-01,duty_roster,2026-09-03,0.7241,consecutive_duty_days
SYNTH-CRPF-01-108044,CRPF-01,transfer,2026-09-03,0.75,postings_in_trailing_year
SYNTH-CRPF-01-108044,CRPF-01,training,2026-09-03,0.0,course_days_assigned
SYNTH-CRPF-01-108044,CRPF-01,workload,2026-09-03,0.7905,duty_hours_over_establishment
SYNTH-CRPF-01-108044,CRPF-01,biometric,2026-09-03,0.5233,resting_heart_rate_trend
SYNTH-CRPF-01-222999,CRPF-01,leave,2026-09-03,0.6304,leave_denied_rate
SYNTH-CRPF-01-222999,CRPF-01,deployment,2026-09-03,0.2547,days_deployed_away_from_station
SYNTH-CRPF-01-222999,CRPF-01,duty_roster,2026-09-03,0.5797,consecutive_duty_days
SYNTH-CRPF-01-222999,CRPF-01,transfer,2026-09-03,0.25,postings_in_trailing_year
SYNTH-CRPF-01-222999,CRPF-01,training,2026-09-03,0.0,course_days_assigned
SYNTH-CRPF-01-222999,CRPF-01,workload,2026-09-03,0.7388,duty_hours_over_establishment
SYNTH-CRPF-01-577281,CRPF-01,leave,2026-09-03,0.5734,leave_denied_rate
SYNTH-CRPF-01-577281,CRPF-01,deployment,2026-09-03,0.2643,days_deployed_away_from_station
SYNTH-CRPF-01-577281,CRPF-01,duty_roster,2026-09-03,0.7245,consecutive_duty_days
SYNTH-CRPF-01-577281,CRPF-01,transfer,2026-09-03,0.25,postings_in_trailing_year
SYNTH-CRPF-01-577281,CRPF-01,training,2026-09-03,0.0,course_days_assigned
SYNTH-CRPF-01-577281,CRPF-01,workload,2026-09-03,0.6839,duty_hours_over_establishment
SYNTH-CRPF-01-577281,CRPF-01,self_report,2026-09-03,0.2937,instrument_score_normalised
SYNTH-CRPF-01-918975,CRPF-01,leave,2026-09-03,0.6096,leave_denied_rate
SYNTH-CRPF-01-918975,CRPF-01,deployment,2026-09-03,0.0786,days_deployed_away_from_station
SYNTH-CRPF-01-918975,CRPF-01,duty_roster,2026-09-03,0.533,consecutive_duty_days
SYNTH-CRPF-01-918975,CRPF-01,transfer,2026-09-03,0.25,postings_in_trailing_year
SYNTH-CRPF-01-918975,CRPF-01,training,2026-09-03,0.0,course_days_assigned
SYNTH-CRPF-01-918975,CRPF-01,workload,2026-09-03,0.4733,duty_hours_over_establishment
SYNTH-CRPF-01-918975,CRPF-01,self_report,2026-09-03,0.5407,instrument_score_normalised
SYNTH-CRPF-01-918975,CRPF-01,biometric,2026-09-03,0.2964,resting_heart_rate_trend
SYNTH-CRPF-01-649813,CRPF-01,leave,2026-09-03,0.5274,leave_denied_rate
SYNTH-CRPF-01-649813,CRPF-01,deployment,2026-09-03,0.0909,days_deployed_away_from_station
SYNTH-CRPF-01-649813,CRPF-01,duty_roster,2026-09-03,0.479,consecutive_duty_days
SYNTH-CRPF-01-649813,CRPF-01,transfer,2026-09-03,0.25,postings_in_trailing_year
SYNTH-CRPF-01-649813,CRPF-01,training,2026-09-03,0.0,course_days_assigned
SYNTH-CRPF-01-649813,CRPF-01,workload,2026-09-03,0.2902,duty_hours_over_establishment
SYNTH-CRPF-01-649813,CRPF-01,self_report,2026-09-03,0.3294,instrument_score_normalised
SYNTH-CRPF-01-484140,CRPF-01,leave,2026-09-03,0.7479,leave_denied_rate
SYNTH-CRPF-01-484140,CRPF-01,deployment,2026-09-03,0.2526,days_deployed_away_from_station
SYNTH-CRPF-01-484140,CRPF-01,duty_roster,2026-09-03,0.5628,consecutive_duty_days
SYNTH-CRPF-01-484140,CRPF-01,transfer,2026-09-03,0.25,postings_in_trailing_year
SYNTH-CRPF-01-484140,CRPF-01,training,2026-09-03,0.0,course_days_assigned
SYNTH-CRPF-01-484140,CRPF-01,workload,2026-09-03,0.6078,duty_hours_over_establishment
SYNTH-CRPF-01-484140,CRPF-01,biometric,2026-09-03,0.4565,resting_heart_rate_trend
SYNTH-CRPF-01-104245,CRPF-01,leave,2026-09-03,0.3397,leave_denied_rate
SYNTH-CRPF-01-104245,CRPF-01,deployment,2026-09-03,0.076,days_deployed_away_from_station
SYNTH-CRPF-01-104245,CRPF-01,duty_roster,2026-09-03,0.3714,consecutive_duty_days
SYNTH-CRPF-01-104245,CRPF-01,transfer,2026-09-03,0.75,postings_in_trailing_year
SYNTH-CRPF-01-104245,CRPF-01,training,2026-09-03,0.0,course_days_assigned
SYNTH-CRPF-01-104245,CRPF-01,workload,2026-09-03,0.4842,duty_hours_over_establishment
SYNTH-CRPF-01-104245,CRPF-01,self_report,2026-09-03,0.3083,instrument_score_normalised
SYNTH-CRPF-01-569243,CRPF-01,leave,2026-09-03,0.6419,leave_denied_rate
SYNTH-CRPF-01-569243,CRPF-01,deployment,2026-09-03,0.2758,days_deployed_away_from_station
SYNTH-CRPF-01-569243,CRPF-01,duty_roster,2026-09-03,0.5606,consecutive_duty_days
SYNTH-CRPF-01-569243,CRPF-01,transfer,2026-09-03,0.25,postings_in_trailing_year
SYNTH-CRPF-01-569243,CRPF-01,training,2026-09-03,0.0,course_days_assigned
SYNTH-CRPF-01-569243,CRPF-01,workload,2026-09-03,0.6594,duty_hours_over_establishment
SYNTH-CRPF-01-569243,CRPF-01,biometric,2026-09-03,0.3564,resting_heart_rate_trend
SYNTH-CRPF-01-854607,CRPF-01,leave,2026-09-03,0.3975,leave_denied_rate
SYNTH-CRPF-01-854607,CRPF-01,deployment,2026-09-03,0.1405,days_deployed_away_from_station
SYNTH-CRPF-01-854607,CRPF-01,duty_roster,2026-09-03,0.5512,consecutive_duty_days
SYNTH-CRPF-01-854607,CRPF-01,transfer,2026-09-03,0.25,postings_in_trailing_year
SYNTH-CRPF-01-854607,CRPF-01,training,2026-09-03,0.0,course_days_assigned
SYNTH-CRPF-01-854607,CRPF-01,workload,2026-09-03,0.4184,duty_hours_over_establishment
SYNTH-CRPF-01-854607,CRPF-01,self_report,2026-09-03,0.6657,instrument_score_normalised
SYNTH-CRPF-01-854607,CRPF-01,biometric,2026-09-03,0.2203,resting_heart_rate_trend
SYNTH-CRPF-01-110151,CRPF-01,leave,2026-09-03,0.6843,leave_denied_rate
SYNTH-CRPF-01-110151,CRPF-01,deployment,2026-09-03,0.1883,days_deployed_away_from_station
SYNTH-CRPF-01-110151,CRPF-01,duty_roster,2026-09-03,0.6076,consecutive_duty_days
SYNTH-CRPF-01-110151,CRPF-01,transfer,2026-09-03,0.25,postings_in_trailing_year
SYNTH-CRPF-01-110151,CRPF-01,training,2026-09-03,0.0,course_days_assigned
SYNTH-CRPF-01-110151,CRPF-01,workload,2026-09-03,0.5577,duty_hours_over_establishment
SYNTH-CRPF-01-110151,CRPF-01,self_report,2026-09-03,0.0785,instrument_score_normalised
SYNTH-CRPF-01-110151,CRPF-01,biometric,2026-09-03,0.3432,resting_heart_rate_trend
SYNTH-CRPF-01-930909,CRPF-01,leave,2026-09-03,0.5914,leave_denied_rate
SYNTH-CRPF-01-930909,CRPF-01,deployment,2026-09-03,0.2397,days_deployed_away_from_station
SYNTH-CRPF-01-930909,CRPF-01,duty_roster,2026-09-03,0.7224,consecutive_duty_days
SYNTH-CRPF-01-930909,CRPF-01,transfer,2026-09-03,0.25,postings_in_trailing_year
SYNTH-CRPF-01-930909,CRPF-01,training,2026-09-03,0.0,course_days_assigned
SYNTH-CRPF-01-930909,CRPF-01,workload,2026-09-03,0.6422,duty_hours_over_establishment
SYNTH-CRPF-01-273415,CRPF-01,leave,2026-09-03,0.8327,leave_denied_rate
SYNTH-CRPF-01-273415,CRPF-01,deployment,2026-09-03,0.287,days_deployed_away_from_station
SYNTH-CRPF-01-273415,CRPF-01,duty_roster,2026-09-03,0.6253,consecutive_duty_days
SYNTH-CRPF-01-273415,CRPF-01,transfer,2026-09-03,0.25,postings_in_trailing_year
SYNTH-CRPF-01-273415,CRPF-01,training,2026-09-03,0.0,course_days_assigned
SYNTH-CRPF-01-273415,CRPF-01,workload,2026-09-03,0.7943,duty_hours_over_establishment
SYNTH-CRPF-01-861647,CRPF-01,leave,2026-09-03,0.6041,leave_denied_rate
SYNTH-CRPF-01-861647,CRPF-01,deployment,2026-09-03,0.1842,days_deployed_away_from_station
SYNTH-CRPF-01-861647,CRPF-01,duty_roster,2026-09-03,0.6956,consecutive_duty_days
SYNTH-CRPF-01-861647,CRPF-01,transfer,2026-09-03,0.25,postings_in_trailing_year
SYNTH-CRPF-01-861647,CRPF-01,training,2026-09-03,0.0,course_days_assigned
SYNTH-CRPF-01-861647,CRPF-01,workload,2026-09-03,0.426,duty_hours_over_establishment
SYNTH-CRPF-01-470063,CRPF-01,leave,2026-09-03,0.787,leave_denied_rate
SYNTH-CRPF-01-470063,CRPF-01,deployment,2026-09-03,0.3118,days_deployed_away_from_station
SYNTH-CRPF-01-470063,CRPF-01,duty_roster,2026-09-03,0.79,consecutive_duty_days
SYNTH-CRPF-01-470063,CRPF-01,transfer,2026-09-03,0.25,postings_in_trailing_year
SYNTH-CRPF-01-470063,CRPF-01,training,2026-09-03,0.0,course_days_assigned
SYNTH-CRPF-01-470063,CRPF-01,workload,2026-09-03,0.5792,duty_hours_over_establishment
SYNTH-CRPF-01-470063,CRPF-01,self_report,2026-09-03,0.2074,instrument_score_normalised
SYNTH-CRPF-01-597353,CRPF-01,leave,2026-09-03,0.6946,leave_denied_rate
SYNTH-CRPF-01-597353,CRPF-01,deployment,2026-09-03,0.2518,days_deployed_away_from_station
SYNTH-CRPF-01-597353,CRPF-01,duty_roster,2026-09-03,0.6989,consecutive_duty_days
SYNTH-CRPF-01-597353,CRPF-01,transfer,2026-09-03,0.75,postings_in_trailing_year
SYNTH-CRPF-01-597353,CRPF-01,training,2026-09-03,0.0,course_days_assigned
SYNTH-CRPF-01-597353,CRPF-01,workload,2026-09-03,0.5216,duty_hours_over_establishment
SYNTH-CRPF-01-597353,CRPF-01,self_report,2026-09-03,0.2068,instrument_score_normalised
SYNTH-CRPF-01-398737,CRPF-01,leave,2026-09-03,0.339,leave_denied_rate
SYNTH-CRPF-01-398737,CRPF-01,deployment,2026-09-03,0.0875,days_deployed_away_from_station
SYNTH-CRPF-01-398737,CRPF-01,duty_roster,2026-09-03,0.4455,consecutive_duty_days
SYNTH-CRPF-01-398737,CRPF-01,transfer,2026-09-03,0.25,postings_in_trailing_year
SYNTH-CRPF-01-398737,CRPF-01,training,2026-09-03,0.0,course_days_assigned
SYNTH-CRPF-01-398737,CRPF-01,workload,2026-09-03,0.4989,duty_hours_over_establishment
SYNTH-CRPF-01-398737,CRPF-01,self_report,2026-09-03,0.0872,instrument_score_normalised
SYNTH-CRPF-01-717918,CRPF-01,leave,2026-09-03,0.8113,leave_denied_rate
SYNTH-CRPF-01-717918,CRPF-01,deployment,2026-09-03,0.322,days_deployed_away_from_station
SYNTH-CRPF-01-717918,CRPF-01,duty_roster,2026-09-03,0.8203,consecutive_duty_days
SYNTH-CRPF-01-717918,CRPF-01,transfer,2026-09-03,0.75,postings_in_trailing_year
SYNTH-CRPF-01-717918,CRPF-01,training,2026-09-03,0.0,course_days_assigned
SYNTH-CRPF-01-717918,CRPF-01,workload,2026-09-03,0.7626,duty_hours_over_establishment
SYNTH-CRPF-01-717918,CRPF-01,self_report,2026-09-03,0.289,instrument_score_normalised
SYNTH-CRPF-01-246532,CRPF-01,leave,2026-09-03,0.7618,leave_denied_rate
SYNTH-CRPF-01-246532,CRPF-01,deployment,2026-09-03,0.3041,days_deployed_away_from_station
SYNTH-CRPF-01-246532,CRPF-01,duty_roster,2026-09-03,0.5856,consecutive_duty_days
SYNTH-CRPF-01-246532,CRPF-01,transfer,2026-09-03,0.25,postings_in_trailing_year
SYNTH-CRPF-01-246532,CRPF-01,training,2026-09-03,0.0,course_days_assigned
SYNTH-CRPF-01-246532,CRPF-01,workload,2026-09-03,0.8189,duty_hours_over_establishment
SYNTH-CRPF-01-246532,CRPF-01,self_report,2026-09-03,0.1632,instrument_score_normalised
SYNTH-CRPF-01-246532,CRPF-01,biometric,2026-09-03,0.4262,resting_heart_rate_trend
SYNTH-CRPF-01-742992,CRPF-01,leave,2026-09-03,0.6652,leave_denied_rate
SYNTH-CRPF-01-742992,CRPF-01,deployment,2026-09-03,0.093,days_deployed_away_from_station
SYNTH-CRPF-01-742992,CRPF-01,duty_roster,2026-09-03,0.5863,consecutive_duty_days
SYNTH-CRPF-01-742992,CRPF-01,transfer,2026-09-03,0.25,postings_in_trailing_year
SYNTH-CRPF-01-742992,CRPF-01,training,2026-09-03,0.0,course_days_assigned
SYNTH-CRPF-01-742992,CRPF-01,workload,2026-09-03,0.392,duty_hours_over_establishment
SYNTH-CRPF-01-865163,CRPF-01,leave,2026-09-03,0.4312,leave_denied_rate
SYNTH-CRPF-01-865163,CRPF-01,deployment,2026-09-03,0.1804,days_deployed_away_from_station
SYNTH-CRPF-01-865163,CRPF-01,duty_roster,2026-09-03,0.4922,consecutive_duty_days
SYNTH-CRPF-01-865163,CRPF-01,transfer,2026-09-03,0.25,postings_in_trailing_year
SYNTH-CRPF-01-865163,CRPF-01,training,2026-09-03,0.0,course_days_assigned
SYNTH-CRPF-01-865163,CRPF-01,workload,2026-09-03,0.3658,duty_hours_over_establishment
SYNTH-CRPF-01-865163,CRPF-01,self_report,2026-09-03,0.2567,instrument_score_normalised
SYNTH-CRPF-01-865163,CRPF-01,biometric,2026-09-03,0.5168,resting_heart_rate_trend
SYNTH-CRPF-01-966380,CRPF-01,leave,2026-09-03,0.5796,leave_denied_rate
SYNTH-CRPF-01-966380,CRPF-01,deployment,2026-09-03,0.3016,days_deployed_away_from_station
SYNTH-CRPF-01-966380,CRPF-01,duty_roster,2026-09-03,0.5874,consecutive_duty_days
SYNTH-CRPF-01-966380,CRPF-01,transfer,2026-09-03,0.25,postings_in_trailing_year
SYNTH-CRPF-01-966380,CRPF-01,training,2026-09-03,0.0,course_days_assigned
SYNTH-CRPF-01-966380,CRPF-01,workload,2026-09-03,0.6975,duty_hours_over_establishment
SYNTH-CRPF-01-391839,CRPF-01,leave,2026-09-03,0.2866,leave_denied_rate
SYNTH-CRPF-01-391839,CRPF-01,deployment,2026-09-03,0.0406,days_deployed_away_from_station
SYNTH-CRPF-01-391839,CRPF-01,duty_roster,2026-09-03,0.427,consecutive_duty_days
SYNTH-CRPF-01-391839,CRPF-01,transfer,2026-09-03,0.25,postings_in_trailing_year
SYNTH-CRPF-01-391839,CRPF-01,training,2026-09-03,0.0,course_days_assigned
SYNTH-CRPF-01-391839,CRPF-01,workload,2026-09-03,0.236,duty_hours_over_establishment
SYNTH-CRPF-01-668662,CRPF-01,leave,2026-09-03,0.6273,leave_denied_rate
SYNTH-CRPF-01-668662,CRPF-01,deployment,2026-09-03,0.105,days_deployed_away_from_station
SYNTH-CRPF-01-668662,CRPF-01,duty_roster,2026-09-03,0.6491,consecutive_duty_days
SYNTH-CRPF-01-668662,CRPF-01,transfer,2026-09-03,0.25,postings_in_trailing_year
SYNTH-CRPF-01-668662,CRPF-01,training,2026-09-03,0.0,course_days_assigned
SYNTH-CRPF-01-668662,CRPF-01,workload,2026-09-03,0.5079,duty_hours_over_establishment
SYNTH-CRPF-01-668662,CRPF-01,self_report,2026-09-03,0.4507,instrument_score_normalised
SYNTH-CRPF-01-668662,CRPF-01,biometric,2026-09-03,0.4797,resting_heart_rate_trend
SYNTH-CRPF-01-472369,CRPF-01,leave,2026-09-03,0.7026,leave_denied_rate
SYNTH-CRPF-01-472369,CRPF-01,deployment,2026-09-03,0.1795,days_deployed_away_from_station
SYNTH-CRPF-01-472369,CRPF-01,duty_roster,2026-09-03,0.641,consecutive_duty_days
SYNTH-CRPF-01-472369,CRPF-01,transfer,2026-09-03,0.75,postings_in_trailing_year
SYNTH-CRPF-01-472369,CRPF-01,training,2026-09-03,0.0,course_days_assigned
SYNTH-CRPF-01-472369,CRPF-01,workload,2026-09-03,0.4141,duty_hours_over_establishment
SYNTH-CRPF-01-472369,CRPF-01,self_report,2026-09-03,0.6429,instrument_score_normalised
SYNTH-CRPF-01-128517,CRPF-01,leave,2026-09-03,0.6163,leave_denied_rate
SYNTH-CRPF-01-128517,CRPF-01,deployment,2026-09-03,0.2537,days_deployed_away_from_station
SYNTH-CRPF-01-128517,CRPF-01,duty_roster,2026-09-03,0.6421,consecutive_duty_days
SYNTH-CRPF-01-128517,CRPF-01,transfer,2026-09-03,0.75,postings_in_trailing_year
SYNTH-CRPF-01-128517,CRPF-01,training,2026-09-03,0.0,course_days_assigned
SYNTH-CRPF-01-128517,CRPF-01,workload,2026-09-03,0.6178,duty_hours_over_establishment
SYNTH-CRPF-01-128517,CRPF-01,self_report,2026-09-03,0.4866,instrument_score_normalised
SYNTH-CRPF-01-948893,CRPF-01,leave,2026-09-03,0.4823,leave_denied_rate
SYNTH-CRPF-01-948893,CRPF-01,deployment,2026-09-03,0.2516,days_deployed_away_from_station
SYNTH-CRPF-01-948893,CRPF-01,duty_roster,2026-09-03,0.4619,consecutive_duty_days
SYNTH-CRPF-01-948893,CRPF-01,transfer,2026-09-03,0.25,postings_in_trailing_year
SYNTH-CRPF-01-948893,CRPF-01,training,2026-09-03,0.0,course_days_assigned
SYNTH-CRPF-01-948893,CRPF-01,workload,2026-09-03,0.5894,duty_hours_over_establishment
SYNTH-CRPF-01-948893,CRPF-01,self_report,2026-09-03,0.4482,instrument_score_normalised
SYNTH-CRPF-01-916568,CRPF-01,leave,2026-09-03,0.7356,leave_denied_rate
SYNTH-CRPF-01-916568,CRPF-01,deployment,2026-09-03,0.3043,days_deployed_away_from_station
SYNTH-CRPF-01-916568,CRPF-01,duty_roster,2026-09-03,0.6392,consecutive_duty_days
SYNTH-CRPF-01-916568,CRPF-01,transfer,2026-09-03,0.75,postings_in_trailing_year
SYNTH-CRPF-01-916568,CRPF-01,training,2026-09-03,0.0,course_days_assigned
SYNTH-CRPF-01-916568,CRPF-01,workload,2026-09-03,0.7892,duty_hours_over_establishment
SYNTH-CRPF-01-916568,CRPF-01,biometric,2026-09-03,0.486,resting_heart_rate_trend
SYNTH-CRPF-01-430355,CRPF-01,leave,2026-09-03,0.507,leave_denied_rate
SYNTH-CRPF-01-430355,CRPF-01,deployment,2026-09-03,0.2717,days_deployed_away_from_station
SYNTH-CRPF-01-430355,CRPF-01,duty_roster,2026-09-03,0.6885,consecutive_duty_days
SYNTH-CRPF-01-430355,CRPF-01,transfer,2026-09-03,0.25,postings_in_trailing_year
SYNTH-CRPF-01-430355,CRPF-01,training,2026-09-03,0.0,course_days_assigned
SYNTH-CRPF-01-430355,CRPF-01,workload,2026-09-03,0.4946,duty_hours_over_establishment
SYNTH-CRPF-01-430355,CRPF-01,self_report,2026-09-03,0.321,instrument_score_normalised
SYNTH-CRPF-01-446360,CRPF-01,leave,2026-09-03,0.3501,leave_denied_rate
SYNTH-CRPF-01-446360,CRPF-01,deployment,2026-09-03,0.0722,days_deployed_away_from_station
SYNTH-CRPF-01-446360,CRPF-01,duty_roster,2026-09-03,0.3828,consecutive_duty_days
SYNTH-CRPF-01-446360,CRPF-01,transfer,2026-09-03,0.25,postings_in_trailing_year
SYNTH-CRPF-01-446360,CRPF-01,training,2026-09-03,0.0,course_days_assigned
SYNTH-CRPF-01-446360,CRPF-01,workload,2026-09-03,0.4302,duty_hours_over_establishment
SYNTH-CRPF-01-917928,CRPF-01,leave,2026-09-03,0.4914,leave_denied_rate
SYNTH-CRPF-01-917928,CRPF-01,deployment,2026-09-03,0.1771,days_deployed_away_from_station
SYNTH-CRPF-01-917928,CRPF-01,duty_roster,2026-09-03,0.6571,consecutive_duty_days
SYNTH-CRPF-01-917928,CRPF-01,transfer,2026-09-03,0.25,postings_in_trailing_year
SYNTH-CRPF-01-917928,CRPF-01,training,2026-09-03,0.0,course_days_assigned
SYNTH-CRPF-01-917928,CRPF-01,workload,2026-09-03,0.642,duty_hours_over_establishment
SYNTH-CRPF-01-917928,CRPF-01,biometric,2026-09-03,0.2527,resting_heart_rate_trend
SYNTH-CRPF-01-375001,CRPF-01,leave,2026-09-03,0.5313,leave_denied_rate
SYNTH-CRPF-01-375001,CRPF-01,deployment,2026-09-03,0.2977,days_deployed_away_from_station
SYNTH-CRPF-01-375001,CRPF-01,duty_roster,2026-09-03,0.5463,consecutive_duty_days
SYNTH-CRPF-01-375001,CRPF-01,transfer,2026-09-03,0.25,postings_in_trailing_year
SYNTH-CRPF-01-375001,CRPF-01,training,2026-09-03,0.0,course_days_assigned
SYNTH-CRPF-01-375001,CRPF-01,workload,2026-09-03,0.5445,duty_hours_over_establishment
SYNTH-CRPF-01-375001,CRPF-01,self_report,2026-09-03,0.4747,instrument_score_normalised
SYNTH-CRPF-01-455510,CRPF-01,leave,2026-09-02,0.7557,leave_denied_rate
SYNTH-CRPF-01-455510,CRPF-01,deployment,2026-09-02,0.2993,days_deployed_away_from_station
SYNTH-CRPF-01-455510,CRPF-01,duty_roster,2026-09-02,0.5292,consecutive_duty_days
SYNTH-CRPF-01-455510,CRPF-01,transfer,2026-09-02,0.25,postings_in_trailing_year
SYNTH-CRPF-01-455510,CRPF-01,training,2026-09-02,0.0,course_days_assigned
SYNTH-CRPF-01-455510,CRPF-01,workload,2026-09-02,0.5475,duty_hours_over_establishment
SYNTH-CRPF-01-465274,CRPF-01,leave,2026-09-02,0.7233,leave_denied_rate
SYNTH-CRPF-01-465274,CRPF-01,deployment,2026-09-02,0.2565,days_deployed_away_from_station
SYNTH-CRPF-01-465274,CRPF-01,duty_roster,2026-09-02,0.7185,consecutive_duty_days
SYNTH-CRPF-01-465274,CRPF-01,transfer,2026-09-02,0.25,postings_in_trailing_year
SYNTH-CRPF-01-465274,CRPF-01,training,2026-09-02,0.0,course_days_assigned
SYNTH-CRPF-01-465274,CRPF-01,workload,2026-09-02,0.6545,duty_hours_over_establishment
SYNTH-CRPF-01-465274,CRPF-01,self_report,2026-09-02,0.1925,instrument_score_normalised
SYNTH-CRPF-01-998057,CRPF-01,leave,2026-09-02,0.5116,leave_denied_rate
SYNTH-CRPF-01-998057,CRPF-01,deployment,2026-09-02,0.1662,days_deployed_away_from_station
SYNTH-CRPF-01-998057,CRPF-01,duty_roster,2026-09-02,0.4287,consecutive_duty_days
SYNTH-CRPF-01-998057,CRPF-01,transfer,2026-09-02,0.25,postings_in_trailing_year
SYNTH-CRPF-01-998057,CRPF-01,training,2026-09-02,0.0,course_days_assigned
SYNTH-CRPF-01-998057,CRPF-01,workload,2026-09-02,0.4105,duty_hours_over_establishment
SYNTH-CRPF-01-998057,CRPF-01,self_report,2026-09-02,0.3095,instrument_score_normalised
SYNTH-CRPF-01-704953,CRPF-01,leave,2026-09-02,0.4198,leave_denied_rate
SYNTH-CRPF-01-704953,CRPF-01,deployment,2026-09-02,0.182,days_deployed_away_from_station
SYNTH-CRPF-01-704953,CRPF-01,duty_roster,2026-09-02,0.5116,consecutive_duty_days
SYNTH-CRPF-01-704953,CRPF-01,transfer,2026-09-02,0.25,postings_in_trailing_year
SYNTH-CRPF-01-704953,CRPF-01,training,2026-09-02,0.0,course_days_assigned
SYNTH-CRPF-01-704953,CRPF-01,workload,2026-09-02,0.4704,duty_hours_over_establishment
SYNTH-CRPF-01-704953,CRPF-01,self_report,2026-09-02,0.4315,instrument_score_normalised
SYNTH-CRPF-01-548760,CRPF-01,leave,2026-09-02,0.2275,leave_denied_rate
SYNTH-CRPF-01-548760,CRPF-01,deployment,2026-09-02,0.0365,days_deployed_away_from_station
SYNTH-CRPF-01-548760,CRPF-01,duty_roster,2026-09-02,0.3783,consecutive_duty_days
SYNTH-CRPF-01-548760,CRPF-01,transfer,2026-09-02,0.25,postings_in_trailing_year
SYNTH-CRPF-01-548760,CRPF-01,training,2026-09-02,0.0,course_days_assigned
SYNTH-CRPF-01-548760,CRPF-01,workload,2026-09-02,0.4195,duty_hours_over_establishment
SYNTH-CRPF-01-548760,CRPF-01,biometric,2026-09-02,0.2459,resting_heart_rate_trend
SYNTH-CRPF-01-631837,CRPF-01,leave,2026-09-02,0.432,leave_denied_rate
SYNTH-CRPF-01-631837,CRPF-01,deployment,2026-09-02,0.1738,days_deployed_away_from_station
SYNTH-CRPF-01-631837,CRPF-01,duty_roster,2026-09-02,0.4907,consecutive_duty_days
SYNTH-CRPF-01-631837,CRPF-01,transfer,2026-09-02,0.25,postings_in_trailing_year
SYNTH-CRPF-01-631837,CRPF-01,training,2026-09-02,0.0,course_days_assigned
SYNTH-CRPF-01-631837,CRPF-01,workload,2026-09-02,0.4128,duty_hours_over_establishment
SYNTH-CRPF-01-583055,CRPF-01,leave,2026-09-02,0.7313,leave_denied_rate
SYNTH-CRPF-01-583055,CRPF-01,deployment,2026-09-02,0.1502,days_deployed_away_from_station
SYNTH-CRPF-01-583055,CRPF-01,duty_roster,2026-09-02,0.4557,consecutive_duty_days
SYNTH-CRPF-01-583055,CRPF-01,transfer,2026-09-02,0.25,postings_in_trailing_year
SYNTH-CRPF-01-583055,CRPF-01,training,2026-09-02,0.0,course_days_assigned
SYNTH-CRPF-01-583055,CRPF-01,workload,2026-09-02,0.6932,duty_hours_over_establishment
SYNTH-CRPF-01-583055,CRPF-01,self_report,2026-09-02,0.4459,instrument_score_normalised
SYNTH-CRPF-01-800162,CRPF-01,leave,2026-09-02,0.6726,leave_denied_rate
SYNTH-CRPF-01-800162,CRPF-01,deployment,2026-09-02,0.2031,days_deployed_away_from_station
SYNTH-CRPF-01-800162,CRPF-01,duty_roster,2026-09-02,0.7403,consecutive_duty_days
SYNTH-CRPF-01-800162,CRPF-01,transfer,2026-09-02,0.25,postings_in_trailing_year
SYNTH-CRPF-01-800162,CRPF-01,training,2026-09-02,0.0,course_days_assigned
SYNTH-CRPF-01-800162,CRPF-01,workload,2026-09-02,0.5931,duty_hours_over_establishment
SYNTH-CRPF-01-800162,CRPF-01,self_report,2026-09-02,0.2844,instrument_score_normalised
SYNTH-CRPF-01-473091,CRPF-01,leave,2026-09-02,0.8079,leave_denied_rate
SYNTH-CRPF-01-473091,CRPF-01,deployment,2026-09-02,0.2003,days_deployed_away_from_station
SYNTH-CRPF-01-473091,CRPF-01,duty_roster,2026-09-02,0.893,consecutive_duty_days
SYNTH-CRPF-01-473091,CRPF-01,transfer,2026-09-02,0.25,postings_in_trailing_year
SYNTH-CRPF-01-473091,CRPF-01,training,2026-09-02,0.0,course_days_assigned
SYNTH-CRPF-01-473091,CRPF-01,workload,2026-09-02,0.633,duty_hours_over_establishment
SYNTH-CRPF-01-473091,CRPF-01,self_report,2026-09-02,0.7544,instrument_score_normalised
SYNTH-CRPF-01-473091,CRPF-01,biometric,2026-09-02,0.4727,resting_heart_rate_trend
SYNTH-CRPF-01-124771,CRPF-01,leave,2026-09-02,0.5975,leave_denied_rate
SYNTH-CRPF-01-124771,CRPF-01,deployment,2026-09-02,0.1174,days_deployed_away_from_station
SYNTH-CRPF-01-124771,CRPF-01,duty_roster,2026-09-02,0.367,consecutive_duty_days
SYNTH-CRPF-01-124771,CRPF-01,transfer,2026-09-02,0.25,postings_in_trailing_year
SYNTH-CRPF-01-124771,CRPF-01,training,2026-09-02,0.0,course_days_assigned
SYNTH-CRPF-01-124771,CRPF-01,workload,2026-09-02,0.5575,duty_hours_over_establishment
SYNTH-CRPF-01-124771,CRPF-01,biometric,2026-09-02,0.2348,resting_heart_rate_trend
SYNTH-CRPF-01-976873,CRPF-01,leave,2026-09-02,0.5947,leave_denied_rate
SYNTH-CRPF-01-976873,CRPF-01,deployment,2026-09-02,0.2016,days_deployed_away_from_station
SYNTH-CRPF-01-976873,CRPF-01,duty_roster,2026-09-02,0.455,consecutive_duty_days
SYNTH-CRPF-01-976873,CRPF-01,transfer,2026-09-02,0.25,postings_in_trailing_year
SYNTH-CRPF-01-976873,CRPF-01,training,2026-09-02,0.0,course_days_assigned
SYNTH-CRPF-01-976873,CRPF-01,workload,2026-09-02,0.5098,duty_hours_over_establishment
SYNTH-CRPF-01-976873,CRPF-01,self_report,2026-09-02,0.1484,instrument_score_normalised
SYNTH-CRPF-01-976873,CRPF-01,biometric,2026-09-02,0.3403,resting_heart_rate_trend
SYNTH-CRPF-01-507676,CRPF-01,leave,2026-09-02,0.6095,leave_denied_rate
SYNTH-CRPF-01-507676,CRPF-01,deployment,2026-09-02,0.1517,days_deployed_away_from_station
SYNTH-CRPF-01-507676,CRPF-01,duty_roster,2026-09-02,0.6168,consecutive_duty_days
SYNTH-CRPF-01-507676,CRPF-01,transfer,2026-09-02,0.25,postings_in_trailing_year
SYNTH-CRPF-01-507676,CRPF-01,training,2026-09-02,0.0,course_days_assigned
SYNTH-CRPF-01-507676,CRPF-01,workload,2026-09-02,0.5487,duty_hours_over_establishment
SYNTH-CRPF-01-507676,CRPF-01,self_report,2026-09-02,0.2048,instrument_score_normalised
SYNTH-CRPF-01-239213,CRPF-01,leave,2026-09-02,0.6625,leave_denied_rate
SYNTH-CRPF-01-239213,CRPF-01,deployment,2026-09-02,0.2138,days_deployed_away_from_station
SYNTH-CRPF-01-239213,CRPF-01,duty_roster,2026-09-02,0.6647,consecutive_duty_days
SYNTH-CRPF-01-239213,CRPF-01,transfer,2026-09-02,0.25,postings_in_trailing_year
SYNTH-CRPF-01-239213,CRPF-01,training,2026-09-02,0.0,course_days_assigned
SYNTH-CRPF-01-239213,CRPF-01,workload,2026-09-02,0.6479,duty_hours_over_establishment
SYNTH-CRPF-01-239213,CRPF-01,self_report,2026-09-02,0.4572,instrument_score_normalised
SYNTH-CRPF-01-239213,CRPF-01,biometric,2026-09-02,0.2729,resting_heart_rate_trend
SYNTH-CRPF-01-552876,CRPF-01,leave,2026-09-02,0.7381,leave_denied_rate
SYNTH-CRPF-01-552876,CRPF-01,deployment,2026-09-02,0.2571,days_deployed_away_from_station
SYNTH-CRPF-01-552876,CRPF-01,duty_roster,2026-09-02,0.656,consecutive_duty_days
SYNTH-CRPF-01-552876,CRPF-01,transfer,2026-09-02,0.25,postings_in_trailing_year
SYNTH-CRPF-01-552876,CRPF-01,training,2026-09-02,0.0,course_days_assigned
SYNTH-CRPF-01-552876,CRPF-01,workload,2026-09-02,0.7725,duty_hours_over_establishment
SYNTH-CRPF-01-552876,CRPF-01,self_report,2026-09-02,0.3248,instrument_score_normalised
SYNTH-CRPF-01-552876,CRPF-01,biometric,2026-09-02,0.1519,resting_heart_rate_trend
SYNTH-CRPF-01-582851,CRPF-01,leave,2026-09-02,0.6056,leave_denied_rate
SYNTH-CRPF-01-582851,CRPF-01,deployment,2026-09-02,0.2588,days_deployed_away_from_station
SYNTH-CRPF-01-582851,CRPF-01,duty_roster,2026-09-02,0.4873,consecutive_duty_days
SYNTH-CRPF-01-582851,CRPF-01,transfer,2026-09-02,0.25,postings_in_trailing_year
SYNTH-CRPF-01-582851,CRPF-01,training,2026-09-02,0.0,course_days_assigned
SYNTH-CRPF-01-582851,CRPF-01,workload,2026-09-02,0.7873,duty_hours_over_establishment
SYNTH-CRPF-01-719618,CRPF-01,leave,2026-09-02,0.3685,leave_denied_rate
SYNTH-CRPF-01-719618,CRPF-01,deployment,2026-09-02,0.1454,days_deployed_away_from_station
SYNTH-CRPF-01-719618,CRPF-01,duty_roster,2026-09-02,0.3821,consecutive_duty_days
SYNTH-CRPF-01-719618,CRPF-01,transfer,2026-09-02,0.25,postings_in_trailing_year
SYNTH-CRPF-01-719618,CRPF-01,training,2026-09-02,0.0,course_days_assigned
SYNTH-CRPF-01-719618,CRPF-01,workload,2026-09-02,0.543,duty_hours_over_establishment
SYNTH-CRPF-01-719618,CRPF-01,biometric,2026-09-02,0.2784,resting_heart_rate_trend
SYNTH-CRPF-01-451473,CRPF-01,leave,2026-09-02,0.8198,leave_denied_rate
SYNTH-CRPF-01-451473,CRPF-01,deployment,2026-09-02,0.2688,days_deployed_away_from_station
SYNTH-CRPF-01-451473,CRPF-01,duty_roster,2026-09-02,0.7655,consecutive_duty_days
SYNTH-CRPF-01-451473,CRPF-01,transfer,2026-09-02,0.25,postings_in_trailing_year
SYNTH-CRPF-01-451473,CRPF-01,training,2026-09-02,0.0,course_days_assigned
SYNTH-CRPF-01-451473,CRPF-01,workload,2026-09-02,0.8329,duty_hours_over_establishment
SYNTH-CRPF-01-451473,CRPF-01,self_report,2026-09-02,0.0917,instrument_score_normalised
SYNTH-CRPF-01-873879,CRPF-01,leave,2026-09-02,0.4339,leave_denied_rate
SYNTH-CRPF-01-873879,CRPF-01,deployment,2026-09-02,0.1516,days_deployed_away_from_station
SYNTH-CRPF-01-873879,CRPF-01,duty_roster,2026-09-02,0.4447,consecutive_duty_days
SYNTH-CRPF-01-873879,CRPF-01,transfer,2026-09-02,0.25,postings_in_trailing_year
SYNTH-CRPF-01-873879,CRPF-01,training,2026-09-02,0.0,course_days_assigned
SYNTH-CRPF-01-873879,CRPF-01,workload,2026-09-02,0.5297,duty_hours_over_establishment
SYNTH-CRPF-01-873879,CRPF-01,self_report,2026-09-02,0.4269,instrument_score_normalised
SYNTH-CRPF-01-873879,CRPF-01,biometric,2026-09-02,0.3113,resting_heart_rate_trend
SYNTH-CRPF-01-362120,CRPF-01,leave,2026-09-02,0.7515,leave_denied_rate
SYNTH-CRPF-01-362120,CRPF-01,deployment,2026-09-02,0.318,days_deployed_away_from_station
SYNTH-CRPF-01-362120,CRPF-01,duty_roster,2026-09-02,0.8393,consecutive_duty_days
SYNTH-CRPF-01-362120,CRPF-01,transfer,2026-09-02,0.75,postings_in_trailing_year
SYNTH-CRPF-01-362120,CRPF-01,training,2026-09-02,0.0,course_days_assigned
SYNTH-CRPF-01-362120,CRPF-01,workload,2026-09-02,0.787,duty_hours_over_establishment
SYNTH-CRPF-01-736301,CRPF-01,leave,2026-09-02,0.7254,leave_denied_rate
SYNTH-CRPF-01-736301,CRPF-01,deployment,2026-09-02,0.2522,days_deployed_away_from_station
SYNTH-CRPF-01-736301,CRPF-01,duty_roster,2026-09-02,0.6991,consecutive_duty_days
SYNTH-CRPF-01-736301,CRPF-01,transfer,2026-09-02,0.25,postings_in_trailing_year
SYNTH-CRPF-01-736301,CRPF-01,training,2026-09-02,0.0,course_days_assigned
SYNTH-CRPF-01-736301,CRPF-01,workload,2026-09-02,0.7535,duty_hours_over_establishment
SYNTH-CRPF-01-736301,CRPF-01,self_report,2026-09-02,0.2698,instrument_score_normalised
SYNTH-CRPF-01-736301,CRPF-01,biometric,2026-09-02,0.2052,resting_heart_rate_trend
SYNTH-CRPF-01-128836,CRPF-01,leave,2026-09-02,0.5257,leave_denied_rate
SYNTH-CRPF-01-128836,CRPF-01,deployment,2026-09-02,0.2215,days_deployed_away_from_station
SYNTH-CRPF-01-128836,CRPF-01,duty_roster,2026-09-02,0.5118,consecutive_duty_days
SYNTH-CRPF-01-128836,CRPF-01,transfer,2026-09-02,0.25,postings_in_trailing_year
SYNTH-CRPF-01-128836,CRPF-01,training,2026-09-02,0.0,course_days_assigned
SYNTH-CRPF-01-128836,CRPF-01,workload,2026-09-02,0.7499,duty_hours_over_establishment
SYNTH-CRPF-01-128836,CRPF-01,biometric,2026-09-02,0.2944,resting_heart_rate_trend
SYNTH-CRPF-01-445316,CRPF-01,leave,2026-09-02,0.6147,leave_denied_rate
SYNTH-CRPF-01-445316,CRPF-01,deployment,2026-09-02,0.2092,days_deployed_away_from_station
SYNTH-CRPF-01-445316,CRPF-01,duty_roster,2026-09-02,0.6718,consecutive_duty_days
SYNTH-CRPF-01-445316,CRPF-01,transfer,2026-09-02,0.25,postings_in_trailing_year
SYNTH-CRPF-01-445316,CRPF-01,training,2026-09-02,0.0,course_days_assigned
SYNTH-CRPF-01-445316,CRPF-01,workload,2026-09-02,0.5302,duty_hours_over_establishment
SYNTH-CRPF-01-445316,CRPF-01,self_report,2026-09-02,0.5332,instrument_score_normalised
SYNTH-CRPF-01-669793,CRPF-01,leave,2026-09-02,0.6385,leave_denied_rate
SYNTH-CRPF-01-669793,CRPF-01,deployment,2026-09-02,0.1716,days_deployed_away_from_station
SYNTH-CRPF-01-669793,CRPF-01,duty_roster,2026-09-02,0.8057,consecutive_duty_days
SYNTH-CRPF-01-669793,CRPF-01,transfer,2026-09-02,0.25,postings_in_trailing_year
SYNTH-CRPF-01-669793,CRPF-01,training,2026-09-02,0.0,course_days_assigned
SYNTH-CRPF-01-669793,CRPF-01,workload,2026-09-02,0.6854,duty_hours_over_establishment
SYNTH-CRPF-01-669793,CRPF-01,self_report,2026-09-02,0.3827,instrument_score_normalised
SYNTH-CRPF-01-367039,CRPF-01,leave,2026-09-02,0.5041,leave_denied_rate
SYNTH-CRPF-01-367039,CRPF-01,deployment,2026-09-02,0.1468,days_deployed_away_from_station
SYNTH-CRPF-01-367039,CRPF-01,duty_roster,2026-09-02,0.4347,consecutive_duty_days
SYNTH-CRPF-01-367039,CRPF-01,transfer,2026-09-02,0.25,postings_in_trailing_year
SYNTH-CRPF-01-367039,CRPF-01,training,2026-09-02,0.0,course_days_assigned
SYNTH-CRPF-01-367039,CRPF-01,workload,2026-09-02,0.7403,duty_hours_over_establishment
SYNTH-CRPF-01-117930,CRPF-01,leave,2026-09-02,0.4866,leave_denied_rate
SYNTH-CRPF-01-117930,CRPF-01,deployment,2026-09-02,0.232,days_deployed_away_from_station
SYNTH-CRPF-01-117930,CRPF-01,duty_roster,2026-09-02,0.7582,consecutive_duty_days
SYNTH-CRPF-01-117930,CRPF-01,transfer,2026-09-02,0.25,postings_in_trailing_year
SYNTH-CRPF-01-117930,CRPF-01,training,2026-09-02,0.0,course_days_assigned
SYNTH-CRPF-01-117930,CRPF-01,workload,2026-09-02,0.5824,duty_hours_over_establishment
SYNTH-CRPF-01-655590,CRPF-01,leave,2026-09-02,0.4882,leave_denied_rate
SYNTH-CRPF-01-655590,CRPF-01,deployment,2026-09-02,0.2299,days_deployed_away_from_station
SYNTH-CRPF-01-655590,CRPF-01,duty_roster,2026-09-02,0.7845,consecutive_duty_days
SYNTH-CRPF-01-655590,CRPF-01,transfer,2026-09-02,0.25,postings_in_trailing_year
SYNTH-CRPF-01-655590,CRPF-01,training,2026-09-02,0.0,course_days_assigned
SYNTH-CRPF-01-655590,CRPF-01,workload,2026-09-02,0.5087,duty_hours_over_establishment
SYNTH-CRPF-01-655590,CRPF-01,self_report,2026-09-02,0.3863,instrument_score_normalised
SYNTH-CRPF-01-655590,CRPF-01,biometric,2026-09-02,0.4331,resting_heart_rate_trend
SYNTH-CRPF-01-307014,CRPF-01,leave,2026-09-02,0.7017,leave_denied_rate
SYNTH-CRPF-01-307014,CRPF-01,deployment,2026-09-02,0.2602,days_deployed_away_from_station
SYNTH-CRPF-01-307014,CRPF-01,duty_roster,2026-09-02,0.7254,consecutive_duty_days
SYNTH-CRPF-01-307014,CRPF-01,transfer,2026-09-02,0.75,postings_in_trailing_year
SYNTH-CRPF-01-307014,CRPF-01,training,2026-09-02,0.0,course_days_assigned
SYNTH-CRPF-01-307014,CRPF-01,workload,2026-09-02,0.5743,duty_hours_over_establishment
SYNTH-CRPF-01-307014,CRPF-01,self_report,2026-09-02,0.1544,instrument_score_normalised
SYNTH-CRPF-01-307014,CRPF-01,biometric,2026-09-02,0.146,resting_heart_rate_trend
SYNTH-CRPF-01-750550,CRPF-01,leave,2026-09-02,0.5092,leave_denied_rate
SYNTH-CRPF-01-750550,CRPF-01,deployment,2026-09-02,0.2082,days_deployed_away_from_station
SYNTH-CRPF-01-750550,CRPF-01,duty_roster,2026-09-02,0.4941,consecutive_duty_days
SYNTH-CRPF-01-750550,CRPF-01,transfer,2026-09-02,0.25,postings_in_trailing_year
SYNTH-CRPF-01-750550,CRPF-01,training,2026-09-02,0.0,course_days_assigned
SYNTH-CRPF-01-750550,CRPF-01,workload,2026-09-02,0.7157,duty_hours_over_establishment
SYNTH-CRPF-01-865717,CRPF-01,leave,2026-09-02,0.5081,leave_denied_rate
SYNTH-CRPF-01-865717,CRPF-01,deployment,2026-09-02,0.1537,days_deployed_away_from_station
SYNTH-CRPF-01-865717,CRPF-01,duty_roster,2026-09-02,0.5691,consecutive_duty_days
SYNTH-CRPF-01-865717,CRPF-01,transfer,2026-09-02,0.25,postings_in_trailing_year
SYNTH-CRPF-01-865717,CRPF-01,training,2026-09-02,0.0,course_days_assigned
SYNTH-CRPF-01-865717,CRPF-01,workload,2026-09-02,0.5155,duty_hours_over_establishment
SYNTH-CRPF-01-865717,CRPF-01,self_report,2026-09-02,0.6639,instrument_score_normalised
SYNTH-CRPF-01-515732,CRPF-01,leave,2026-09-02,0.5821,leave_denied_rate
SYNTH-CRPF-01-515732,CRPF-01,deployment,2026-09-02,0.2487,days_deployed_away_from_station
SYNTH-CRPF-01-515732,CRPF-01,duty_roster,2026-09-02,0.4478,consecutive_duty_days
SYNTH-CRPF-01-515732,CRPF-01,transfer,2026-09-02,0.25,postings_in_trailing_year
SYNTH-CRPF-01-515732,CRPF-01,training,2026-09-02,0.0,course_days_assigned
SYNTH-CRPF-01-515732,CRPF-01,workload,2026-09-02,0.6049,duty_hours_over_establishment
SYNTH-CRPF-01-515732,CRPF-01,self_report,2026-09-02,0.4178,instrument_score_normalised
SYNTH-CRPF-01-628006,CRPF-01,leave,2026-09-02,0.5411,leave_denied_rate
SYNTH-CRPF-01-628006,CRPF-01,deployment,2026-09-02,0.1158,days_deployed_away_from_station
SYNTH-CRPF-01-628006,CRPF-01,duty_roster,2026-09-02,0.4342,consecutive_duty_days
SYNTH-CRPF-01-628006,CRPF-01,transfer,2026-09-02,0.25,postings_in_trailing_year
SYNTH-CRPF-01-628006,CRPF-01,training,2026-09-02,0.0,course_days_assigned
SYNTH-CRPF-01-628006,CRPF-01,workload,2026-09-02,0.527,duty_hours_over_establishment
SYNTH-CRPF-01-628006,CRPF-01,self_report,2026-09-02,0.5131,instrument_score_normalised
SYNTH-CRPF-01-628006,CRPF-01,biometric,2026-09-02,0.6048,resting_heart_rate_trend
SYNTH-CRPF-01-102589,CRPF-01,leave,2026-09-02,0.7749,leave_denied_rate
SYNTH-CRPF-01-102589,CRPF-01,deployment,2026-09-02,0.2814,days_deployed_away_from_station
SYNTH-CRPF-01-102589,CRPF-01,duty_roster,2026-09-02,0.8151,consecutive_duty_days
SYNTH-CRPF-01-102589,CRPF-01,transfer,2026-09-02,0.25,postings_in_trailing_year
SYNTH-CRPF-01-102589,CRPF-01,training,2026-09-02,0.0,course_days_assigned
SYNTH-CRPF-01-102589,CRPF-01,workload,2026-09-02,0.7898,duty_hours_over_establishment
SYNTH-CRPF-01-102589,CRPF-01,self_report,2026-09-02,0.426,instrument_score_normalised
SYNTH-CRPF-01-188067,CRPF-01,leave,2026-09-02,0.6672,leave_denied_rate
SYNTH-CRPF-01-188067,CRPF-01,deployment,2026-09-02,0.2363,days_deployed_away_from_station
SYNTH-CRPF-01-188067,CRPF-01,duty_roster,2026-09-02,0.6045,consecutive_duty_days
SYNTH-CRPF-01-188067,CRPF-01,transfer,2026-09-02,0.25,postings_in_trailing_year
SYNTH-CRPF-01-188067,CRPF-01,training,2026-09-02,0.0,course_days_assigned
SYNTH-CRPF-01-188067,CRPF-01,workload,2026-09-02,0.8269,duty_hours_over_establishment
SYNTH-CRPF-01-188067,CRPF-01,self_report,2026-09-02,0.3333,instrument_score_normalised
SYNTH-CRPF-01-123713,CRPF-01,leave,2026-09-02,0.6922,leave_denied_rate
SYNTH-CRPF-01-123713,CRPF-01,deployment,2026-09-02,0.2404,days_deployed_away_from_station
SYNTH-CRPF-01-123713,CRPF-01,duty_roster,2026-09-02,0.566,consecutive_duty_days
SYNTH-CRPF-01-123713,CRPF-01,transfer,2026-09-02,0.75,postings_in_trailing_year
SYNTH-CRPF-01-123713,CRPF-01,training,2026-09-02,0.0,course_days_assigned
SYNTH-CRPF-01-123713,CRPF-01,workload,2026-09-02,0.5062,duty_hours_over_establishment
SYNTH-CRPF-01-123713,CRPF-01,self_report,2026-09-02,0.4163,instrument_score_normalised
SYNTH-CRPF-01-270345,CRPF-01,leave,2026-09-02,0.7034,leave_denied_rate
SYNTH-CRPF-01-270345,CRPF-01,deployment,2026-09-02,0.1562,days_deployed_away_from_station
SYNTH-CRPF-01-270345,CRPF-01,duty_roster,2026-09-02,0.4221,consecutive_duty_days
SYNTH-CRPF-01-270345,CRPF-01,transfer,2026-09-02,0.25,postings_in_trailing_year
SYNTH-CRPF-01-270345,CRPF-01,training,2026-09-02,0.0,course_days_assigned
SYNTH-CRPF-01-270345,CRPF-01,workload,2026-09-02,0.6355,duty_hours_over_establishment
SYNTH-CRPF-01-736632,CRPF-01,leave,2026-09-02,0.6635,leave_denied_rate
SYNTH-CRPF-01-736632,CRPF-01,deployment,2026-09-02,0.2445,days_deployed_away_from_station
SYNTH-CRPF-01-736632,CRPF-01,duty_roster,2026-09-02,0.7275,consecutive_duty_days
SYNTH-CRPF-01-736632,CRPF-01,transfer,2026-09-02,0.25,postings_in_trailing_year
SYNTH-CRPF-01-736632,CRPF-01,training,2026-09-02,0.0,course_days_assigned
SYNTH-CRPF-01-736632,CRPF-01,workload,2026-09-02,0.6837,duty_hours_over_establishment
SYNTH-CRPF-01-767254,CRPF-01,leave,2026-09-02,0.6469,leave_denied_rate
SYNTH-CRPF-01-767254,CRPF-01,deployment,2026-09-02,0.2756,days_deployed_away_from_station
SYNTH-CRPF-01-767254,CRPF-01,duty_roster,2026-09-02,0.5476,consecutive_duty_days
SYNTH-CRPF-01-767254,CRPF-01,transfer,2026-09-02,0.25,postings_in_trailing_year
SYNTH-CRPF-01-767254,CRPF-01,training,2026-09-02,0.0,course_days_assigned
SYNTH-CRPF-01-767254,CRPF-01,workload,2026-09-02,0.7344,duty_hours_over_establishment
SYNTH-CRPF-01-767254,CRPF-01,self_report,2026-09-02,0.0345,instrument_score_normalised
SYNTH-CRPF-01-767254,CRPF-01,biometric,2026-09-02,0.4478,resting_heart_rate_trend
SYNTH-CRPF-01-147693,CRPF-01,leave,2026-09-02,0.4336,leave_denied_rate
SYNTH-CRPF-01-147693,CRPF-01,deployment,2026-09-02,0.2253,days_deployed_away_from_station
SYNTH-CRPF-01-147693,CRPF-01,duty_roster,2026-09-02,0.5097,consecutive_duty_days
SYNTH-CRPF-01-147693,CRPF-01,transfer,2026-09-02,0.25,postings_in_trailing_year
SYNTH-CRPF-01-147693,CRPF-01,training,2026-09-02,0.0,course_days_assigned
SYNTH-CRPF-01-147693,CRPF-01,workload,2026-09-02,0.6865,duty_hours_over_establishment
SYNTH-CRPF-01-621214,CRPF-01,leave,2026-09-02,0.659,leave_denied_rate
SYNTH-CRPF-01-621214,CRPF-01,deployment,2026-09-02,0.1886,days_deployed_away_from_station
SYNTH-CRPF-01-621214,CRPF-01,duty_roster,2026-09-02,0.4837,consecutive_duty_days
SYNTH-CRPF-01-621214,CRPF-01,transfer,2026-09-02,0.25,postings_in_trailing_year
SYNTH-CRPF-01-621214,CRPF-01,training,2026-09-02,0.0,course_days_assigned
SYNTH-CRPF-01-621214,CRPF-01,workload,2026-09-02,0.6734,duty_hours_over_establishment
SYNTH-CRPF-01-621214,CRPF-01,biometric,2026-09-02,0.4936,resting_heart_rate_trend
SYNTH-CRPF-01-567283,CRPF-01,leave,2026-09-02,0.8511,leave_denied_rate
SYNTH-CRPF-01-567283,CRPF-01,deployment,2026-09-02,0.3247,days_deployed_away_from_station
SYNTH-CRPF-01-567283,CRPF-01,duty_roster,2026-09-02,0.6213,consecutive_duty_days
SYNTH-CRPF-01-567283,CRPF-01,transfer,2026-09-02,0.75,postings_in_trailing_year
SYNTH-CRPF-01-567283,CRPF-01,training,2026-09-02,0.0,course_days_assigned
SYNTH-CRPF-01-567283,CRPF-01,workload,2026-09-02,0.7644,duty_hours_over_establishment
SYNTH-CRPF-01-831045,CRPF-01,leave,2026-09-02,0.5936,leave_denied_rate
SYNTH-CRPF-01-831045,CRPF-01,deployment,2026-09-02,0.2737,days_deployed_away_from_station
SYNTH-CRPF-01-831045,CRPF-01,duty_roster,2026-09-02,0.7707,consecutive_duty_days
SYNTH-CRPF-01-831045,CRPF-01,transfer,2026-09-02,0.25,postings_in_trailing_year
SYNTH-CRPF-01-831045,CRPF-01,training,2026-09-02,0.0,course_days_assigned
SYNTH-CRPF-01-831045,CRPF-01,workload,2026-09-02,0.6756,duty_hours_over_establishment
SYNTH-CRPF-01-831045,CRPF-01,self_report,2026-09-02,0.3657,instrument_score_normalised
SYNTH-CRPF-01-831045,CRPF-01,biometric,2026-09-02,0.3791,resting_heart_rate_trend
SYNTH-CRPF-01-472623,CRPF-01,leave,2026-09-02,0.6577,leave_denied_rate
SYNTH-CRPF-01-472623,CRPF-01,deployment,2026-09-02,0.235,days_deployed_away_from_station
SYNTH-CRPF-01-472623,CRPF-01,duty_roster,2026-09-02,0.5452,consecutive_duty_days
SYNTH-CRPF-01-472623,CRPF-01,transfer,2026-09-02,0.25,postings_in_trailing_year
SYNTH-CRPF-01-472623,CRPF-01,training,2026-09-02,0.0,course_days_assigned
SYNTH-CRPF-01-472623,CRPF-01,workload,2026-09-02,0.7206,duty_hours_over_establishment
SYNTH-CRPF-01-126603,CRPF-01,leave,2026-09-02,0.8745,leave_denied_rate
SYNTH-CRPF-01-126603,CRPF-01,deployment,2026-09-02,0.2527,days_deployed_away_from_station
SYNTH-CRPF-01-126603,CRPF-01,duty_roster,2026-09-02,0.8661,consecutive_duty_days
SYNTH-CRPF-01-126603,CRPF-01,transfer,2026-09-02,0.25,postings_in_trailing_year
SYNTH-CRPF-01-126603,CRPF-01,training,2026-09-02,0.0,course_days_assigned
SYNTH-CRPF-01-126603,CRPF-01,workload,2026-09-02,0.7043,duty_hours_over_establishment
SYNTH-CRPF-01-126603,CRPF-01,self_report,2026-09-02,0.7159,instrument_score_normalised
SYNTH-CRPF-01-647178,CRPF-01,leave,2026-09-02,0.6092,leave_denied_rate
SYNTH-CRPF-01-647178,CRPF-01,deployment,2026-09-02,0.1682,days_deployed_away_from_station
SYNTH-CRPF-01-647178,CRPF-01,duty_roster,2026-09-02,0.7387,consecutive_duty_days
SYNTH-CRPF-01-647178,CRPF-01,transfer,2026-09-02,0.25,postings_in_trailing_year
SYNTH-CRPF-01-647178,CRPF-01,training,2026-09-02,0.0,course_days_assigned
SYNTH-CRPF-01-647178,CRPF-01,workload,2026-09-02,0.5182,duty_hours_over_establishment
SYNTH-CRPF-01-647178,CRPF-01,self_report,2026-09-02,0.4802,instrument_score_normalised
SYNTH-CRPF-01-515490,CRPF-01,leave,2026-09-02,0.5275,leave_denied_rate
SYNTH-CRPF-01-515490,CRPF-01,deployment,2026-09-02,0.2061,days_deployed_away_from_station
SYNTH-CRPF-01-515490,CRPF-01,duty_roster,2026-09-02,0.629,consecutive_duty_days
SYNTH-CRPF-01-515490,CRPF-01,transfer,2026-09-02,0.75,postings_in_trailing_year
SYNTH-CRPF-01-515490,CRPF-01,training,2026-09-02,0.0,course_days_assigned
SYNTH-CRPF-01-515490,CRPF-01,workload,2026-09-02,0.6401,duty_hours_over_establishment
SYNTH-CRPF-01-582304,CRPF-01,leave,2026-09-02,0.973,leave_denied_rate
SYNTH-CRPF-01-582304,CRPF-01,deployment,2026-09-02,0.3155,days_deployed_away_from_station
SYNTH-CRPF-01-582304,CRPF-01,duty_roster,2026-09-02,0.6817,consecutive_duty_days
SYNTH-CRPF-01-582304,CRPF-01,transfer,2026-09-02,0.25,postings_in_trailing_year
SYNTH-CRPF-01-582304,CRPF-01,training,2026-09-02,0.0,course_days_assigned
SYNTH-CRPF-01-582304,CRPF-01,workload,2026-09-02,0.6141,duty_hours_over_establishment
SYNTH-CRPF-01-205605,CRPF-01,leave,2026-09-02,0.5905,leave_denied_rate
SYNTH-CRPF-01-205605,CRPF-01,deployment,2026-09-02,0.0675,days_deployed_away_from_station
SYNTH-CRPF-01-205605,CRPF-01,duty_roster,2026-09-02,0.4979,consecutive_duty_days
SYNTH-CRPF-01-205605,CRPF-01,transfer,2026-09-02,0.25,postings_in_trailing_year
SYNTH-CRPF-01-205605,CRPF-01,training,2026-09-02,0.0,course_days_assigned
SYNTH-CRPF-01-205605,CRPF-01,workload,2026-09-02,0.5619,duty_hours_over_establishment
SYNTH-CRPF-01-205605,CRPF-01,self_report,2026-09-02,0.2236,instrument_score_normalised
SYNTH-CRPF-01-206423,CRPF-01,leave,2026-09-02,0.7172,leave_denied_rate
SYNTH-CRPF-01-206423,CRPF-01,deployment,2026-09-02,0.279,days_deployed_away_from_station
SYNTH-CRPF-01-206423,CRPF-01,duty_roster,2026-09-02,0.6436,consecutive_duty_days
SYNTH-CRPF-01-206423,CRPF-01,transfer,2026-09-02,0.75,postings_in_trailing_year
SYNTH-CRPF-01-206423,CRPF-01,training,2026-09-02,0.0,course_days_assigned
SYNTH-CRPF-01-206423,CRPF-01,workload,2026-09-02,0.6866,duty_hours_over_establishment
SYNTH-CRPF-01-206423,CRPF-01,self_report,2026-09-02,0.3655,instrument_score_normalised
SYNTH-CRPF-01-206423,CRPF-01,biometric,2026-09-02,0.4144,resting_heart_rate_trend
SYNTH-CRPF-01-925617,CRPF-01,leave,2026-09-02,0.7273,leave_denied_rate
SYNTH-CRPF-01-925617,CRPF-01,deployment,2026-09-02,0.2376,days_deployed_away_from_station
SYNTH-CRPF-01-925617,CRPF-01,duty_roster,2026-09-02,0.7035,consecutive_duty_days
SYNTH-CRPF-01-925617,CRPF-01,transfer,2026-09-02,0.25,postings_in_trailing_year
SYNTH-CRPF-01-925617,CRPF-01,training,2026-09-02,0.0,course_days_assigned
SYNTH-CRPF-01-925617,CRPF-01,workload,2026-09-02,0.5526,duty_hours_over_establishment
SYNTH-CRPF-01-925617,CRPF-01,self_report,2026-09-02,0.4224,instrument_score_normalised
SYNTH-CRPF-01-925617,CRPF-01,biometric,2026-09-02,0.4702,resting_heart_rate_trend
SYNTH-CRPF-01-563937,CRPF-01,leave,2026-09-02,0.3983,leave_denied_rate
SYNTH-CRPF-01-563937,CRPF-01,deployment,2026-09-02,0.1282,days_deployed_away_from_station
SYNTH-CRPF-01-563937,CRPF-01,duty_roster,2026-09-02,0.3594,consecutive_duty_days
SYNTH-CRPF-01-563937,CRPF-01,transfer,2026-09-02,0.25,postings_in_trailing_year
SYNTH-CRPF-01-563937,CRPF-01,training,2026-09-02,0.0,course_days_assigned
SYNTH-CRPF-01-563937,CRPF-01,workload,2026-09-02,0.355,duty_hours_over_establishment
SYNTH-CRPF-01-563937,CRPF-01,self_report,2026-09-02,0.3054,instrument_score_normalised
SYNTH-CRPF-01-738803,CRPF-01,leave,2026-09-02,0.5285,leave_denied_rate
SYNTH-CRPF-01-738803,CRPF-01,deployment,2026-09-02,0.3091,days_deployed_away_from_station
SYNTH-CRPF-01-738803,CRPF-01,duty_roster,2026-09-02,0.6591,consecutive_duty_days
SYNTH-CRPF-01-738803,CRPF-01,transfer,2026-09-02,0.25,postings_in_trailing_year
SYNTH-CRPF-01-738803,CRPF-01,training,2026-09-02,0.0,course_days_assigned
SYNTH-CRPF-01-738803,CRPF-01,workload,2026-09-02,0.4099,duty_hours_over_establishment
SYNTH-CRPF-01-432300,CRPF-01,leave,2026-09-02,0.7807,leave_denied_rate
SYNTH-CRPF-01-432300,CRPF-01,deployment,2026-09-02,0.3047,days_deployed_away_from_station
SYNTH-CRPF-01-432300,CRPF-01,duty_roster,2026-09-02,0.5753,consecutive_duty_days
SYNTH-CRPF-01-432300,CRPF-01,transfer,2026-09-02,0.25,postings_in_trailing_year
SYNTH-CRPF-01-432300,CRPF-01,training,2026-09-02,1.0,course_days_assigned
SYNTH-CRPF-01-432300,CRPF-01,workload,2026-09-02,0.8014,duty_hours_over_establishment
SYNTH-CRPF-01-432300,CRPF-01,self_report,2026-09-02,0.5213,instrument_score_normalised
SYNTH-CRPF-01-771702,CRPF-01,leave,2026-09-02,0.6344,leave_denied_rate
SYNTH-CRPF-01-771702,CRPF-01,deployment,2026-09-02,0.1793,days_deployed_away_from_station
SYNTH-CRPF-01-771702,CRPF-01,duty_roster,2026-09-02,0.6232,consecutive_duty_days
SYNTH-CRPF-01-771702,CRPF-01,transfer,2026-09-02,0.25,postings_in_trailing_year
SYNTH-CRPF-01-771702,CRPF-01,training,2026-09-02,0.0,course_days_assigned
SYNTH-CRPF-01-771702,CRPF-01,workload,2026-09-02,0.6653,duty_hours_over_establishment
SYNTH-CRPF-01-673781,CRPF-01,leave,2026-09-02,0.5985,leave_denied_rate
SYNTH-CRPF-01-673781,CRPF-01,deployment,2026-09-02,0.1398,days_deployed_away_from_station
SYNTH-CRPF-01-673781,CRPF-01,duty_roster,2026-09-02,0.4592,consecutive_duty_days
SYNTH-CRPF-01-673781,CRPF-01,transfer,2026-09-02,0.25,postings_in_trailing_year
SYNTH-CRPF-01-673781,CRPF-01,training,2026-09-02,0.0,course_days_assigned
SYNTH-CRPF-01-673781,CRPF-01,workload,2026-09-02,0.4979,duty_hours_over_establishment
SYNTH-CRPF-01-673781,CRPF-01,biometric,2026-09-02,0.4533,resting_heart_rate_trend
SYNTH-CRPF-01-937377,CRPF-01,leave,2026-09-02,0.7991,leave_denied_rate
SYNTH-CRPF-01-937377,CRPF-01,deployment,2026-09-02,0.2382,days_deployed_away_from_station
SYNTH-CRPF-01-937377,CRPF-01,duty_roster,2026-09-02,0.6578,consecutive_duty_days
SYNTH-CRPF-01-937377,CRPF-01,transfer,2026-09-02,0.25,postings_in_trailing_year
SYNTH-CRPF-01-937377,CRPF-01,training,2026-09-02,0.0,course_days_assigned
SYNTH-CRPF-01-937377,CRPF-01,workload,2026-09-02,0.6152,duty_hours_over_establishment
SYNTH-CRPF-01-879734,CRPF-01,leave,2026-09-02,0.8043,leave_denied_rate
SYNTH-CRPF-01-879734,CRPF-01,deployment,2026-09-02,0.3098,days_deployed_away_from_station
SYNTH-CRPF-01-879734,CRPF-01,duty_roster,2026-09-02,0.544,consecutive_duty_days
SYNTH-CRPF-01-879734,CRPF-01,transfer,2026-09-02,0.25,postings_in_trailing_year
SYNTH-CRPF-01-879734,CRPF-01,training,2026-09-02,0.0,course_days_assigned
SYNTH-CRPF-01-879734,CRPF-01,workload,2026-09-02,0.7422,duty_hours_over_establishment
SYNTH-CRPF-01-817677,CRPF-01,leave,2026-09-02,0.7566,leave_denied_rate
SYNTH-CRPF-01-817677,CRPF-01,deployment,2026-09-02,0.2616,days_deployed_away_from_station
SYNTH-CRPF-01-817677,CRPF-01,duty_roster,2026-09-02,0.5558,consecutive_duty_days
SYNTH-CRPF-01-817677,CRPF-01,transfer,2026-09-02,0.25,postings_in_trailing_year
SYNTH-CRPF-01-817677,CRPF-01,training,2026-09-02,0.0,course_days_assigned
SYNTH-CRPF-01-817677,CRPF-01,workload,2026-09-02,0.6746,duty_hours_over_establishment
SYNTH-CRPF-01-817677,CRPF-01,self_report,2026-09-02,0.3711,instrument_score_normalised
SYNTH-CRPF-01-616611,CRPF-01,leave,2026-09-02,0.5683,leave_denied_rate
SYNTH-CRPF-01-616611,CRPF-01,deployment,2026-09-02,0.0639,days_deployed_away_from_station
SYNTH-CRPF-01-616611,CRPF-01,duty_roster,2026-09-02,0.541,consecutive_duty_days
SYNTH-CRPF-01-616611,CRPF-01,transfer,2026-09-02,0.25,postings_in_trailing_year
SYNTH-CRPF-01-616611,CRPF-01,training,2026-09-02,0.0,course_days_assigned
SYNTH-CRPF-01-616611,CRPF-01,workload,2026-09-02,0.3011,duty_hours_over_establishment
SYNTH-CRPF-01-616611,CRPF-01,self_report,2026-09-02,0.3046,instrument_score_normalised
SYNTH-CRPF-01-991356,CRPF-01,leave,2026-09-02,0.3798,leave_denied_rate
SYNTH-CRPF-01-991356,CRPF-01,deployment,2026-09-02,0.1495,days_deployed_away_from_station
SYNTH-CRPF-01-991356,CRPF-01,duty_roster,2026-09-02,0.4438,consecutive_duty_days
SYNTH-CRPF-01-991356,CRPF-01,transfer,2026-09-02,0.25,postings_in_trailing_year
SYNTH-CRPF-01-991356,CRPF-01,training,2026-09-02,0.0,course_days_assigned
SYNTH-CRPF-01-991356,CRPF-01,workload,2026-09-02,0.5918,duty_hours_over_establishment
SYNTH-CRPF-01-991356,CRPF-01,self_report,2026-09-02,0.1448,instrument_score_normalised
SYNTH-CRPF-01-991356,CRPF-01,biometric,2026-09-02,0.429,resting_heart_rate_trend
SYNTH-CRPF-01-910652,CRPF-01,leave,2026-09-02,0.5299,leave_denied_rate
SYNTH-CRPF-01-910652,CRPF-01,deployment,2026-09-02,0.0408,days_deployed_away_from_station
SYNTH-CRPF-01-910652,CRPF-01,duty_roster,2026-09-02,0.3297,consecutive_duty_days
SYNTH-CRPF-01-910652,CRPF-01,transfer,2026-09-02,0.25,postings_in_trailing_year
SYNTH-CRPF-01-910652,CRPF-01,training,2026-09-02,0.0,course_days_assigned
SYNTH-CRPF-01-910652,CRPF-01,workload,2026-09-02,0.5583,duty_hours_over_establishment
SYNTH-CRPF-01-910652,CRPF-01,self_report,2026-09-02,0.3369,instrument_score_normalised
SYNTH-CRPF-01-303119,CRPF-01,leave,2026-09-02,0.6602,leave_denied_rate
SYNTH-CRPF-01-303119,CRPF-01,deployment,2026-09-02,0.2877,days_deployed_away_from_station
SYNTH-CRPF-01-303119,CRPF-01,duty_roster,2026-09-02,0.8243,consecutive_duty_days
SYNTH-CRPF-01-303119,CRPF-01,transfer,2026-09-02,0.75,postings_in_trailing_year
SYNTH-CRPF-01-303119,CRPF-01,training,2026-09-02,0.0,course_days_assigned
SYNTH-CRPF-01-303119,CRPF-01,workload,2026-09-02,0.7723,duty_hours_over_establishment
SYNTH-CRPF-01-248032,CRPF-01,leave,2026-09-02,0.5916,leave_denied_rate
SYNTH-CRPF-01-248032,CRPF-01,deployment,2026-09-02,0.3158,days_deployed_away_from_station
SYNTH-CRPF-01-248032,CRPF-01,duty_roster,2026-09-02,0.6473,consecutive_duty_days
SYNTH-CRPF-01-248032,CRPF-01,transfer,2026-09-02,0.25,postings_in_trailing_year
SYNTH-CRPF-01-248032,CRPF-01,training,2026-09-02,0.0,course_days_assigned
SYNTH-CRPF-01-248032,CRPF-01,workload,2026-09-02,0.5466,duty_hours_over_establishment
SYNTH-CRPF-01-248032,CRPF-01,self_report,2026-09-02,0.047,instrument_score_normalised
SYNTH-CRPF-01-506241,CRPF-01,leave,2026-09-02,0.5936,leave_denied_rate
SYNTH-CRPF-01-506241,CRPF-01,deployment,2026-09-02,0.2086,days_deployed_away_from_station
SYNTH-CRPF-01-506241,CRPF-01,duty_roster,2026-09-02,0.534,consecutive_duty_days
SYNTH-CRPF-01-506241,CRPF-01,transfer,2026-09-02,0.25,postings_in_trailing_year
SYNTH-CRPF-01-506241,CRPF-01,training,2026-09-02,0.0,course_days_assigned
SYNTH-CRPF-01-506241,CRPF-01,workload,2026-09-02,0.6206,duty_hours_over_establishment
SYNTH-CRPF-01-709263,CRPF-01,leave,2026-09-02,0.4195,leave_denied_rate
SYNTH-CRPF-01-709263,CRPF-01,deployment,2026-09-02,0.1611,days_deployed_away_from_station
SYNTH-CRPF-01-709263,CRPF-01,duty_roster,2026-09-02,0.371,consecutive_duty_days
SYNTH-CRPF-01-709263,CRPF-01,transfer,2026-09-02,0.25,postings_in_trailing_year
SYNTH-CRPF-01-709263,CRPF-01,training,2026-09-02,0.0,course_days_assigned
SYNTH-CRPF-01-709263,CRPF-01,workload,2026-09-02,0.6297,duty_hours_over_establishment
SYNTH-CRPF-01-491622,CRPF-01,leave,2026-09-02,0.5874,leave_denied_rate
SYNTH-CRPF-01-491622,CRPF-01,deployment,2026-09-02,0.3025,days_deployed_away_from_station
SYNTH-CRPF-01-491622,CRPF-01,duty_roster,2026-09-02,0.6873,consecutive_duty_days
SYNTH-CRPF-01-491622,CRPF-01,transfer,2026-09-02,0.25,postings_in_trailing_year
SYNTH-CRPF-01-491622,CRPF-01,training,2026-09-02,0.0,course_days_assigned
SYNTH-CRPF-01-491622,CRPF-01,workload,2026-09-02,0.7353,duty_hours_over_establishment
SYNTH-CRPF-01-624777,CRPF-01,leave,2026-09-02,0.5752,leave_denied_rate
SYNTH-CRPF-01-624777,CRPF-01,deployment,2026-09-02,0.2851,days_deployed_away_from_station
SYNTH-CRPF-01-624777,CRPF-01,duty_roster,2026-09-02,0.7619,consecutive_duty_days
SYNTH-CRPF-01-624777,CRPF-01,transfer,2026-09-02,0.25,postings_in_trailing_year
SYNTH-CRPF-01-624777,CRPF-01,training,2026-09-02,0.0,course_days_assigned
SYNTH-CRPF-01-624777,CRPF-01,workload,2026-09-02,0.5175,duty_hours_over_establishment
SYNTH-CRPF-01-624777,CRPF-01,self_report,2026-09-02,0.2728,instrument_score_normalised
SYNTH-CRPF-01-624777,CRPF-01,biometric,2026-09-02,0.2989,resting_heart_rate_trend
SYNTH-CRPF-01-394415,CRPF-01,leave,2026-09-02,0.6967,leave_denied_rate
SYNTH-CRPF-01-394415,CRPF-01,deployment,2026-09-02,0.2312,days_deployed_away_from_station
SYNTH-CRPF-01-394415,CRPF-01,duty_roster,2026-09-02,0.7957,consecutive_duty_days
SYNTH-CRPF-01-394415,CRPF-01,transfer,2026-09-02,0.25,postings_in_trailing_year
SYNTH-CRPF-01-394415,CRPF-01,training,2026-09-02,0.0,course_days_assigned
SYNTH-CRPF-01-394415,CRPF-01,workload,2026-09-02,0.5276,duty_hours_over_establishment
SYNTH-CRPF-01-394415,CRPF-01,self_report,2026-09-02,0.4449,instrument_score_normalised
SYNTH-CRPF-01-695998,CRPF-01,leave,2026-09-02,0.5393,leave_denied_rate
SYNTH-CRPF-01-695998,CRPF-01,deployment,2026-09-02,0.2552,days_deployed_away_from_station
SYNTH-CRPF-01-695998,CRPF-01,duty_roster,2026-09-02,0.5502,consecutive_duty_days
SYNTH-CRPF-01-695998,CRPF-01,transfer,2026-09-02,0.25,postings_in_trailing_year
SYNTH-CRPF-01-695998,CRPF-01,training,2026-09-02,0.0,course_days_assigned
SYNTH-CRPF-01-695998,CRPF-01,workload,2026-09-02,0.7412,duty_hours_over_establishment
SYNTH-CRPF-01-695998,CRPF-01,self_report,2026-09-02,0.4178,instrument_score_normalised
SYNTH-CRPF-01-695998,CRPF-01,biometric,2026-09-02,0.4177,resting_heart_rate_trend
SYNTH-CRPF-01-159950,CRPF-01,leave,2026-09-02,0.2953,leave_denied_rate
SYNTH-CRPF-01-159950,CRPF-01,deployment,2026-09-02,0.0526,days_deployed_away_from_station
SYNTH-CRPF-01-159950,CRPF-01,duty_roster,2026-09-02,0.562,consecutive_duty_days
SYNTH-CRPF-01-159950,CRPF-01,transfer,2026-09-02,0.75,postings_in_trailing_year
SYNTH-CRPF-01-159950,CRPF-01,training,2026-09-02,0.0,course_days_assigned
SYNTH-CRPF-01-159950,CRPF-01,workload,2026-09-02,0.5287,duty_hours_over_establishment
SYNTH-CRPF-01-159950,CRPF-01,self_report,2026-09-02,0.3899,instrument_score_normalised
SYNTH-CRPF-01-622107,CRPF-01,leave,2026-09-02,0.5143,leave_denied_rate
SYNTH-CRPF-01-622107,CRPF-01,deployment,2026-09-02,0.1083,days_deployed_away_from_station
SYNTH-CRPF-01-622107,CRPF-01,duty_roster,2026-09-02,0.5093,consecutive_duty_days
SYNTH-CRPF-01-622107,CRPF-01,transfer,2026-09-02,0.25,postings_in_trailing_year
SYNTH-CRPF-01-622107,CRPF-01,training,2026-09-02,0.0,course_days_assigned
SYNTH-CRPF-01-622107,CRPF-01,workload,2026-09-02,0.2809,duty_hours_over_establishment
SYNTH-CRPF-01-622107,CRPF-01,self_report,2026-09-02,0.3136,instrument_score_normalised
SYNTH-CRPF-01-622107,CRPF-01,biometric,2026-09-02,0.4494,resting_heart_rate_trend
SYNTH-CRPF-01-199856,CRPF-01,leave,2026-09-02,0.4923,leave_denied_rate
SYNTH-CRPF-01-199856,CRPF-01,deployment,2026-09-02,0.2997,days_deployed_away_from_station
SYNTH-CRPF-01-199856,CRPF-01,duty_roster,2026-09-02,0.5558,consecutive_duty_days
SYNTH-CRPF-01-199856,CRPF-01,transfer,2026-09-02,0.25,postings_in_trailing_year
SYNTH-CRPF-01-199856,CRPF-01,training,2026-09-02,0.0,course_days_assigned
SYNTH-CRPF-01-199856,CRPF-01,workload,2026-09-02,0.7538,duty_hours_over_establishment
SYNTH-CRPF-01-151155,CRPF-01,leave,2026-09-02,0.5114,leave_denied_rate
SYNTH-CRPF-01-151155,CRPF-01,deployment,2026-09-02,0.3286,days_deployed_away_from_station
SYNTH-CRPF-01-151155,CRPF-01,duty_roster,2026-09-02,0.7694,consecutive_duty_days
SYNTH-CRPF-01-151155,CRPF-01,transfer,2026-09-02,0.75,postings_in_trailing_year
SYNTH-CRPF-01-151155,CRPF-01,training,2026-09-02,0.0,course_days_assigned
SYNTH-CRPF-01-151155,CRPF-01,workload,2026-09-02,0.6241,duty_hours_over_establishment
SYNTH-CRPF-01-962635,CRPF-01,leave,2026-09-02,0.6888,leave_denied_rate
SYNTH-CRPF-01-962635,CRPF-01,deployment,2026-09-02,0.2632,days_deployed_away_from_station
SYNTH-CRPF-01-962635,CRPF-01,duty_roster,2026-09-02,0.6127,consecutive_duty_days
SYNTH-CRPF-01-962635,CRPF-01,transfer,2026-09-02,0.25,postings_in_trailing_year
SYNTH-CRPF-01-962635,CRPF-01,training,2026-09-02,0.0,course_days_assigned
SYNTH-CRPF-01-962635,CRPF-01,workload,2026-09-02,0.871,duty_hours_over_establishment
SYNTH-CRPF-01-962635,CRPF-01,self_report,2026-09-02,0.6093,instrument_score_normalised
SYNTH-CRPF-01-132189,CRPF-01,leave,2026-09-02,0.6932,leave_denied_rate
SYNTH-CRPF-01-132189,CRPF-01,deployment,2026-09-02,0.2859,days_deployed_away_from_station
SYNTH-CRPF-01-132189,CRPF-01,duty_roster,2026-09-02,0.8676,consecutive_duty_days
SYNTH-CRPF-01-132189,CRPF-01,transfer,2026-09-02,0.25,postings_in_trailing_year
SYNTH-CRPF-01-132189,CRPF-01,training,2026-09-02,0.0,course_days_assigned
SYNTH-CRPF-01-132189,CRPF-01,workload,2026-09-02,0.6238,duty_hours_over_establishment
SYNTH-CRPF-01-132189,CRPF-01,self_report,2026-09-02,0.4336,instrument_score_normalised
SYNTH-CRPF-01-338645,CRPF-01,leave,2026-09-02,0.7245,leave_denied_rate
SYNTH-CRPF-01-338645,CRPF-01,deployment,2026-09-02,0.3086,days_deployed_away_from_station
SYNTH-CRPF-01-338645,CRPF-01,duty_roster,2026-09-02,0.5047,consecutive_duty_days
SYNTH-CRPF-01-338645,CRPF-01,transfer,2026-09-02,0.25,postings_in_trailing_year
SYNTH-CRPF-01-338645,CRPF-01,training,2026-09-02,0.0,course_days_assigned
SYNTH-CRPF-01-338645,CRPF-01,workload,2026-09-02,0.5421,duty_hours_over_establishment
SYNTH-CRPF-01-338645,CRPF-01,self_report,2026-09-02,0.4175,instrument_score_normalised
SYNTH-CRPF-01-338645,CRPF-01,biometric,2026-09-02,0.4534,resting_heart_rate_trend
SYNTH-CRPF-01-243191,CRPF-01,leave,2026-09-02,0.4954,leave_denied_rate
SYNTH-CRPF-01-243191,CRPF-01,deployment,2026-09-02,0.2588,days_deployed_away_from_station
SYNTH-CRPF-01-243191,CRPF-01,duty_roster,2026-09-02,0.4754,consecutive_duty_days
SYNTH-CRPF-01-243191,CRPF-01,transfer,2026-09-02,0.25,postings_in_trailing_year
SYNTH-CRPF-01-243191,CRPF-01,training,2026-09-02,0.0,course_days_assigned
SYNTH-CRPF-01-243191,CRPF-01,workload,2026-09-02,0.6986,duty_hours_over_establishment
SYNTH-CRPF-01-636757,CRPF-01,leave,2026-09-02,0.6032,leave_denied_rate
SYNTH-CRPF-01-636757,CRPF-01,deployment,2026-09-02,0.2119,days_deployed_away_from_station
SYNTH-CRPF-01-636757,CRPF-01,duty_roster,2026-09-02,0.7858,consecutive_duty_days
SYNTH-CRPF-01-636757,CRPF-01,transfer,2026-09-02,0.75,postings_in_trailing_year
SYNTH-CRPF-01-636757,CRPF-01,training,2026-09-02,0.0,course_days_assigned
SYNTH-CRPF-01-636757,CRPF-01,workload,2026-09-02,0.7019,duty_hours_over_establishment
SYNTH-CRPF-01-636757,CRPF-01,self_report,2026-09-02,0.5907,instrument_score_normalised
SYNTH-CRPF-01-636757,CRPF-01,biometric,2026-09-02,0.413,resting_heart_rate_trend
SYNTH-CRPF-01-574283,CRPF-01,leave,2026-09-02,0.6092,leave_denied_rate
SYNTH-CRPF-01-574283,CRPF-01,deployment,2026-09-02,0.3153,days_deployed_away_from_station
SYNTH-CRPF-01-574283,CRPF-01,duty_roster,2026-09-02,0.438,consecutive_duty_days
SYNTH-CRPF-01-574283,CRPF-01,transfer,2026-09-02,0.75,postings_in_trailing_year
SYNTH-CRPF-01-574283,CRPF-01,training,2026-09-02,0.0,course_days_assigned
SYNTH-CRPF-01-574283,CRPF-01,workload,2026-09-02,0.764,duty_hours_over_establishment
SYNTH-CRPF-01-574283,CRPF-01,self_report,2026-09-02,0.1475,instrument_score_normalised
SYNTH-CRPF-01-574283,CRPF-01,biometric,2026-09-02,0.4012,resting_heart_rate_trend
SYNTH-CRPF-01-644727,CRPF-01,leave,2026-09-02,0.6951,leave_denied_rate
SYNTH-CRPF-01-644727,CRPF-01,deployment,2026-09-02,0.3297,days_deployed_away_from_station
SYNTH-CRPF-01-644727,CRPF-01,duty_roster,2026-09-02,0.7432,consecutive_duty_days
SYNTH-CRPF-01-644727,CRPF-01,transfer,2026-09-02,0.25,postings_in_trailing_year
SYNTH-CRPF-01-644727,CRPF-01,training,2026-09-02,0.0,course_days_assigned
SYNTH-CRPF-01-644727,CRPF-01,workload,2026-09-02,0.4919,duty_hours_over_establishment
SYNTH-CRPF-01-644727,CRPF-01,self_report,2026-09-02,0.3011,instrument_score_normalised
SYNTH-CRPF-01-644727,CRPF-01,biometric,2026-09-02,0.2507,resting_heart_rate_trend
SYNTH-CRPF-01-715262,CRPF-01,leave,2026-09-02,0.5825,leave_denied_rate
SYNTH-CRPF-01-715262,CRPF-01,deployment,2026-09-02,0.1571,days_deployed_away_from_station
SYNTH-CRPF-01-715262,CRPF-01,duty_roster,2026-09-02,0.54,consecutive_duty_days
SYNTH-CRPF-01-715262,CRPF-01,transfer,2026-09-02,0.75,postings_in_trailing_year
SYNTH-CRPF-01-715262,CRPF-01,training,2026-09-02,0.0,course_days_assigned
SYNTH-CRPF-01-715262,CRPF-01,workload,2026-09-02,0.6834,duty_hours_over_establishment
SYNTH-CRPF-01-715262,CRPF-01,self_report,2026-09-02,0.3206,instrument_score_normalised
SYNTH-CRPF-01-715262,CRPF-01,biometric,2026-09-02,0.3164,resting_heart_rate_trend
SYNTH-CRPF-01-358656,CRPF-01,leave,2026-09-02,0.6164,leave_denied_rate
SYNTH-CRPF-01-358656,CRPF-01,deployment,2026-09-02,0.2933,days_deployed_away_from_station
SYNTH-CRPF-01-358656,CRPF-01,duty_roster,2026-09-02,0.6319,consecutive_duty_days
SYNTH-CRPF-01-358656,CRPF-01,transfer,2026-09-02,0.25,postings_in_trailing_year
SYNTH-CRPF-01-358656,CRPF-01,training,2026-09-02,0.0,course_days_assigned
SYNTH-CRPF-01-358656,CRPF-01,workload,2026-09-02,0.8923,duty_hours_over_establishment
SYNTH-CRPF-01-358656,CRPF-01,self_report,2026-09-02,0.5452,instrument_score_normalised
SYNTH-CRPF-01-656700,CRPF-01,leave,2026-09-02,0.4791,leave_denied_rate
SYNTH-CRPF-01-656700,CRPF-01,deployment,2026-09-02,0.1685,days_deployed_away_from_station
SYNTH-CRPF-01-656700,CRPF-01,duty_roster,2026-09-02,0.6343,consecutive_duty_days
SYNTH-CRPF-01-656700,CRPF-01,transfer,2026-09-02,0.25,postings_in_trailing_year
SYNTH-CRPF-01-656700,CRPF-01,training,2026-09-02,0.0,course_days_assigned
SYNTH-CRPF-01-656700,CRPF-01,workload,2026-09-02,0.6971,duty_hours_over_establishment
SYNTH-CRPF-01-656700,CRPF-01,self_report,2026-09-02,0.375,instrument_score_normalised
SYNTH-CRPF-01-593651,CRPF-01,leave,2026-09-02,0.473,leave_denied_rate
SYNTH-CRPF-01-593651,CRPF-01,deployment,2026-09-02,0.1519,days_deployed_away_from_station
SYNTH-CRPF-01-593651,CRPF-01,duty_roster,2026-09-02,0.5583,consecutive_duty_days
SYNTH-CRPF-01-593651,CRPF-01,transfer,2026-09-02,0.25,postings_in_trailing_year
SYNTH-CRPF-01-593651,CRPF-01,training,2026-09-02,0.0,course_days_assigned
SYNTH-CRPF-01-593651,CRPF-01,workload,2026-09-02,0.5214,duty_hours_over_establishment
SYNTH-CRPF-01-593651,CRPF-01,self_report,2026-09-02,0.2456,instrument_score_normalised
SYNTH-CRPF-01-216293,CRPF-01,leave,2026-09-02,0.3885,leave_denied_rate
SYNTH-CRPF-01-216293,CRPF-01,deployment,2026-09-02,0.0871,days_deployed_away_from_station
SYNTH-CRPF-01-216293,CRPF-01,duty_roster,2026-09-02,0.4735,consecutive_duty_days
SYNTH-CRPF-01-216293,CRPF-01,transfer,2026-09-02,0.25,postings_in_trailing_year
SYNTH-CRPF-01-216293,CRPF-01,training,2026-09-02,0.0,course_days_assigned
SYNTH-CRPF-01-216293,CRPF-01,workload,2026-09-02,0.5728,duty_hours_over_establishment
SYNTH-CRPF-01-216293,CRPF-01,self_report,2026-09-02,0.1865,instrument_score_normalised
SYNTH-CRPF-01-216293,CRPF-01,biometric,2026-09-02,0.2261,resting_heart_rate_trend
SYNTH-CRPF-01-527314,CRPF-01,leave,2026-09-02,0.488,leave_denied_rate
SYNTH-CRPF-01-527314,CRPF-01,deployment,2026-09-02,0.2574,days_deployed_away_from_station
SYNTH-CRPF-01-527314,CRPF-01,duty_roster,2026-09-02,0.7791,consecutive_duty_days
SYNTH-CRPF-01-527314,CRPF-01,transfer,2026-09-02,0.75,postings_in_trailing_year
SYNTH-CRPF-01-527314,CRPF-01,training,2026-09-02,0.0,course_days_assigned
SYNTH-CRPF-01-527314,CRPF-01,workload,2026-09-02,0.5488,duty_hours_over_establishment
SYNTH-CRPF-01-527314,CRPF-01,self_report,2026-09-02,0.289,instrument_score_normalised
SYNTH-CRPF-01-474667,CRPF-01,leave,2026-09-02,0.7773,leave_denied_rate
SYNTH-CRPF-01-474667,CRPF-01,deployment,2026-09-02,0.2615,days_deployed_away_from_station
SYNTH-CRPF-01-474667,CRPF-01,duty_roster,2026-09-02,0.5344,consecutive_duty_days
SYNTH-CRPF-01-474667,CRPF-01,transfer,2026-09-02,0.25,postings_in_trailing_year
SYNTH-CRPF-01-474667,CRPF-01,training,2026-09-02,0.0,course_days_assigned
SYNTH-CRPF-01-474667,CRPF-01,workload,2026-09-02,0.5505,duty_hours_over_establishment
SYNTH-CRPF-01-474667,CRPF-01,self_report,2026-09-02,0.4668,instrument_score_normalised
SYNTH-CRPF-01-832372,CRPF-01,leave,2026-09-02,0.7911,leave_denied_rate
SYNTH-CRPF-01-832372,CRPF-01,deployment,2026-09-02,0.2863,days_deployed_away_from_station
SYNTH-CRPF-01-832372,CRPF-01,duty_roster,2026-09-02,0.5051,consecutive_duty_days
SYNTH-CRPF-01-832372,CRPF-01,transfer,2026-09-02,0.25,postings_in_trailing_year
SYNTH-CRPF-01-832372,CRPF-01,training,2026-09-02,0.0,course_days_assigned
SYNTH-CRPF-01-832372,CRPF-01,workload,2026-09-02,0.5817,duty_hours_over_establishment
SYNTH-CRPF-01-832372,CRPF-01,biometric,2026-09-02,0.4225,resting_heart_rate_trend
SYNTH-CRPF-01-815310,CRPF-01,leave,2026-09-02,0.6024,leave_denied_rate
SYNTH-CRPF-01-815310,CRPF-01,deployment,2026-09-02,0.2943,days_deployed_away_from_station
SYNTH-CRPF-01-815310,CRPF-01,duty_roster,2026-09-02,0.5985,consecutive_duty_days
SYNTH-CRPF-01-815310,CRPF-01,transfer,2026-09-02,0.25,postings_in_trailing_year
SYNTH-CRPF-01-815310,CRPF-01,training,2026-09-02,0.0,course_days_assigned
SYNTH-CRPF-01-815310,CRPF-01,workload,2026-09-02,0.5273,duty_hours_over_establishment
SYNTH-CRPF-01-815310,CRPF-01,self_report,2026-09-02,0.1816,instrument_score_normalised
SYNTH-CRPF-01-815310,CRPF-01,biometric,2026-09-02,0.1601,resting_heart_rate_trend
SYNTH-CRPF-01-754761,CRPF-01,leave,2026-09-02,0.7067,leave_denied_rate
SYNTH-CRPF-01-754761,CRPF-01,deployment,2026-09-02,0.2377,days_deployed_away_from_station
SYNTH-CRPF-01-754761,CRPF-01,duty_roster,2026-09-02,0.5854,consecutive_duty_days
SYNTH-CRPF-01-754761,CRPF-01,transfer,2026-09-02,0.25,postings_in_trailing_year
SYNTH-CRPF-01-754761,CRPF-01,training,2026-09-02,1.0,course_days_assigned
SYNTH-CRPF-01-754761,CRPF-01,workload,2026-09-02,0.785,duty_hours_over_establishment
SYNTH-CRPF-01-754761,CRPF-01,self_report,2026-09-02,0.2924,instrument_score_normalised
SYNTH-CRPF-01-167629,CRPF-01,leave,2026-09-02,0.4705,leave_denied_rate
SYNTH-CRPF-01-167629,CRPF-01,deployment,2026-09-02,0.2242,days_deployed_away_from_station
SYNTH-CRPF-01-167629,CRPF-01,duty_roster,2026-09-02,0.6475,consecutive_duty_days
SYNTH-CRPF-01-167629,CRPF-01,transfer,2026-09-02,0.25,postings_in_trailing_year
SYNTH-CRPF-01-167629,CRPF-01,training,2026-09-02,0.0,course_days_assigned
SYNTH-CRPF-01-167629,CRPF-01,workload,2026-09-02,0.4264,duty_hours_over_establishment
SYNTH-CRPF-01-167629,CRPF-01,self_report,2026-09-02,0.633,instrument_score_normalised
SYNTH-CRPF-01-167629,CRPF-01,biometric,2026-09-02,0.5111,resting_heart_rate_trend
SYNTH-CRPF-01-718427,CRPF-01,leave,2026-09-02,0.6217,leave_denied_rate
SYNTH-CRPF-01-718427,CRPF-01,deployment,2026-09-02,0.2989,days_deployed_away_from_station
SYNTH-CRPF-01-718427,CRPF-01,duty_roster,2026-09-02,0.7426,consecutive_duty_days
SYNTH-CRPF-01-718427,CRPF-01,transfer,2026-09-02,0.25,postings_in_trailing_year
SYNTH-CRPF-01-718427,CRPF-01,training,2026-09-02,0.0,course_days_assigned
SYNTH-CRPF-01-718427,CRPF-01,workload,2026-09-02,0.7108,duty_hours_over_establishment
SYNTH-CRPF-01-718427,CRPF-01,self_report,2026-09-02,0.3402,instrument_score_normalised
SYNTH-CRPF-01-604773,CRPF-01,leave,2026-09-02,0.7869,leave_denied_rate
SYNTH-CRPF-01-604773,CRPF-01,deployment,2026-09-02,0.3065,days_deployed_away_from_station
SYNTH-CRPF-01-604773,CRPF-01,duty_roster,2026-09-02,0.7611,consecutive_duty_days
SYNTH-CRPF-01-604773,CRPF-01,transfer,2026-09-02,0.25,postings_in_trailing_year
SYNTH-CRPF-01-604773,CRPF-01,training,2026-09-02,0.0,course_days_assigned
SYNTH-CRPF-01-604773,CRPF-01,workload,2026-09-02,0.7474,duty_hours_over_establishment
SYNTH-CRPF-01-604773,CRPF-01,self_report,2026-09-02,0.5429,instrument_score_normalised
SYNTH-CRPF-01-604773,CRPF-01,biometric,2026-09-02,0.2534,resting_heart_rate_trend
SYNTH-CRPF-01-729938,CRPF-01,leave,2026-09-02,0.5924,leave_denied_rate
SYNTH-CRPF-01-729938,CRPF-01,deployment,2026-09-02,0.2591,days_deployed_away_from_station
SYNTH-CRPF-01-729938,CRPF-01,duty_roster,2026-09-02,0.4628,consecutive_duty_days
SYNTH-CRPF-01-729938,CRPF-01,transfer,2026-09-02,0.25,postings_in_trailing_year
SYNTH-CRPF-01-729938,CRPF-01,training,2026-09-02,0.0,course_days_assigned
SYNTH-CRPF-01-729938,CRPF-01,workload,2026-09-02,0.5082,duty_hours_over_establishment
SYNTH-CRPF-01-729938,CRPF-01,self_report,2026-09-02,0.156,instrument_score_normalised
SYNTH-CRPF-01-729938,CRPF-01,biometric,2026-09-02,0.2256,resting_heart_rate_trend
SYNTH-CRPF-01-756224,CRPF-01,leave,2026-09-02,0.5675,leave_denied_rate
SYNTH-CRPF-01-756224,CRPF-01,deployment,2026-09-02,0.2483,days_deployed_away_from_station
SYNTH-CRPF-01-756224,CRPF-01,duty_roster,2026-09-02,0.7609,consecutive_duty_days
SYNTH-CRPF-01-756224,CRPF-01,transfer,2026-09-02,0.25,postings_in_trailing_year
SYNTH-CRPF-01-756224,CRPF-01,training,2026-09-02,0.0,course_days_assigned
SYNTH-CRPF-01-756224,CRPF-01,workload,2026-09-02,0.8035,duty_hours_over_establishment
SYNTH-CRPF-01-756224,CRPF-01,self_report,2026-09-02,0.2509,instrument_score_normalised
SYNTH-CRPF-01-756224,CRPF-01,biometric,2026-09-02,0.4585,resting_heart_rate_trend
SYNTH-CRPF-01-451738,CRPF-01,leave,2026-09-02,0.5206,leave_denied_rate
SYNTH-CRPF-01-451738,CRPF-01,deployment,2026-09-02,0.1418,days_deployed_away_from_station
SYNTH-CRPF-01-451738,CRPF-01,duty_roster,2026-09-02,0.4803,consecutive_duty_days
SYNTH-CRPF-01-451738,CRPF-01,transfer,2026-09-02,0.25,postings_in_trailing_year
SYNTH-CRPF-01-451738,CRPF-01,training,2026-09-02,0.0,course_days_assigned
SYNTH-CRPF-01-451738,CRPF-01,workload,2026-09-02,0.6282,duty_hours_over_establishment
SYNTH-CRPF-01-451738,CRPF-01,self_report,2026-09-02,0.2396,instrument_score_normalised
SYNTH-CRPF-01-451738,CRPF-01,biometric,2026-09-02,0.2701,resting_heart_rate_trend
SYNTH-CRPF-01-844162,CRPF-01,leave,2026-09-02,0.4569,leave_denied_rate
SYNTH-CRPF-01-844162,CRPF-01,deployment,2026-09-02,0.2314,days_deployed_away_from_station
SYNTH-CRPF-01-844162,CRPF-01,duty_roster,2026-09-02,0.7312,consecutive_duty_days
SYNTH-CRPF-01-844162,CRPF-01,transfer,2026-09-02,0.25,postings_in_trailing_year
SYNTH-CRPF-01-844162,CRPF-01,training,2026-09-02,1.0,course_days_assigned
SYNTH-CRPF-01-844162,CRPF-01,workload,2026-09-02,0.5436,duty_hours_over_establishment
SYNTH-CRPF-01-580653,CRPF-01,leave,2026-09-02,0.5972,leave_denied_rate
SYNTH-CRPF-01-580653,CRPF-01,deployment,2026-09-02,0.2026,days_deployed_away_from_station
SYNTH-CRPF-01-580653,CRPF-01,duty_roster,2026-09-02,0.4354,consecutive_duty_days
SYNTH-CRPF-01-580653,CRPF-01,transfer,2026-09-02,0.25,postings_in_trailing_year
SYNTH-CRPF-01-580653,CRPF-01,training,2026-09-02,0.0,course_days_assigned
SYNTH-CRPF-01-580653,CRPF-01,workload,2026-09-02,0.6699,duty_hours_over_establishment
SYNTH-CRPF-01-580653,CRPF-01,self_report,2026-09-02,0.2528,instrument_score_normalised
SYNTH-CRPF-01-580653,CRPF-01,biometric,2026-09-02,0.233,resting_heart_rate_trend
SYNTH-CRPF-01-284719,CRPF-01,leave,2026-09-02,0.5608,leave_denied_rate
SYNTH-CRPF-01-284719,CRPF-01,deployment,2026-09-02,0.2322,days_deployed_away_from_station
SYNTH-CRPF-01-284719,CRPF-01,duty_roster,2026-09-02,0.5729,consecutive_duty_days
SYNTH-CRPF-01-284719,CRPF-01,transfer,2026-09-02,0.25,postings_in_trailing_year
SYNTH-CRPF-01-284719,CRPF-01,training,2026-09-02,0.0,course_days_assigned
SYNTH-CRPF-01-284719,CRPF-01,workload,2026-09-02,0.553,duty_hours_over_establishment
SYNTH-CRPF-01-284719,CRPF-01,self_report,2026-09-02,0.423,instrument_score_normalised
SYNTH-CRPF-01-762754,CRPF-01,leave,2026-09-02,0.7009,leave_denied_rate
SYNTH-CRPF-01-762754,CRPF-01,deployment,2026-09-02,0.2699,days_deployed_away_from_station
SYNTH-CRPF-01-762754,CRPF-01,duty_roster,2026-09-02,0.8003,consecutive_duty_days
SYNTH-CRPF-01-762754,CRPF-01,transfer,2026-09-02,0.25,postings_in_trailing_year
SYNTH-CRPF-01-762754,CRPF-01,training,2026-09-02,0.0,course_days_assigned
SYNTH-CRPF-01-762754,CRPF-01,workload,2026-09-02,0.8502,duty_hours_over_establishment
SYNTH-CRPF-01-762754,CRPF-01,self_report,2026-09-02,0.54,instrument_score_normalised
SYNTH-CRPF-01-795642,CRPF-01,leave,2026-09-02,0.4778,leave_denied_rate
SYNTH-CRPF-01-795642,CRPF-01,deployment,2026-09-02,0.2988,days_deployed_away_from_station
SYNTH-CRPF-01-795642,CRPF-01,duty_roster,2026-09-02,0.7326,consecutive_duty_days
SYNTH-CRPF-01-795642,CRPF-01,transfer,2026-09-02,0.75,postings_in_trailing_year
SYNTH-CRPF-01-795642,CRPF-01,training,2026-09-02,0.0,course_days_assigned
SYNTH-CRPF-01-795642,CRPF-01,workload,2026-09-02,0.7661,duty_hours_over_establishment
SYNTH-CRPF-01-795642,CRPF-01,self_report,2026-09-02,0.3926,instrument_score_normalised
SYNTH-CRPF-01-795642,CRPF-01,biometric,2026-09-02,0.5723,resting_heart_rate_trend
SYNTH-CRPF-01-325702,CRPF-01,leave,2026-09-02,0.6938,leave_denied_rate
SYNTH-CRPF-01-325702,CRPF-01,deployment,2026-09-02,0.1912,days_deployed_away_from_station
SYNTH-CRPF-01-325702,CRPF-01,duty_roster,2026-09-02,0.7025,consecutive_duty_days
SYNTH-CRPF-01-325702,CRPF-01,transfer,2026-09-02,0.75,postings_in_trailing_year
SYNTH-CRPF-01-325702,CRPF-01,training,2026-09-02,0.0,course_days_assigned
SYNTH-CRPF-01-325702,CRPF-01,workload,2026-09-02,0.5923,duty_hours_over_establishment
SYNTH-CRPF-01-325702,CRPF-01,self_report,2026-09-02,0.5198,instrument_score_normalised
SYNTH-CRPF-01-325702,CRPF-01,biometric,2026-09-02,0.3601,resting_heart_rate_trend
SYNTH-CRPF-01-141467,CRPF-01,leave,2026-09-02,0.5199,leave_denied_rate
SYNTH-CRPF-01-141467,CRPF-01,deployment,2026-09-02,0.2193,days_deployed_away_from_station
SYNTH-CRPF-01-141467,CRPF-01,duty_roster,2026-09-02,0.6251,consecutive_duty_days
SYNTH-CRPF-01-141467,CRPF-01,transfer,2026-09-02,0.75,postings_in_trailing_year
SYNTH-CRPF-01-141467,CRPF-01,training,2026-09-02,0.0,course_days_assigned
SYNTH-CRPF-01-141467,CRPF-01,workload,2026-09-02,0.7366,duty_hours_over_establishment
SYNTH-CRPF-01-141467,CRPF-01,self_report,2026-09-02,0.3613,instrument_score_normalised
SYNTH-CRPF-01-897343,CRPF-01,leave,2026-09-02,0.7932,leave_denied_rate
SYNTH-CRPF-01-897343,CRPF-01,deployment,2026-09-02,0.2841,days_deployed_away_from_station
SYNTH-CRPF-01-897343,CRPF-01,duty_roster,2026-09-02,0.4885,consecutive_duty_days
SYNTH-CRPF-01-897343,CRPF-01,transfer,2026-09-02,0.25,postings_in_trailing_year
SYNTH-CRPF-01-897343,CRPF-01,training,2026-09-02,0.0,course_days_assigned
SYNTH-CRPF-01-897343,CRPF-01,workload,2026-09-02,0.6894,duty_hours_over_establishment
SYNTH-CRPF-01-897343,CRPF-01,self_report,2026-09-02,0.1265,instrument_score_normalised
SYNTH-CRPF-01-469842,CRPF-01,leave,2026-09-02,0.6568,leave_denied_rate
SYNTH-CRPF-01-469842,CRPF-01,deployment,2026-09-02,0.1956,days_deployed_away_from_station
SYNTH-CRPF-01-469842,CRPF-01,duty_roster,2026-09-02,0.4594,consecutive_duty_days
SYNTH-CRPF-01-469842,CRPF-01,transfer,2026-09-02,0.25,postings_in_trailing_year
SYNTH-CRPF-01-469842,CRPF-01,training,2026-09-02,0.0,course_days_assigned
SYNTH-CRPF-01-469842,CRPF-01,workload,2026-09-02,0.5262,duty_hours_over_establishment
SYNTH-CRPF-01-469842,CRPF-01,self_report,2026-09-02,0.2819,instrument_score_normalised
SYNTH-CRPF-01-469842,CRPF-01,biometric,2026-09-02,0.2721,resting_heart_rate_trend
SYNTH-CRPF-01-807326,CRPF-01,leave,2026-09-02,0.62,leave_denied_rate
SYNTH-CRPF-01-807326,CRPF-01,deployment,2026-09-02,0.1264,days_deployed_away_from_station
SYNTH-CRPF-01-807326,CRPF-01,duty_roster,2026-09-02,0.3266,consecutive_duty_days
SYNTH-CRPF-01-807326,CRPF-01,transfer,2026-09-02,0.25,postings_in_trailing_year
SYNTH-CRPF-01-807326,CRPF-01,training,2026-09-02,0.0,course_days_assigned
SYNTH-CRPF-01-807326,CRPF-01,workload,2026-09-02,0.4981,duty_hours_over_establishment
SYNTH-CRPF-01-807326,CRPF-01,biometric,2026-09-02,0.4931,resting_heart_rate_trend
SYNTH-CRPF-01-609082,CRPF-01,leave,2026-09-02,0.4453,leave_denied_rate
SYNTH-CRPF-01-609082,CRPF-01,deployment,2026-09-02,0.1743,days_deployed_away_from_station
SYNTH-CRPF-01-609082,CRPF-01,duty_roster,2026-09-02,0.4678,consecutive_duty_days
SYNTH-CRPF-01-609082,CRPF-01,transfer,2026-09-02,0.25,postings_in_trailing_year
SYNTH-CRPF-01-609082,CRPF-01,training,2026-09-02,0.0,course_days_assigned
SYNTH-CRPF-01-609082,CRPF-01,workload,2026-09-02,0.5094,duty_hours_over_establishment
SYNTH-CRPF-01-609082,CRPF-01,self_report,2026-09-02,0.479,instrument_score_normalised
SYNTH-CRPF-01-609082,CRPF-01,biometric,2026-09-02,0.2799,resting_heart_rate_trend
SYNTH-CRPF-01-106660,CRPF-01,leave,2026-09-02,0.4971,leave_denied_rate
SYNTH-CRPF-01-106660,CRPF-01,deployment,2026-09-02,0.0661,days_deployed_away_from_station
SYNTH-CRPF-01-106660,CRPF-01,duty_roster,2026-09-02,0.6117,consecutive_duty_days
SYNTH-CRPF-01-106660,CRPF-01,transfer,2026-09-02,0.25,postings_in_trailing_year
SYNTH-CRPF-01-106660,CRPF-01,training,2026-09-02,0.0,course_days_assigned
SYNTH-CRPF-01-106660,CRPF-01,workload,2026-09-02,0.3685,duty_hours_over_establishment
SYNTH-CRPF-01-106660,CRPF-01,self_report,2026-09-02,0.3229,instrument_score_normalised
SYNTH-CRPF-01-705651,CRPF-01,leave,2026-09-02,0.6804,leave_denied_rate
SYNTH-CRPF-01-705651,CRPF-01,deployment,2026-09-02,0.2338,days_deployed_away_from_station
SYNTH-CRPF-01-705651,CRPF-01,duty_roster,2026-09-02,0.6768,consecutive_duty_days
SYNTH-CRPF-01-705651,CRPF-01,transfer,2026-09-02,0.25,postings_in_trailing_year
SYNTH-CRPF-01-705651,CRPF-01,training,2026-09-02,0.0,course_days_assigned
SYNTH-CRPF-01-705651,CRPF-01,workload,2026-09-02,0.5554,duty_hours_over_establishment
SYNTH-CRPF-01-705651,CRPF-01,self_report,2026-09-02,0.3814,instrument_score_normalised
SYNTH-CRPF-01-611475,CRPF-01,leave,2026-09-02,0.6882,leave_denied_rate
SYNTH-CRPF-01-611475,CRPF-01,deployment,2026-09-02,0.2074,days_deployed_away_from_station
SYNTH-CRPF-01-611475,CRPF-01,duty_roster,2026-09-02,0.535,consecutive_duty_days
SYNTH-CRPF-01-611475,CRPF-01,transfer,2026-09-02,0.75,postings_in_trailing_year
SYNTH-CRPF-01-611475,CRPF-01,training,2026-09-02,0.0,course_days_assigned
SYNTH-CRPF-01-611475,CRPF-01,workload,2026-09-02,0.7273,duty_hours_over_establishment
SYNTH-CRPF-01-108044,CRPF-01,leave,2026-09-02,0.8188,leave_denied_rate
SYNTH-CRPF-01-108044,CRPF-01,deployment,2026-09-02,0.2204,days_deployed_away_from_station
SYNTH-CRPF-01-108044,CRPF-01,duty_roster,2026-09-02,0.7241,consecutive_duty_days
SYNTH-CRPF-01-108044,CRPF-01,transfer,2026-09-02,0.75,postings_in_trailing_year
SYNTH-CRPF-01-108044,CRPF-01,training,2026-09-02,0.0,course_days_assigned
SYNTH-CRPF-01-108044,CRPF-01,workload,2026-09-02,0.7905,duty_hours_over_establishment
SYNTH-CRPF-01-108044,CRPF-01,biometric,2026-09-02,0.6035,resting_heart_rate_trend
SYNTH-CRPF-01-222999,CRPF-01,leave,2026-09-02,0.6304,leave_denied_rate
SYNTH-CRPF-01-222999,CRPF-01,deployment,2026-09-02,0.2547,days_deployed_away_from_station
SYNTH-CRPF-01-222999,CRPF-01,duty_roster,2026-09-02,0.5797,consecutive_duty_days
SYNTH-CRPF-01-222999,CRPF-01,transfer,2026-09-02,0.25,postings_in_trailing_year
SYNTH-CRPF-01-222999,CRPF-01,training,2026-09-02,0.0,course_days_assigned
SYNTH-CRPF-01-222999,CRPF-01,workload,2026-09-02,0.7388,duty_hours_over_establishment
SYNTH-CRPF-01-577281,CRPF-01,leave,2026-09-02,0.5734,leave_denied_rate
SYNTH-CRPF-01-577281,CRPF-01,deployment,2026-09-02,0.2643,days_deployed_away_from_station
SYNTH-CRPF-01-577281,CRPF-01,duty_roster,2026-09-02,0.7245,consecutive_duty_days
SYNTH-CRPF-01-577281,CRPF-01,transfer,2026-09-02,0.25,postings_in_trailing_year
SYNTH-CRPF-01-577281,CRPF-01,training,2026-09-02,0.0,course_days_assigned
SYNTH-CRPF-01-577281,CRPF-01,workload,2026-09-02,0.6839,duty_hours_over_establishment
SYNTH-CRPF-01-577281,CRPF-01,self_report,2026-09-02,0.2937,instrument_score_normalised
SYNTH-CRPF-01-918975,CRPF-01,leave,2026-09-02,0.6096,leave_denied_rate
SYNTH-CRPF-01-918975,CRPF-01,deployment,2026-09-02,0.0786,days_deployed_away_from_station
SYNTH-CRPF-01-918975,CRPF-01,duty_roster,2026-09-02,0.533,consecutive_duty_days
SYNTH-CRPF-01-918975,CRPF-01,transfer,2026-09-02,0.25,postings_in_trailing_year
SYNTH-CRPF-01-918975,CRPF-01,training,2026-09-02,0.0,course_days_assigned
SYNTH-CRPF-01-918975,CRPF-01,workload,2026-09-02,0.4733,duty_hours_over_establishment
SYNTH-CRPF-01-918975,CRPF-01,self_report,2026-09-02,0.5407,instrument_score_normalised
SYNTH-CRPF-01-918975,CRPF-01,biometric,2026-09-02,0.3646,resting_heart_rate_trend
SYNTH-CRPF-01-649813,CRPF-01,leave,2026-09-02,0.5274,leave_denied_rate
SYNTH-CRPF-01-649813,CRPF-01,deployment,2026-09-02,0.0909,days_deployed_away_from_station
SYNTH-CRPF-01-649813,CRPF-01,duty_roster,2026-09-02,0.479,consecutive_duty_days
SYNTH-CRPF-01-649813,CRPF-01,transfer,2026-09-02,0.25,postings_in_trailing_year
SYNTH-CRPF-01-649813,CRPF-01,training,2026-09-02,0.0,course_days_assigned
SYNTH-CRPF-01-649813,CRPF-01,workload,2026-09-02,0.2902,duty_hours_over_establishment
SYNTH-CRPF-01-649813,CRPF-01,self_report,2026-09-02,0.3294,instrument_score_normalised
SYNTH-CRPF-01-484140,CRPF-01,leave,2026-09-02,0.801,leave_denied_rate
SYNTH-CRPF-01-484140,CRPF-01,deployment,2026-09-02,0.2526,days_deployed_away_from_station
SYNTH-CRPF-01-484140,CRPF-01,duty_roster,2026-09-02,0.7623,consecutive_duty_days
SYNTH-CRPF-01-484140,CRPF-01,transfer,2026-09-02,0.25,postings_in_trailing_year
SYNTH-CRPF-01-484140,CRPF-01,training,2026-09-02,0.0,course_days_assigned
SYNTH-CRPF-01-484140,CRPF-01,workload,2026-09-02,0.6078,duty_hours_over_establishment
SYNTH-CRPF-01-484140,CRPF-01,biometric,2026-09-02,0.6003,resting_heart_rate_trend
SYNTH-CRPF-01-104245,CRPF-01,leave,2026-09-02,0.3397,leave_denied_rate
SYNTH-CRPF-01-104245,CRPF-01,deployment,2026-09-02,0.076,days_deployed_away_from_station
SYNTH-CRPF-01-104245,CRPF-01,duty_roster,2026-09-02,0.3714,consecutive_duty_days
SYNTH-CRPF-01-104245,CRPF-01,transfer,2026-09-02,0.75,postings_in_trailing_year
SYNTH-CRPF-01-104245,CRPF-01,training,2026-09-02,0.0,course_days_assigned
SYNTH-CRPF-01-104245,CRPF-01,workload,2026-09-02,0.4842,duty_hours_over_establishment
SYNTH-CRPF-01-104245,CRPF-01,self_report,2026-09-02,0.3083,instrument_score_normalised
SYNTH-CRPF-01-569243,CRPF-01,leave,2026-09-02,0.6419,leave_denied_rate
SYNTH-CRPF-01-569243,CRPF-01,deployment,2026-09-02,0.2758,days_deployed_away_from_station
SYNTH-CRPF-01-569243,CRPF-01,duty_roster,2026-09-02,0.7466,consecutive_duty_days
SYNTH-CRPF-01-569243,CRPF-01,transfer,2026-09-02,0.25,postings_in_trailing_year
SYNTH-CRPF-01-569243,CRPF-01,training,2026-09-02,0.0,course_days_assigned
SYNTH-CRPF-01-569243,CRPF-01,workload,2026-09-02,0.721,duty_hours_over_establishment
SYNTH-CRPF-01-569243,CRPF-01,biometric,2026-09-02,0.3678,resting_heart_rate_trend
SYNTH-CRPF-01-854607,CRPF-01,leave,2026-09-02,0.3975,leave_denied_rate
SYNTH-CRPF-01-854607,CRPF-01,deployment,2026-09-02,0.1405,days_deployed_away_from_station
SYNTH-CRPF-01-854607,CRPF-01,duty_roster,2026-09-02,0.3936,consecutive_duty_days
SYNTH-CRPF-01-854607,CRPF-01,transfer,2026-09-02,0.25,postings_in_trailing_year
SYNTH-CRPF-01-854607,CRPF-01,training,2026-09-02,0.0,course_days_assigned
SYNTH-CRPF-01-854607,CRPF-01,workload,2026-09-02,0.4184,duty_hours_over_establishment
SYNTH-CRPF-01-854607,CRPF-01,self_report,2026-09-02,0.6657,instrument_score_normalised
SYNTH-CRPF-01-854607,CRPF-01,biometric,2026-09-02,0.3798,resting_heart_rate_trend
SYNTH-CRPF-01-110151,CRPF-01,leave,2026-09-02,0.6843,leave_denied_rate
SYNTH-CRPF-01-110151,CRPF-01,deployment,2026-09-02,0.1883,days_deployed_away_from_station
SYNTH-CRPF-01-110151,CRPF-01,duty_roster,2026-09-02,0.6076,consecutive_duty_days
SYNTH-CRPF-01-110151,CRPF-01,transfer,2026-09-02,0.25,postings_in_trailing_year
SYNTH-CRPF-01-110151,CRPF-01,training,2026-09-02,0.0,course_days_assigned
SYNTH-CRPF-01-110151,CRPF-01,workload,2026-09-02,0.4527,duty_hours_over_establishment
SYNTH-CRPF-01-110151,CRPF-01,self_report,2026-09-02,0.0785,instrument_score_normalised
SYNTH-CRPF-01-110151,CRPF-01,biometric,2026-09-02,0.3769,resting_heart_rate_trend
SYNTH-CRPF-01-930909,CRPF-01,leave,2026-09-02,0.5914,leave_denied_rate
SYNTH-CRPF-01-930909,CRPF-01,deployment,2026-09-02,0.2397,days_deployed_away_from_station
SYNTH-CRPF-01-930909,CRPF-01,duty_roster,2026-09-02,0.7549,consecutive_duty_days
SYNTH-CRPF-01-930909,CRPF-01,transfer,2026-09-02,0.25,postings_in_trailing_year
SYNTH-CRPF-01-930909,CRPF-01,training,2026-09-02,0.0,course_days_assigned
SYNTH-CRPF-01-930909,CRPF-01,workload,2026-09-02,0.6422,duty_hours_over_establishment
SYNTH-CRPF-01-273415,CRPF-01,leave,2026-09-02,0.8327,leave_denied_rate
SYNTH-CRPF-01-273415,CRPF-01,deployment,2026-09-02,0.287,days_deployed_away_from_station
SYNTH-CRPF-01-273415,CRPF-01,duty_roster,2026-09-02,0.6253,consecutive_duty_days
SYNTH-CRPF-01-273415,CRPF-01,transfer,2026-09-02,0.25,postings_in_trailing_year
SYNTH-CRPF-01-273415,CRPF-01,training,2026-09-02,0.0,course_days_assigned
SYNTH-CRPF-01-273415,CRPF-01,workload,2026-09-02,0.6387,duty_hours_over_establishment
SYNTH-CRPF-01-861647,CRPF-01,leave,2026-09-02,0.6041,leave_denied_rate
SYNTH-CRPF-01-861647,CRPF-01,deployment,2026-09-02,0.1842,days_deployed_away_from_station
SYNTH-CRPF-01-861647,CRPF-01,duty_roster,2026-09-02,0.6956,consecutive_duty_days
SYNTH-CRPF-01-861647,CRPF-01,transfer,2026-09-02,0.25,postings_in_trailing_year
SYNTH-CRPF-01-861647,CRPF-01,training,2026-09-02,0.0,course_days_assigned
SYNTH-CRPF-01-861647,CRPF-01,workload,2026-09-02,0.426,duty_hours_over_establishment
SYNTH-CRPF-01-470063,CRPF-01,leave,2026-09-02,0.787,leave_denied_rate
SYNTH-CRPF-01-470063,CRPF-01,deployment,2026-09-02,0.3118,days_deployed_away_from_station
SYNTH-CRPF-01-470063,CRPF-01,duty_roster,2026-09-02,0.7446,consecutive_duty_days
SYNTH-CRPF-01-470063,CRPF-01,transfer,2026-09-02,0.25,postings_in_trailing_year
SYNTH-CRPF-01-470063,CRPF-01,training,2026-09-02,0.0,course_days_assigned
SYNTH-CRPF-01-470063,CRPF-01,workload,2026-09-02,0.5792,duty_hours_over_establishment
SYNTH-CRPF-01-470063,CRPF-01,self_report,2026-09-02,0.2074,instrument_score_normalised
SYNTH-CRPF-01-597353,CRPF-01,leave,2026-09-02,0.6946,leave_denied_rate
SYNTH-CRPF-01-597353,CRPF-01,deployment,2026-09-02,0.2518,days_deployed_away_from_station
SYNTH-CRPF-01-597353,CRPF-01,duty_roster,2026-09-02,0.6989,consecutive_duty_days
SYNTH-CRPF-01-597353,CRPF-01,transfer,2026-09-02,0.75,postings_in_trailing_year
SYNTH-CRPF-01-597353,CRPF-01,training,2026-09-02,0.0,course_days_assigned
SYNTH-CRPF-01-597353,CRPF-01,workload,2026-09-02,0.5216,duty_hours_over_establishment
SYNTH-CRPF-01-597353,CRPF-01,self_report,2026-09-02,0.2068,instrument_score_normalised
SYNTH-CRPF-01-398737,CRPF-01,leave,2026-09-02,0.339,leave_denied_rate
SYNTH-CRPF-01-398737,CRPF-01,deployment,2026-09-02,0.0875,days_deployed_away_from_station
SYNTH-CRPF-01-398737,CRPF-01,duty_roster,2026-09-02,0.3083,consecutive_duty_days
SYNTH-CRPF-01-398737,CRPF-01,transfer,2026-09-02,0.25,postings_in_trailing_year
SYNTH-CRPF-01-398737,CRPF-01,training,2026-09-02,0.0,course_days_assigned
SYNTH-CRPF-01-398737,CRPF-01,workload,2026-09-02,0.4989,duty_hours_over_establishment
SYNTH-CRPF-01-398737,CRPF-01,self_report,2026-09-02,0.0872,instrument_score_normalised
SYNTH-CRPF-01-717918,CRPF-01,leave,2026-09-02,0.8113,leave_denied_rate
SYNTH-CRPF-01-717918,CRPF-01,deployment,2026-09-02,0.322,days_deployed_away_from_station
SYNTH-CRPF-01-717918,CRPF-01,duty_roster,2026-09-02,0.8203,consecutive_duty_days
SYNTH-CRPF-01-717918,CRPF-01,transfer,2026-09-02,0.75,postings_in_trailing_year
SYNTH-CRPF-01-717918,CRPF-01,training,2026-09-02,0.0,course_days_assigned
SYNTH-CRPF-01-717918,CRPF-01,workload,2026-09-02,0.7626,duty_hours_over_establishment
SYNTH-CRPF-01-717918,CRPF-01,self_report,2026-09-02,0.289,instrument_score_normalised
SYNTH-CRPF-01-246532,CRPF-01,leave,2026-09-02,0.7618,leave_denied_rate
SYNTH-CRPF-01-246532,CRPF-01,deployment,2026-09-02,0.3041,days_deployed_away_from_station
SYNTH-CRPF-01-246532,CRPF-01,duty_roster,2026-09-02,0.5856,consecutive_duty_days
SYNTH-CRPF-01-246532,CRPF-01,transfer,2026-09-02,0.25,postings_in_trailing_year
SYNTH-CRPF-01-246532,CRPF-01,training,2026-09-02,0.0,course_days_assigned
SYNTH-CRPF-01-246532,CRPF-01,workload,2026-09-02,0.8189,duty_hours_over_establishment
SYNTH-CRPF-01-246532,CRPF-01,self_report,2026-09-02,0.1632,instrument_score_normalised
SYNTH-CRPF-01-246532,CRPF-01,biometric,2026-09-02,0.3469,resting_heart_rate_trend
SYNTH-CRPF-01-742992,CRPF-01,leave,2026-09-02,0.6652,leave_denied_rate
SYNTH-CRPF-01-742992,CRPF-01,deployment,2026-09-02,0.093,days_deployed_away_from_station
SYNTH-CRPF-01-742992,CRPF-01,duty_roster,2026-09-02,0.4315,consecutive_duty_days
SYNTH-CRPF-01-742992,CRPF-01,transfer,2026-09-02,0.25,postings_in_trailing_year
SYNTH-CRPF-01-742992,CRPF-01,training,2026-09-02,0.0,course_days_assigned
SYNTH-CRPF-01-742992,CRPF-01,workload,2026-09-02,0.392,duty_hours_over_establishment
SYNTH-CRPF-01-865163,CRPF-01,leave,2026-09-02,0.4312,leave_denied_rate
SYNTH-CRPF-01-865163,CRPF-01,deployment,2026-09-02,0.1804,days_deployed_away_from_station
SYNTH-CRPF-01-865163,CRPF-01,duty_roster,2026-09-02,0.4204,consecutive_duty_days
SYNTH-CRPF-01-865163,CRPF-01,transfer,2026-09-02,0.25,postings_in_trailing_year
SYNTH-CRPF-01-865163,CRPF-01,training,2026-09-02,0.0,course_days_assigned
SYNTH-CRPF-01-865163,CRPF-01,workload,2026-09-02,0.3658,duty_hours_over_establishment
SYNTH-CRPF-01-865163,CRPF-01,self_report,2026-09-02,0.2567,instrument_score_normalised
SYNTH-CRPF-01-865163,CRPF-01,biometric,2026-09-02,0.3085,resting_heart_rate_trend
SYNTH-CRPF-01-966380,CRPF-01,leave,2026-09-02,0.5796,leave_denied_rate
SYNTH-CRPF-01-966380,CRPF-01,deployment,2026-09-02,0.3016,days_deployed_away_from_station
SYNTH-CRPF-01-966380,CRPF-01,duty_roster,2026-09-02,0.5874,consecutive_duty_days
SYNTH-CRPF-01-966380,CRPF-01,transfer,2026-09-02,0.25,postings_in_trailing_year
SYNTH-CRPF-01-966380,CRPF-01,training,2026-09-02,0.0,course_days_assigned
SYNTH-CRPF-01-966380,CRPF-01,workload,2026-09-02,0.6975,duty_hours_over_establishment
SYNTH-CRPF-01-391839,CRPF-01,leave,2026-09-02,0.2866,leave_denied_rate
SYNTH-CRPF-01-391839,CRPF-01,deployment,2026-09-02,0.0406,days_deployed_away_from_station
SYNTH-CRPF-01-391839,CRPF-01,duty_roster,2026-09-02,0.427,consecutive_duty_days
SYNTH-CRPF-01-391839,CRPF-01,transfer,2026-09-02,0.25,postings_in_trailing_year
SYNTH-CRPF-01-391839,CRPF-01,training,2026-09-02,0.0,course_days_assigned
SYNTH-CRPF-01-391839,CRPF-01,workload,2026-09-02,0.236,duty_hours_over_establishment
SYNTH-CRPF-01-668662,CRPF-01,leave,2026-09-02,0.6273,leave_denied_rate
SYNTH-CRPF-01-668662,CRPF-01,deployment,2026-09-02,0.105,days_deployed_away_from_station
SYNTH-CRPF-01-668662,CRPF-01,duty_roster,2026-09-02,0.6491,consecutive_duty_days
SYNTH-CRPF-01-668662,CRPF-01,transfer,2026-09-02,0.25,postings_in_trailing_year
SYNTH-CRPF-01-668662,CRPF-01,training,2026-09-02,0.0,course_days_assigned
SYNTH-CRPF-01-668662,CRPF-01,workload,2026-09-02,0.5079,duty_hours_over_establishment
SYNTH-CRPF-01-668662,CRPF-01,self_report,2026-09-02,0.4507,instrument_score_normalised
SYNTH-CRPF-01-668662,CRPF-01,biometric,2026-09-02,0.4113,resting_heart_rate_trend
SYNTH-CRPF-01-472369,CRPF-01,leave,2026-09-02,0.7026,leave_denied_rate
SYNTH-CRPF-01-472369,CRPF-01,deployment,2026-09-02,0.1795,days_deployed_away_from_station
SYNTH-CRPF-01-472369,CRPF-01,duty_roster,2026-09-02,0.6415,consecutive_duty_days
SYNTH-CRPF-01-472369,CRPF-01,transfer,2026-09-02,0.75,postings_in_trailing_year
SYNTH-CRPF-01-472369,CRPF-01,training,2026-09-02,0.0,course_days_assigned
SYNTH-CRPF-01-472369,CRPF-01,workload,2026-09-02,0.4381,duty_hours_over_establishment
SYNTH-CRPF-01-472369,CRPF-01,self_report,2026-09-02,0.6429,instrument_score_normalised
SYNTH-CRPF-01-128517,CRPF-01,leave,2026-09-02,0.6163,leave_denied_rate
SYNTH-CRPF-01-128517,CRPF-01,deployment,2026-09-02,0.2537,days_deployed_away_from_station
SYNTH-CRPF-01-128517,CRPF-01,duty_roster,2026-09-02,0.6421,consecutive_duty_days
SYNTH-CRPF-01-128517,CRPF-01,transfer,2026-09-02,0.75,postings_in_trailing_year
SYNTH-CRPF-01-128517,CRPF-01,training,2026-09-02,0.0,course_days_assigned
SYNTH-CRPF-01-128517,CRPF-01,workload,2026-09-02,0.6178,duty_hours_over_establishment
SYNTH-CRPF-01-128517,CRPF-01,self_report,2026-09-02,0.4866,instrument_score_normalised
SYNTH-CRPF-01-948893,CRPF-01,leave,2026-09-02,0.4823,leave_denied_rate
SYNTH-CRPF-01-948893,CRPF-01,deployment,2026-09-02,0.2516,days_deployed_away_from_station
SYNTH-CRPF-01-948893,CRPF-01,duty_roster,2026-09-02,0.4619,consecutive_duty_days
SYNTH-CRPF-01-948893,CRPF-01,transfer,2026-09-02,0.25,postings_in_trailing_year
SYNTH-CRPF-01-948893,CRPF-01,training,2026-09-02,0.0,course_days_assigned
SYNTH-CRPF-01-948893,CRPF-01,workload,2026-09-02,0.5894,duty_hours_over_establishment
SYNTH-CRPF-01-948893,CRPF-01,self_report,2026-09-02,0.4482,instrument_score_normalised
SYNTH-CRPF-01-916568,CRPF-01,leave,2026-09-02,0.7356,leave_denied_rate
SYNTH-CRPF-01-916568,CRPF-01,deployment,2026-09-02,0.3043,days_deployed_away_from_station
SYNTH-CRPF-01-916568,CRPF-01,duty_roster,2026-09-02,0.6392,consecutive_duty_days
SYNTH-CRPF-01-916568,CRPF-01,transfer,2026-09-02,0.75,postings_in_trailing_year
SYNTH-CRPF-01-916568,CRPF-01,training,2026-09-02,0.0,course_days_assigned
SYNTH-CRPF-01-916568,CRPF-01,workload,2026-09-02,0.9161,duty_hours_over_establishment
SYNTH-CRPF-01-916568,CRPF-01,biometric,2026-09-02,0.4021,resting_heart_rate_trend
SYNTH-CRPF-01-430355,CRPF-01,leave,2026-09-02,0.507,leave_denied_rate
SYNTH-CRPF-01-430355,CRPF-01,deployment,2026-09-02,0.2717,days_deployed_away_from_station
SYNTH-CRPF-01-430355,CRPF-01,duty_roster,2026-09-02,0.6885,consecutive_duty_days
SYNTH-CRPF-01-430355,CRPF-01,transfer,2026-09-02,0.25,postings_in_trailing_year
SYNTH-CRPF-01-430355,CRPF-01,training,2026-09-02,0.0,course_days_assigned
SYNTH-CRPF-01-430355,CRPF-01,workload,2026-09-02,0.4946,duty_hours_over_establishment
SYNTH-CRPF-01-430355,CRPF-01,self_report,2026-09-02,0.321,instrument_score_normalised
SYNTH-CRPF-01-446360,CRPF-01,leave,2026-09-02,0.3501,leave_denied_rate
SYNTH-CRPF-01-446360,CRPF-01,deployment,2026-09-02,0.0722,days_deployed_away_from_station
SYNTH-CRPF-01-446360,CRPF-01,duty_roster,2026-09-02,0.3828,consecutive_duty_days
SYNTH-CRPF-01-446360,CRPF-01,transfer,2026-09-02,0.25,postings_in_trailing_year
SYNTH-CRPF-01-446360,CRPF-01,training,2026-09-02,0.0,course_days_assigned
SYNTH-CRPF-01-446360,CRPF-01,workload,2026-09-02,0.4302,duty_hours_over_establishment
SYNTH-CRPF-01-917928,CRPF-01,leave,2026-09-02,0.4914,leave_denied_rate
SYNTH-CRPF-01-917928,CRPF-01,deployment,2026-09-02,0.1771,days_deployed_away_from_station
SYNTH-CRPF-01-917928,CRPF-01,duty_roster,2026-09-02,0.6571,consecutive_duty_days
SYNTH-CRPF-01-917928,CRPF-01,transfer,2026-09-02,0.25,postings_in_trailing_year
SYNTH-CRPF-01-917928,CRPF-01,training,2026-09-02,0.0,course_days_assigned
SYNTH-CRPF-01-917928,CRPF-01,workload,2026-09-02,0.642,duty_hours_over_establishment
SYNTH-CRPF-01-917928,CRPF-01,biometric,2026-09-02,0.412,resting_heart_rate_trend
SYNTH-CRPF-01-375001,CRPF-01,leave,2026-09-02,0.5313,leave_denied_rate
SYNTH-CRPF-01-375001,CRPF-01,deployment,2026-09-02,0.2977,days_deployed_away_from_station
SYNTH-CRPF-01-375001,CRPF-01,duty_roster,2026-09-02,0.5463,consecutive_duty_days
SYNTH-CRPF-01-375001,CRPF-01,transfer,2026-09-02,0.25,postings_in_trailing_year
SYNTH-CRPF-01-375001,CRPF-01,training,2026-09-02,0.0,course_days_assigned
SYNTH-CRPF-01-375001,CRPF-01,workload,2026-09-02,0.5445,duty_hours_over_establishment
SYNTH-CRPF-01-375001,CRPF-01,self_report,2026-09-02,0.4747,instrument_score_normalised
SYNTH-CRPF-01-455510,CRPF-01,leave,2026-09-01,0.7557,leave_denied_rate
SYNTH-CRPF-01-455510,CRPF-01,deployment,2026-09-01,0.2993,days_deployed_away_from_station
SYNTH-CRPF-01-455510,CRPF-01,duty_roster,2026-09-01,0.5292,consecutive_duty_days
SYNTH-CRPF-01-455510,CRPF-01,transfer,2026-09-01,0.25,postings_in_trailing_year
SYNTH-CRPF-01-455510,CRPF-01,training,2026-09-01,0.0,course_days_assigned
SYNTH-CRPF-01-455510,CRPF-01,workload,2026-09-01,0.5475,duty_hours_over_establishment
SYNTH-CRPF-01-465274,CRPF-01,leave,2026-09-01,0.7233,leave_denied_rate
SYNTH-CRPF-01-465274,CRPF-01,deployment,2026-09-01,0.2565,days_deployed_away_from_station
SYNTH-CRPF-01-465274,CRPF-01,duty_roster,2026-09-01,0.7185,consecutive_duty_days
SYNTH-CRPF-01-465274,CRPF-01,transfer,2026-09-01,0.25,postings_in_trailing_year
SYNTH-CRPF-01-465274,CRPF-01,training,2026-09-01,0.0,course_days_assigned
SYNTH-CRPF-01-465274,CRPF-01,workload,2026-09-01,0.6545,duty_hours_over_establishment
SYNTH-CRPF-01-465274,CRPF-01,self_report,2026-09-01,0.1925,instrument_score_normalised
SYNTH-CRPF-01-998057,CRPF-01,leave,2026-09-01,0.5116,leave_denied_rate
SYNTH-CRPF-01-998057,CRPF-01,deployment,2026-09-01,0.1662,days_deployed_away_from_station
SYNTH-CRPF-01-998057,CRPF-01,duty_roster,2026-09-01,0.4287,consecutive_duty_days
SYNTH-CRPF-01-998057,CRPF-01,transfer,2026-09-01,0.25,postings_in_trailing_year
SYNTH-CRPF-01-998057,CRPF-01,training,2026-09-01,1.0,course_days_assigned
SYNTH-CRPF-01-998057,CRPF-01,workload,2026-09-01,0.4105,duty_hours_over_establishment
SYNTH-CRPF-01-998057,CRPF-01,self_report,2026-09-01,0.3095,instrument_score_normalised
SYNTH-CRPF-01-704953,CRPF-01,leave,2026-09-01,0.4198,leave_denied_rate
SYNTH-CRPF-01-704953,CRPF-01,deployment,2026-09-01,0.182,days_deployed_away_from_station
SYNTH-CRPF-01-704953,CRPF-01,duty_roster,2026-09-01,0.5116,consecutive_duty_days
SYNTH-CRPF-01-704953,CRPF-01,transfer,2026-09-01,0.25,postings_in_trailing_year
SYNTH-CRPF-01-704953,CRPF-01,training,2026-09-01,0.0,course_days_assigned
SYNTH-CRPF-01-704953,CRPF-01,workload,2026-09-01,0.4704,duty_hours_over_establishment
SYNTH-CRPF-01-704953,CRPF-01,self_report,2026-09-01,0.4315,instrument_score_normalised
SYNTH-CRPF-01-548760,CRPF-01,leave,2026-09-01,0.2275,leave_denied_rate
SYNTH-CRPF-01-548760,CRPF-01,deployment,2026-09-01,0.0365,days_deployed_away_from_station
SYNTH-CRPF-01-548760,CRPF-01,duty_roster,2026-09-01,0.3783,consecutive_duty_days
SYNTH-CRPF-01-548760,CRPF-01,transfer,2026-09-01,0.25,postings_in_trailing_year
SYNTH-CRPF-01-548760,CRPF-01,training,2026-09-01,0.0,course_days_assigned
SYNTH-CRPF-01-548760,CRPF-01,workload,2026-09-01,0.4195,duty_hours_over_establishment
SYNTH-CRPF-01-548760,CRPF-01,biometric,2026-09-01,0.0244,resting_heart_rate_trend
SYNTH-CRPF-01-631837,CRPF-01,leave,2026-09-01,0.432,leave_denied_rate
SYNTH-CRPF-01-631837,CRPF-01,deployment,2026-09-01,0.1738,days_deployed_away_from_station
SYNTH-CRPF-01-631837,CRPF-01,duty_roster,2026-09-01,0.4907,consecutive_duty_days
SYNTH-CRPF-01-631837,CRPF-01,transfer,2026-09-01,0.25,postings_in_trailing_year
SYNTH-CRPF-01-631837,CRPF-01,training,2026-09-01,0.0,course_days_assigned
SYNTH-CRPF-01-631837,CRPF-01,workload,2026-09-01,0.4128,duty_hours_over_establishment
SYNTH-CRPF-01-583055,CRPF-01,leave,2026-09-01,0.7313,leave_denied_rate
SYNTH-CRPF-01-583055,CRPF-01,deployment,2026-09-01,0.1502,days_deployed_away_from_station
SYNTH-CRPF-01-583055,CRPF-01,duty_roster,2026-09-01,0.4557,consecutive_duty_days
SYNTH-CRPF-01-583055,CRPF-01,transfer,2026-09-01,0.25,postings_in_trailing_year
SYNTH-CRPF-01-583055,CRPF-01,training,2026-09-01,0.0,course_days_assigned
SYNTH-CRPF-01-583055,CRPF-01,workload,2026-09-01,0.6932,duty_hours_over_establishment
SYNTH-CRPF-01-583055,CRPF-01,self_report,2026-09-01,0.4459,instrument_score_normalised
SYNTH-CRPF-01-800162,CRPF-01,leave,2026-09-01,0.6726,leave_denied_rate
SYNTH-CRPF-01-800162,CRPF-01,deployment,2026-09-01,0.2031,days_deployed_away_from_station
SYNTH-CRPF-01-800162,CRPF-01,duty_roster,2026-09-01,0.7403,consecutive_duty_days
SYNTH-CRPF-01-800162,CRPF-01,transfer,2026-09-01,0.25,postings_in_trailing_year
SYNTH-CRPF-01-800162,CRPF-01,training,2026-09-01,0.0,course_days_assigned
SYNTH-CRPF-01-800162,CRPF-01,workload,2026-09-01,0.5931,duty_hours_over_establishment
SYNTH-CRPF-01-800162,CRPF-01,self_report,2026-09-01,0.2844,instrument_score_normalised
SYNTH-CRPF-01-473091,CRPF-01,leave,2026-09-01,0.8079,leave_denied_rate
SYNTH-CRPF-01-473091,CRPF-01,deployment,2026-09-01,0.2003,days_deployed_away_from_station
SYNTH-CRPF-01-473091,CRPF-01,duty_roster,2026-09-01,0.8096,consecutive_duty_days
SYNTH-CRPF-01-473091,CRPF-01,transfer,2026-09-01,0.25,postings_in_trailing_year
SYNTH-CRPF-01-473091,CRPF-01,training,2026-09-01,0.0,course_days_assigned
SYNTH-CRPF-01-473091,CRPF-01,workload,2026-09-01,0.633,duty_hours_over_establishment
SYNTH-CRPF-01-473091,CRPF-01,self_report,2026-09-01,0.7544,instrument_score_normalised
SYNTH-CRPF-01-473091,CRPF-01,biometric,2026-09-01,0.2413,resting_heart_rate_trend
SYNTH-CRPF-01-124771,CRPF-01,leave,2026-09-01,0.5975,leave_denied_rate
SYNTH-CRPF-01-124771,CRPF-01,deployment,2026-09-01,0.1174,days_deployed_away_from_station
SYNTH-CRPF-01-124771,CRPF-01,duty_roster,2026-09-01,0.367,consecutive_duty_days
SYNTH-CRPF-01-124771,CRPF-01,transfer,2026-09-01,0.25,postings_in_trailing_year
SYNTH-CRPF-01-124771,CRPF-01,training,2026-09-01,0.0,course_days_assigned
SYNTH-CRPF-01-124771,CRPF-01,workload,2026-09-01,0.5575,duty_hours_over_establishment
SYNTH-CRPF-01-124771,CRPF-01,biometric,2026-09-01,0.3894,resting_heart_rate_trend
SYNTH-CRPF-01-976873,CRPF-01,leave,2026-09-01,0.5947,leave_denied_rate
SYNTH-CRPF-01-976873,CRPF-01,deployment,2026-09-01,0.2016,days_deployed_away_from_station
SYNTH-CRPF-01-976873,CRPF-01,duty_roster,2026-09-01,0.455,consecutive_duty_days
SYNTH-CRPF-01-976873,CRPF-01,transfer,2026-09-01,0.25,postings_in_trailing_year
SYNTH-CRPF-01-976873,CRPF-01,training,2026-09-01,0.0,course_days_assigned
SYNTH-CRPF-01-976873,CRPF-01,workload,2026-09-01,0.5098,duty_hours_over_establishment
SYNTH-CRPF-01-976873,CRPF-01,self_report,2026-09-01,0.1484,instrument_score_normalised
SYNTH-CRPF-01-976873,CRPF-01,biometric,2026-09-01,0.3303,resting_heart_rate_trend
SYNTH-CRPF-01-507676,CRPF-01,leave,2026-09-01,0.6095,leave_denied_rate
SYNTH-CRPF-01-507676,CRPF-01,deployment,2026-09-01,0.1517,days_deployed_away_from_station
SYNTH-CRPF-01-507676,CRPF-01,duty_roster,2026-09-01,0.6168,consecutive_duty_days
SYNTH-CRPF-01-507676,CRPF-01,transfer,2026-09-01,0.25,postings_in_trailing_year
SYNTH-CRPF-01-507676,CRPF-01,training,2026-09-01,0.0,course_days_assigned
SYNTH-CRPF-01-507676,CRPF-01,workload,2026-09-01,0.5487,duty_hours_over_establishment
SYNTH-CRPF-01-507676,CRPF-01,self_report,2026-09-01,0.2048,instrument_score_normalised
SYNTH-CRPF-01-239213,CRPF-01,leave,2026-09-01,0.6625,leave_denied_rate
SYNTH-CRPF-01-239213,CRPF-01,deployment,2026-09-01,0.2138,days_deployed_away_from_station
SYNTH-CRPF-01-239213,CRPF-01,duty_roster,2026-09-01,0.6647,consecutive_duty_days
SYNTH-CRPF-01-239213,CRPF-01,transfer,2026-09-01,0.25,postings_in_trailing_year
SYNTH-CRPF-01-239213,CRPF-01,training,2026-09-01,0.0,course_days_assigned
SYNTH-CRPF-01-239213,CRPF-01,workload,2026-09-01,0.6479,duty_hours_over_establishment
SYNTH-CRPF-01-239213,CRPF-01,self_report,2026-09-01,0.4572,instrument_score_normalised
SYNTH-CRPF-01-239213,CRPF-01,biometric,2026-09-01,0.3526,resting_heart_rate_trend
SYNTH-CRPF-01-552876,CRPF-01,leave,2026-09-01,0.7381,leave_denied_rate
SYNTH-CRPF-01-552876,CRPF-01,deployment,2026-09-01,0.2571,days_deployed_away_from_station
SYNTH-CRPF-01-552876,CRPF-01,duty_roster,2026-09-01,0.5139,consecutive_duty_days
SYNTH-CRPF-01-552876,CRPF-01,transfer,2026-09-01,0.25,postings_in_trailing_year
SYNTH-CRPF-01-552876,CRPF-01,training,2026-09-01,0.0,course_days_assigned
SYNTH-CRPF-01-552876,CRPF-01,workload,2026-09-01,0.7725,duty_hours_over_establishment
SYNTH-CRPF-01-552876,CRPF-01,self_report,2026-09-01,0.3248,instrument_score_normalised
SYNTH-CRPF-01-552876,CRPF-01,biometric,2026-09-01,0.3514,resting_heart_rate_trend
SYNTH-CRPF-01-582851,CRPF-01,leave,2026-09-01,0.6056,leave_denied_rate
SYNTH-CRPF-01-582851,CRPF-01,deployment,2026-09-01,0.2588,days_deployed_away_from_station
SYNTH-CRPF-01-582851,CRPF-01,duty_roster,2026-09-01,0.4873,consecutive_duty_days
SYNTH-CRPF-01-582851,CRPF-01,transfer,2026-09-01,0.25,postings_in_trailing_year
SYNTH-CRPF-01-582851,CRPF-01,training,2026-09-01,0.0,course_days_assigned
SYNTH-CRPF-01-582851,CRPF-01,workload,2026-09-01,0.7873,duty_hours_over_establishment
SYNTH-CRPF-01-719618,CRPF-01,leave,2026-09-01,0.3685,leave_denied_rate
SYNTH-CRPF-01-719618,CRPF-01,deployment,2026-09-01,0.1454,days_deployed_away_from_station
SYNTH-CRPF-01-719618,CRPF-01,duty_roster,2026-09-01,0.3821,consecutive_duty_days
SYNTH-CRPF-01-719618,CRPF-01,transfer,2026-09-01,0.25,postings_in_trailing_year
SYNTH-CRPF-01-719618,CRPF-01,training,2026-09-01,0.0,course_days_assigned
SYNTH-CRPF-01-719618,CRPF-01,workload,2026-09-01,0.543,duty_hours_over_establishment
SYNTH-CRPF-01-719618,CRPF-01,biometric,2026-09-01,0.6256,resting_heart_rate_trend
SYNTH-CRPF-01-451473,CRPF-01,leave,2026-09-01,0.6941,leave_denied_rate
SYNTH-CRPF-01-451473,CRPF-01,deployment,2026-09-01,0.2688,days_deployed_away_from_station
SYNTH-CRPF-01-451473,CRPF-01,duty_roster,2026-09-01,0.7655,consecutive_duty_days
SYNTH-CRPF-01-451473,CRPF-01,transfer,2026-09-01,0.25,postings_in_trailing_year
SYNTH-CRPF-01-451473,CRPF-01,training,2026-09-01,0.0,course_days_assigned
SYNTH-CRPF-01-451473,CRPF-01,workload,2026-09-01,0.8329,duty_hours_over_establishment
SYNTH-CRPF-01-451473,CRPF-01,self_report,2026-09-01,0.0917,instrument_score_normalised
SYNTH-CRPF-01-873879,CRPF-01,leave,2026-09-01,0.4339,leave_denied_rate
SYNTH-CRPF-01-873879,CRPF-01,deployment,2026-09-01,0.1516,days_deployed_away_from_station
SYNTH-CRPF-01-873879,CRPF-01,duty_roster,2026-09-01,0.5813,consecutive_duty_days
SYNTH-CRPF-01-873879,CRPF-01,transfer,2026-09-01,0.25,postings_in_trailing_year
SYNTH-CRPF-01-873879,CRPF-01,training,2026-09-01,0.0,course_days_assigned
SYNTH-CRPF-01-873879,CRPF-01,workload,2026-09-01,0.5297,duty_hours_over_establishment
SYNTH-CRPF-01-873879,CRPF-01,self_report,2026-09-01,0.4269,instrument_score_normalised
SYNTH-CRPF-01-873879,CRPF-01,biometric,2026-09-01,0.6053,resting_heart_rate_trend
SYNTH-CRPF-01-362120,CRPF-01,leave,2026-09-01,0.7515,leave_denied_rate
SYNTH-CRPF-01-362120,CRPF-01,deployment,2026-09-01,0.318,days_deployed_away_from_station
SYNTH-CRPF-01-362120,CRPF-01,duty_roster,2026-09-01,0.8393,consecutive_duty_days
SYNTH-CRPF-01-362120,CRPF-01,transfer,2026-09-01,0.75,postings_in_trailing_year
SYNTH-CRPF-01-362120,CRPF-01,training,2026-09-01,0.0,course_days_assigned
SYNTH-CRPF-01-362120,CRPF-01,workload,2026-09-01,0.787,duty_hours_over_establishment
SYNTH-CRPF-01-736301,CRPF-01,leave,2026-09-01,0.7254,leave_denied_rate
SYNTH-CRPF-01-736301,CRPF-01,deployment,2026-09-01,0.2522,days_deployed_away_from_station
SYNTH-CRPF-01-736301,CRPF-01,duty_roster,2026-09-01,0.6991,consecutive_duty_days
SYNTH-CRPF-01-736301,CRPF-01,transfer,2026-09-01,0.25,postings_in_trailing_year
SYNTH-CRPF-01-736301,CRPF-01,training,2026-09-01,0.0,course_days_assigned
SYNTH-CRPF-01-736301,CRPF-01,workload,2026-09-01,0.505,duty_hours_over_establishment
SYNTH-CRPF-01-736301,CRPF-01,self_report,2026-09-01,0.2698,instrument_score_normalised
SYNTH-CRPF-01-736301,CRPF-01,biometric,2026-09-01,0.2249,resting_heart_rate_trend
SYNTH-CRPF-01-128836,CRPF-01,leave,2026-09-01,0.5257,leave_denied_rate
SYNTH-CRPF-01-128836,CRPF-01,deployment,2026-09-01,0.2215,days_deployed_away_from_station
SYNTH-CRPF-01-128836,CRPF-01,duty_roster,2026-09-01,0.5118,consecutive_duty_days
SYNTH-CRPF-01-128836,CRPF-01,transfer,2026-09-01,0.25,postings_in_trailing_year
SYNTH-CRPF-01-128836,CRPF-01,training,2026-09-01,0.0,course_days_assigned
SYNTH-CRPF-01-128836,CRPF-01,workload,2026-09-01,0.7499,duty_hours_over_establishment
SYNTH-CRPF-01-128836,CRPF-01,biometric,2026-09-01,0.3458,resting_heart_rate_trend
SYNTH-CRPF-01-445316,CRPF-01,leave,2026-09-01,0.6147,leave_denied_rate
SYNTH-CRPF-01-445316,CRPF-01,deployment,2026-09-01,0.2092,days_deployed_away_from_station
SYNTH-CRPF-01-445316,CRPF-01,duty_roster,2026-09-01,0.6718,consecutive_duty_days
SYNTH-CRPF-01-445316,CRPF-01,transfer,2026-09-01,0.25,postings_in_trailing_year
SYNTH-CRPF-01-445316,CRPF-01,training,2026-09-01,0.0,course_days_assigned
SYNTH-CRPF-01-445316,CRPF-01,workload,2026-09-01,0.5302,duty_hours_over_establishment
SYNTH-CRPF-01-445316,CRPF-01,self_report,2026-09-01,0.5332,instrument_score_normalised
SYNTH-CRPF-01-669793,CRPF-01,leave,2026-09-01,0.6385,leave_denied_rate
SYNTH-CRPF-01-669793,CRPF-01,deployment,2026-09-01,0.1716,days_deployed_away_from_station
SYNTH-CRPF-01-669793,CRPF-01,duty_roster,2026-09-01,0.8057,consecutive_duty_days
SYNTH-CRPF-01-669793,CRPF-01,transfer,2026-09-01,0.25,postings_in_trailing_year
SYNTH-CRPF-01-669793,CRPF-01,training,2026-09-01,0.0,course_days_assigned
SYNTH-CRPF-01-669793,CRPF-01,workload,2026-09-01,0.5439,duty_hours_over_establishment
SYNTH-CRPF-01-669793,CRPF-01,self_report,2026-09-01,0.3827,instrument_score_normalised
SYNTH-CRPF-01-367039,CRPF-01,leave,2026-09-01,0.5041,leave_denied_rate
SYNTH-CRPF-01-367039,CRPF-01,deployment,2026-09-01,0.1468,days_deployed_away_from_station
SYNTH-CRPF-01-367039,CRPF-01,duty_roster,2026-09-01,0.5594,consecutive_duty_days
SYNTH-CRPF-01-367039,CRPF-01,transfer,2026-09-01,0.25,postings_in_trailing_year
SYNTH-CRPF-01-367039,CRPF-01,training,2026-09-01,0.0,course_days_assigned
SYNTH-CRPF-01-367039,CRPF-01,workload,2026-09-01,0.7403,duty_hours_over_establishment
SYNTH-CRPF-01-117930,CRPF-01,leave,2026-09-01,0.4866,leave_denied_rate
SYNTH-CRPF-01-117930,CRPF-01,deployment,2026-09-01,0.232,days_deployed_away_from_station
SYNTH-CRPF-01-117930,CRPF-01,duty_roster,2026-09-01,0.7582,consecutive_duty_days
SYNTH-CRPF-01-117930,CRPF-01,transfer,2026-09-01,0.25,postings_in_trailing_year
SYNTH-CRPF-01-117930,CRPF-01,training,2026-09-01,0.0,course_days_assigned
SYNTH-CRPF-01-117930,CRPF-01,workload,2026-09-01,0.5824,duty_hours_over_establishment
SYNTH-CRPF-01-655590,CRPF-01,leave,2026-09-01,0.7567,leave_denied_rate
SYNTH-CRPF-01-655590,CRPF-01,deployment,2026-09-01,0.2299,days_deployed_away_from_station
SYNTH-CRPF-01-655590,CRPF-01,duty_roster,2026-09-01,0.7845,consecutive_duty_days
SYNTH-CRPF-01-655590,CRPF-01,transfer,2026-09-01,0.25,postings_in_trailing_year
SYNTH-CRPF-01-655590,CRPF-01,training,2026-09-01,0.0,course_days_assigned
SYNTH-CRPF-01-655590,CRPF-01,workload,2026-09-01,0.5087,duty_hours_over_establishment
SYNTH-CRPF-01-655590,CRPF-01,self_report,2026-09-01,0.3863,instrument_score_normalised
SYNTH-CRPF-01-655590,CRPF-01,biometric,2026-09-01,0.3035,resting_heart_rate_trend
SYNTH-CRPF-01-307014,CRPF-01,leave,2026-09-01,0.7017,leave_denied_rate
SYNTH-CRPF-01-307014,CRPF-01,deployment,2026-09-01,0.2602,days_deployed_away_from_station
SYNTH-CRPF-01-307014,CRPF-01,duty_roster,2026-09-01,0.7254,consecutive_duty_days
SYNTH-CRPF-01-307014,CRPF-01,transfer,2026-09-01,0.75,postings_in_trailing_year
SYNTH-CRPF-01-307014,CRPF-01,training,2026-09-01,0.0,course_days_assigned
SYNTH-CRPF-01-307014,CRPF-01,workload,2026-09-01,0.5743,duty_hours_over_establishment
SYNTH-CRPF-01-307014,CRPF-01,self_report,2026-09-01,0.1544,instrument_score_normalised
SYNTH-CRPF-01-307014,CRPF-01,biometric,2026-09-01,0.4278,resting_heart_rate_trend
SYNTH-CRPF-01-750550,CRPF-01,leave,2026-09-01,0.5092,leave_denied_rate
SYNTH-CRPF-01-750550,CRPF-01,deployment,2026-09-01,0.2082,days_deployed_away_from_station
SYNTH-CRPF-01-750550,CRPF-01,duty_roster,2026-09-01,0.4546,consecutive_duty_days
SYNTH-CRPF-01-750550,CRPF-01,transfer,2026-09-01,0.25,postings_in_trailing_year
SYNTH-CRPF-01-750550,CRPF-01,training,2026-09-01,0.0,course_days_assigned
SYNTH-CRPF-01-750550,CRPF-01,workload,2026-09-01,0.7157,duty_hours_over_establishment
SYNTH-CRPF-01-865717,CRPF-01,leave,2026-09-01,0.5232,leave_denied_rate
SYNTH-CRPF-01-865717,CRPF-01,deployment,2026-09-01,0.1537,days_deployed_away_from_station
SYNTH-CRPF-01-865717,CRPF-01,duty_roster,2026-09-01,0.6188,consecutive_duty_days
SYNTH-CRPF-01-865717,CRPF-01,transfer,2026-09-01,0.25,postings_in_trailing_year
SYNTH-CRPF-01-865717,CRPF-01,training,2026-09-01,0.0,course_days_assigned
SYNTH-CRPF-01-865717,CRPF-01,workload,2026-09-01,0.507,duty_hours_over_establishment
SYNTH-CRPF-01-865717,CRPF-01,self_report,2026-09-01,0.6639,instrument_score_normalised
SYNTH-CRPF-01-515732,CRPF-01,leave,2026-09-01,0.5821,leave_denied_rate
SYNTH-CRPF-01-515732,CRPF-01,deployment,2026-09-01,0.2487,days_deployed_away_from_station
SYNTH-CRPF-01-515732,CRPF-01,duty_roster,2026-09-01,0.4478,consecutive_duty_days
SYNTH-CRPF-01-515732,CRPF-01,transfer,2026-09-01,0.25,postings_in_trailing_year
SYNTH-CRPF-01-515732,CRPF-01,training,2026-09-01,0.0,course_days_assigned
SYNTH-CRPF-01-515732,CRPF-01,workload,2026-09-01,0.6049,duty_hours_over_establishment
SYNTH-CRPF-01-515732,CRPF-01,self_report,2026-09-01,0.4178,instrument_score_normalised
SYNTH-CRPF-01-628006,CRPF-01,leave,2026-09-01,0.3232,leave_denied_rate
SYNTH-CRPF-01-628006,CRPF-01,deployment,2026-09-01,0.1158,days_deployed_away_from_station
SYNTH-CRPF-01-628006,CRPF-01,duty_roster,2026-09-01,0.4342,consecutive_duty_days
SYNTH-CRPF-01-628006,CRPF-01,transfer,2026-09-01,0.25,postings_in_trailing_year
SYNTH-CRPF-01-628006,CRPF-01,training,2026-09-01,0.0,course_days_assigned
SYNTH-CRPF-01-628006,CRPF-01,workload,2026-09-01,0.527,duty_hours_over_establishment
SYNTH-CRPF-01-628006,CRPF-01,self_report,2026-09-01,0.5131,instrument_score_normalised
SYNTH-CRPF-01-628006,CRPF-01,biometric,2026-09-01,0.3555,resting_heart_rate_trend
SYNTH-CRPF-01-102589,CRPF-01,leave,2026-09-01,0.7749,leave_denied_rate
SYNTH-CRPF-01-102589,CRPF-01,deployment,2026-09-01,0.2814,days_deployed_away_from_station
SYNTH-CRPF-01-102589,CRPF-01,duty_roster,2026-09-01,0.8151,consecutive_duty_days
SYNTH-CRPF-01-102589,CRPF-01,transfer,2026-09-01,0.25,postings_in_trailing_year
SYNTH-CRPF-01-102589,CRPF-01,training,2026-09-01,0.0,course_days_assigned
SYNTH-CRPF-01-102589,CRPF-01,workload,2026-09-01,0.7898,duty_hours_over_establishment
SYNTH-CRPF-01-102589,CRPF-01,self_report,2026-09-01,0.426,instrument_score_normalised
SYNTH-CRPF-01-188067,CRPF-01,leave,2026-09-01,0.5784,leave_denied_rate
SYNTH-CRPF-01-188067,CRPF-01,deployment,2026-09-01,0.2363,days_deployed_away_from_station
SYNTH-CRPF-01-188067,CRPF-01,duty_roster,2026-09-01,0.6045,consecutive_duty_days
SYNTH-CRPF-01-188067,CRPF-01,transfer,2026-09-01,0.25,postings_in_trailing_year
SYNTH-CRPF-01-188067,CRPF-01,training,2026-09-01,0.0,course_days_assigned
SYNTH-CRPF-01-188067,CRPF-01,workload,2026-09-01,0.8269,duty_hours_over_establishment
SYNTH-CRPF-01-188067,CRPF-01,self_report,2026-09-01,0.3333,instrument_score_normalised
SYNTH-CRPF-01-123713,CRPF-01,leave,2026-09-01,0.6922,leave_denied_rate
SYNTH-CRPF-01-123713,CRPF-01,deployment,2026-09-01,0.2404,days_deployed_away_from_station
SYNTH-CRPF-01-123713,CRPF-01,duty_roster,2026-09-01,0.566,consecutive_duty_days
SYNTH-CRPF-01-123713,CRPF-01,transfer,2026-09-01,0.75,postings_in_trailing_year
SYNTH-CRPF-01-123713,CRPF-01,training,2026-09-01,0.0,course_days_assigned
SYNTH-CRPF-01-123713,CRPF-01,workload,2026-09-01,0.6812,duty_hours_over_establishment
SYNTH-CRPF-01-123713,CRPF-01,self_report,2026-09-01,0.4163,instrument_score_normalised
SYNTH-CRPF-01-270345,CRPF-01,leave,2026-09-01,0.5356,leave_denied_rate
SYNTH-CRPF-01-270345,CRPF-01,deployment,2026-09-01,0.1562,days_deployed_away_from_station
SYNTH-CRPF-01-270345,CRPF-01,duty_roster,2026-09-01,0.4221,consecutive_duty_days
SYNTH-CRPF-01-270345,CRPF-01,transfer,2026-09-01,0.25,postings_in_trailing_year
SYNTH-CRPF-01-270345,CRPF-01,training,2026-09-01,0.0,course_days_assigned
SYNTH-CRPF-01-270345,CRPF-01,workload,2026-09-01,0.6355,duty_hours_over_establishment
SYNTH-CRPF-01-736632,CRPF-01,leave,2026-09-01,0.6635,leave_denied_rate
SYNTH-CRPF-01-736632,CRPF-01,deployment,2026-09-01,0.2445,days_deployed_away_from_station
SYNTH-CRPF-01-736632,CRPF-01,duty_roster,2026-09-01,0.7275,consecutive_duty_days
SYNTH-CRPF-01-736632,CRPF-01,transfer,2026-09-01,0.25,postings_in_trailing_year
SYNTH-CRPF-01-736632,CRPF-01,training,2026-09-01,0.0,course_days_assigned
SYNTH-CRPF-01-736632,CRPF-01,workload,2026-09-01,0.6837,duty_hours_over_establishment
SYNTH-CRPF-01-767254,CRPF-01,leave,2026-09-01,0.6469,leave_denied_rate
SYNTH-CRPF-01-767254,CRPF-01,deployment,2026-09-01,0.2756,days_deployed_away_from_station
SYNTH-CRPF-01-767254,CRPF-01,duty_roster,2026-09-01,0.5476,consecutive_duty_days
SYNTH-CRPF-01-767254,CRPF-01,transfer,2026-09-01,0.25,postings_in_trailing_year
SYNTH-CRPF-01-767254,CRPF-01,training,2026-09-01,0.0,course_days_assigned
SYNTH-CRPF-01-767254,CRPF-01,workload,2026-09-01,0.7344,duty_hours_over_establishment
SYNTH-CRPF-01-767254,CRPF-01,self_report,2026-09-01,0.0345,instrument_score_normalised
SYNTH-CRPF-01-767254,CRPF-01,biometric,2026-09-01,0.4703,resting_heart_rate_trend
SYNTH-CRPF-01-147693,CRPF-01,leave,2026-09-01,0.4336,leave_denied_rate
SYNTH-CRPF-01-147693,CRPF-01,deployment,2026-09-01,0.2253,days_deployed_away_from_station
SYNTH-CRPF-01-147693,CRPF-01,duty_roster,2026-09-01,0.542,consecutive_duty_days
SYNTH-CRPF-01-147693,CRPF-01,transfer,2026-09-01,0.25,postings_in_trailing_year
SYNTH-CRPF-01-147693,CRPF-01,training,2026-09-01,0.0,course_days_assigned
SYNTH-CRPF-01-147693,CRPF-01,workload,2026-09-01,0.6865,duty_hours_over_establishment
SYNTH-CRPF-01-621214,CRPF-01,leave,2026-09-01,0.659,leave_denied_rate
SYNTH-CRPF-01-621214,CRPF-01,deployment,2026-09-01,0.1886,days_deployed_away_from_station
SYNTH-CRPF-01-621214,CRPF-01,duty_roster,2026-09-01,0.4477,consecutive_duty_days
SYNTH-CRPF-01-621214,CRPF-01,transfer,2026-09-01,0.25,postings_in_trailing_year
SYNTH-CRPF-01-621214,CRPF-01,training,2026-09-01,0.0,course_days_assigned
SYNTH-CRPF-01-621214,CRPF-01,workload,2026-09-01,0.6734,duty_hours_over_establishment
SYNTH-CRPF-01-621214,CRPF-01,biometric,2026-09-01,0.1983,resting_heart_rate_trend
SYNTH-CRPF-01-567283,CRPF-01,leave,2026-09-01,0.8511,leave_denied_rate
SYNTH-CRPF-01-567283,CRPF-01,deployment,2026-09-01,0.3247,days_deployed_away_from_station
SYNTH-CRPF-01-567283,CRPF-01,duty_roster,2026-09-01,0.6213,consecutive_duty_days
SYNTH-CRPF-01-567283,CRPF-01,transfer,2026-09-01,0.75,postings_in_trailing_year
SYNTH-CRPF-01-567283,CRPF-01,training,2026-09-01,0.0,course_days_assigned
SYNTH-CRPF-01-567283,CRPF-01,workload,2026-09-01,0.7644,duty_hours_over_establishment
SYNTH-CRPF-01-831045,CRPF-01,leave,2026-09-01,0.5936,leave_denied_rate
SYNTH-CRPF-01-831045,CRPF-01,deployment,2026-09-01,0.2737,days_deployed_away_from_station
SYNTH-CRPF-01-831045,CRPF-01,duty_roster,2026-09-01,0.7707,consecutive_duty_days
SYNTH-CRPF-01-831045,CRPF-01,transfer,2026-09-01,0.25,postings_in_trailing_year
SYNTH-CRPF-01-831045,CRPF-01,training,2026-09-01,0.0,course_days_assigned
SYNTH-CRPF-01-831045,CRPF-01,workload,2026-09-01,0.6756,duty_hours_over_establishment
SYNTH-CRPF-01-831045,CRPF-01,self_report,2026-09-01,0.3657,instrument_score_normalised
SYNTH-CRPF-01-831045,CRPF-01,biometric,2026-09-01,0.2884,resting_heart_rate_trend
SYNTH-CRPF-01-472623,CRPF-01,leave,2026-09-01,0.6577,leave_denied_rate
SYNTH-CRPF-01-472623,CRPF-01,deployment,2026-09-01,0.235,days_deployed_away_from_station
SYNTH-CRPF-01-472623,CRPF-01,duty_roster,2026-09-01,0.5452,consecutive_duty_days
SYNTH-CRPF-01-472623,CRPF-01,transfer,2026-09-01,0.25,postings_in_trailing_year
SYNTH-CRPF-01-472623,CRPF-01,training,2026-09-01,0.0,course_days_assigned
SYNTH-CRPF-01-472623,CRPF-01,workload,2026-09-01,0.7206,duty_hours_over_establishment
SYNTH-CRPF-01-126603,CRPF-01,leave,2026-09-01,0.8745,leave_denied_rate
SYNTH-CRPF-01-126603,CRPF-01,deployment,2026-09-01,0.2527,days_deployed_away_from_station
SYNTH-CRPF-01-126603,CRPF-01,duty_roster,2026-09-01,0.8661,consecutive_duty_days
SYNTH-CRPF-01-126603,CRPF-01,transfer,2026-09-01,0.25,postings_in_trailing_year
SYNTH-CRPF-01-126603,CRPF-01,training,2026-09-01,0.0,course_days_assigned
SYNTH-CRPF-01-126603,CRPF-01,workload,2026-09-01,0.7043,duty_hours_over_establishment
SYNTH-CRPF-01-126603,CRPF-01,self_report,2026-09-01,0.7159,instrument_score_normalised
SYNTH-CRPF-01-647178,CRPF-01,leave,2026-09-01,0.6092,leave_denied_rate
SYNTH-CRPF-01-647178,CRPF-01,deployment,2026-09-01,0.1682,days_deployed_away_from_station
SYNTH-CRPF-01-647178,CRPF-01,duty_roster,2026-09-01,0.4743,consecutive_duty_days
SYNTH-CRPF-01-647178,CRPF-01,transfer,2026-09-01,0.25,postings_in_trailing_year
SYNTH-CRPF-01-647178,CRPF-01,training,2026-09-01,0.0,course_days_assigned
SYNTH-CRPF-01-647178,CRPF-01,workload,2026-09-01,0.4528,duty_hours_over_establishment
SYNTH-CRPF-01-647178,CRPF-01,self_report,2026-09-01,0.4802,instrument_score_normalised
SYNTH-CRPF-01-515490,CRPF-01,leave,2026-09-01,0.5275,leave_denied_rate
SYNTH-CRPF-01-515490,CRPF-01,deployment,2026-09-01,0.2061,days_deployed_away_from_station
SYNTH-CRPF-01-515490,CRPF-01,duty_roster,2026-09-01,0.629,consecutive_duty_days
SYNTH-CRPF-01-515490,CRPF-01,transfer,2026-09-01,0.75,postings_in_trailing_year
SYNTH-CRPF-01-515490,CRPF-01,training,2026-09-01,0.0,course_days_assigned
SYNTH-CRPF-01-515490,CRPF-01,workload,2026-09-01,0.6401,duty_hours_over_establishment
SYNTH-CRPF-01-582304,CRPF-01,leave,2026-09-01,0.973,leave_denied_rate
SYNTH-CRPF-01-582304,CRPF-01,deployment,2026-09-01,0.3155,days_deployed_away_from_station
SYNTH-CRPF-01-582304,CRPF-01,duty_roster,2026-09-01,0.6817,consecutive_duty_days
SYNTH-CRPF-01-582304,CRPF-01,transfer,2026-09-01,0.25,postings_in_trailing_year
SYNTH-CRPF-01-582304,CRPF-01,training,2026-09-01,0.0,course_days_assigned
SYNTH-CRPF-01-582304,CRPF-01,workload,2026-09-01,0.6141,duty_hours_over_establishment
SYNTH-CRPF-01-205605,CRPF-01,leave,2026-09-01,0.5905,leave_denied_rate
SYNTH-CRPF-01-205605,CRPF-01,deployment,2026-09-01,0.0675,days_deployed_away_from_station
SYNTH-CRPF-01-205605,CRPF-01,duty_roster,2026-09-01,0.4979,consecutive_duty_days
SYNTH-CRPF-01-205605,CRPF-01,transfer,2026-09-01,0.25,postings_in_trailing_year
SYNTH-CRPF-01-205605,CRPF-01,training,2026-09-01,0.0,course_days_assigned
SYNTH-CRPF-01-205605,CRPF-01,workload,2026-09-01,0.5357,duty_hours_over_establishment
SYNTH-CRPF-01-205605,CRPF-01,self_report,2026-09-01,0.2236,instrument_score_normalised
SYNTH-CRPF-01-206423,CRPF-01,leave,2026-09-01,0.7124,leave_denied_rate
SYNTH-CRPF-01-206423,CRPF-01,deployment,2026-09-01,0.279,days_deployed_away_from_station
SYNTH-CRPF-01-206423,CRPF-01,duty_roster,2026-09-01,0.6436,consecutive_duty_days
SYNTH-CRPF-01-206423,CRPF-01,transfer,2026-09-01,0.75,postings_in_trailing_year
SYNTH-CRPF-01-206423,CRPF-01,training,2026-09-01,0.0,course_days_assigned
SYNTH-CRPF-01-206423,CRPF-01,workload,2026-09-01,0.6866,duty_hours_over_establishment
SYNTH-CRPF-01-206423,CRPF-01,self_report,2026-09-01,0.3655,instrument_score_normalised
SYNTH-CRPF-01-206423,CRPF-01,biometric,2026-09-01,0.1546,resting_heart_rate_trend
SYNTH-CRPF-01-925617,CRPF-01,leave,2026-09-01,0.7273,leave_denied_rate
SYNTH-CRPF-01-925617,CRPF-01,deployment,2026-09-01,0.2376,days_deployed_away_from_station
SYNTH-CRPF-01-925617,CRPF-01,duty_roster,2026-09-01,0.7035,consecutive_duty_days
SYNTH-CRPF-01-925617,CRPF-01,transfer,2026-09-01,0.25,postings_in_trailing_year
SYNTH-CRPF-01-925617,CRPF-01,training,2026-09-01,0.0,course_days_assigned
SYNTH-CRPF-01-925617,CRPF-01,workload,2026-09-01,0.5526,duty_hours_over_establishment
SYNTH-CRPF-01-925617,CRPF-01,self_report,2026-09-01,0.4224,instrument_score_normalised
SYNTH-CRPF-01-925617,CRPF-01,biometric,2026-09-01,0.4642,resting_heart_rate_trend
SYNTH-CRPF-01-563937,CRPF-01,leave,2026-09-01,0.3983,leave_denied_rate
SYNTH-CRPF-01-563937,CRPF-01,deployment,2026-09-01,0.1282,days_deployed_away_from_station
SYNTH-CRPF-01-563937,CRPF-01,duty_roster,2026-09-01,0.3594,consecutive_duty_days
SYNTH-CRPF-01-563937,CRPF-01,transfer,2026-09-01,0.25,postings_in_trailing_year
SYNTH-CRPF-01-563937,CRPF-01,training,2026-09-01,0.0,course_days_assigned
SYNTH-CRPF-01-563937,CRPF-01,workload,2026-09-01,0.355,duty_hours_over_establishment
SYNTH-CRPF-01-563937,CRPF-01,self_report,2026-09-01,0.3054,instrument_score_normalised
SYNTH-CRPF-01-738803,CRPF-01,leave,2026-09-01,0.784,leave_denied_rate
SYNTH-CRPF-01-738803,CRPF-01,deployment,2026-09-01,0.3091,days_deployed_away_from_station
SYNTH-CRPF-01-738803,CRPF-01,duty_roster,2026-09-01,0.6591,consecutive_duty_days
SYNTH-CRPF-01-738803,CRPF-01,transfer,2026-09-01,0.25,postings_in_trailing_year
SYNTH-CRPF-01-738803,CRPF-01,training,2026-09-01,0.0,course_days_assigned
SYNTH-CRPF-01-738803,CRPF-01,workload,2026-09-01,0.4099,duty_hours_over_establishment
SYNTH-CRPF-01-432300,CRPF-01,leave,2026-09-01,0.7807,leave_denied_rate
SYNTH-CRPF-01-432300,CRPF-01,deployment,2026-09-01,0.3047,days_deployed_away_from_station
SYNTH-CRPF-01-432300,CRPF-01,duty_roster,2026-09-01,0.6475,consecutive_duty_days
SYNTH-CRPF-01-432300,CRPF-01,transfer,2026-09-01,0.25,postings_in_trailing_year
SYNTH-CRPF-01-432300,CRPF-01,training,2026-09-01,1.0,course_days_assigned
SYNTH-CRPF-01-432300,CRPF-01,workload,2026-09-01,0.8014,duty_hours_over_establishment
SYNTH-CRPF-01-432300,CRPF-01,self_report,2026-09-01,0.5213,instrument_score_normalised
SYNTH-CRPF-01-771702,CRPF-01,leave,2026-09-01,0.6344,leave_denied_rate
SYNTH-CRPF-01-771702,CRPF-01,deployment,2026-09-01,0.1793,days_deployed_away_from_station
SYNTH-CRPF-01-771702,CRPF-01,duty_roster,2026-09-01,0.6232,consecutive_duty_days
SYNTH-CRPF-01-771702,CRPF-01,transfer,2026-09-01,0.25,postings_in_trailing_year
SYNTH-CRPF-01-771702,CRPF-01,training,2026-09-01,0.0,course_days_assigned
SYNTH-CRPF-01-771702,CRPF-01,workload,2026-09-01,0.6653,duty_hours_over_establishment
SYNTH-CRPF-01-673781,CRPF-01,leave,2026-09-01,0.5985,leave_denied_rate
SYNTH-CRPF-01-673781,CRPF-01,deployment,2026-09-01,0.1398,days_deployed_away_from_station
SYNTH-CRPF-01-673781,CRPF-01,duty_roster,2026-09-01,0.6275,consecutive_duty_days
SYNTH-CRPF-01-673781,CRPF-01,transfer,2026-09-01,0.25,postings_in_trailing_year
SYNTH-CRPF-01-673781,CRPF-01,training,2026-09-01,0.0,course_days_assigned
SYNTH-CRPF-01-673781,CRPF-01,workload,2026-09-01,0.4979,duty_hours_over_establishment
SYNTH-CRPF-01-673781,CRPF-01,biometric,2026-09-01,0.4266,resting_heart_rate_trend
SYNTH-CRPF-01-937377,CRPF-01,leave,2026-09-01,0.7991,leave_denied_rate
SYNTH-CRPF-01-937377,CRPF-01,deployment,2026-09-01,0.2382,days_deployed_away_from_station
SYNTH-CRPF-01-937377,CRPF-01,duty_roster,2026-09-01,0.7881,consecutive_duty_days
SYNTH-CRPF-01-937377,CRPF-01,transfer,2026-09-01,0.25,postings_in_trailing_year
SYNTH-CRPF-01-937377,CRPF-01,training,2026-09-01,0.0,course_days_assigned
SYNTH-CRPF-01-937377,CRPF-01,workload,2026-09-01,0.6152,duty_hours_over_establishment
SYNTH-CRPF-01-879734,CRPF-01,leave,2026-09-01,0.5612,leave_denied_rate
SYNTH-CRPF-01-879734,CRPF-01,deployment,2026-09-01,0.3098,days_deployed_away_from_station
SYNTH-CRPF-01-879734,CRPF-01,duty_roster,2026-09-01,0.544,consecutive_duty_days
SYNTH-CRPF-01-879734,CRPF-01,transfer,2026-09-01,0.25,postings_in_trailing_year
SYNTH-CRPF-01-879734,CRPF-01,training,2026-09-01,0.0,course_days_assigned
SYNTH-CRPF-01-879734,CRPF-01,workload,2026-09-01,0.7422,duty_hours_over_establishment
SYNTH-CRPF-01-817677,CRPF-01,leave,2026-09-01,0.7566,leave_denied_rate
SYNTH-CRPF-01-817677,CRPF-01,deployment,2026-09-01,0.2616,days_deployed_away_from_station
SYNTH-CRPF-01-817677,CRPF-01,duty_roster,2026-09-01,0.5558,consecutive_duty_days
SYNTH-CRPF-01-817677,CRPF-01,transfer,2026-09-01,0.25,postings_in_trailing_year
SYNTH-CRPF-01-817677,CRPF-01,training,2026-09-01,0.0,course_days_assigned
SYNTH-CRPF-01-817677,CRPF-01,workload,2026-09-01,0.6746,duty_hours_over_establishment
SYNTH-CRPF-01-817677,CRPF-01,self_report,2026-09-01,0.3711,instrument_score_normalised
SYNTH-CRPF-01-616611,CRPF-01,leave,2026-09-01,0.5683,leave_denied_rate
SYNTH-CRPF-01-616611,CRPF-01,deployment,2026-09-01,0.0639,days_deployed_away_from_station
SYNTH-CRPF-01-616611,CRPF-01,duty_roster,2026-09-01,0.541,consecutive_duty_days
SYNTH-CRPF-01-616611,CRPF-01,transfer,2026-09-01,0.25,postings_in_trailing_year
SYNTH-CRPF-01-616611,CRPF-01,training,2026-09-01,0.0,course_days_assigned
SYNTH-CRPF-01-616611,CRPF-01,workload,2026-09-01,0.3011,duty_hours_over_establishment
SYNTH-CRPF-01-616611,CRPF-01,self_report,2026-09-01,0.3046,instrument_score_normalised
SYNTH-CRPF-01-991356,CRPF-01,leave,2026-09-01,0.3798,leave_denied_rate
SYNTH-CRPF-01-991356,CRPF-01,deployment,2026-09-01,0.1495,days_deployed_away_from_station
SYNTH-CRPF-01-991356,CRPF-01,duty_roster,2026-09-01,0.4438,consecutive_duty_days
SYNTH-CRPF-01-991356,CRPF-01,transfer,2026-09-01,0.25,postings_in_trailing_year
SYNTH-CRPF-01-991356,CRPF-01,training,2026-09-01,0.0,course_days_assigned
SYNTH-CRPF-01-991356,CRPF-01,workload,2026-09-01,0.5918,duty_hours_over_establishment
SYNTH-CRPF-01-991356,CRPF-01,self_report,2026-09-01,0.1448,instrument_score_normalised
SYNTH-CRPF-01-991356,CRPF-01,biometric,2026-09-01,0.3817,resting_heart_rate_trend
SYNTH-CRPF-01-910652,CRPF-01,leave,2026-09-01,0.5299,leave_denied_rate
SYNTH-CRPF-01-910652,CRPF-01,deployment,2026-09-01,0.0408,days_deployed_away_from_station
SYNTH-CRPF-01-910652,CRPF-01,duty_roster,2026-09-01,0.5311,consecutive_duty_days
SYNTH-CRPF-01-910652,CRPF-01,transfer,2026-09-01,0.25,postings_in_trailing_year
SYNTH-CRPF-01-910652,CRPF-01,training,2026-09-01,0.0,course_days_assigned
SYNTH-CRPF-01-910652,CRPF-01,workload,2026-09-01,0.5583,duty_hours_over_establishment
SYNTH-CRPF-01-910652,CRPF-01,self_report,2026-09-01,0.3369,instrument_score_normalised
SYNTH-CRPF-01-303119,CRPF-01,leave,2026-09-01,0.6602,leave_denied_rate
SYNTH-CRPF-01-303119,CRPF-01,deployment,2026-09-01,0.2877,days_deployed_away_from_station
SYNTH-CRPF-01-303119,CRPF-01,duty_roster,2026-09-01,0.8243,consecutive_duty_days
SYNTH-CRPF-01-303119,CRPF-01,transfer,2026-09-01,0.75,postings_in_trailing_year
SYNTH-CRPF-01-303119,CRPF-01,training,2026-09-01,0.0,course_days_assigned
SYNTH-CRPF-01-303119,CRPF-01,workload,2026-09-01,0.7723,duty_hours_over_establishment
SYNTH-CRPF-01-248032,CRPF-01,leave,2026-09-01,0.5916,leave_denied_rate
SYNTH-CRPF-01-248032,CRPF-01,deployment,2026-09-01,0.3158,days_deployed_away_from_station
SYNTH-CRPF-01-248032,CRPF-01,duty_roster,2026-09-01,0.7899,consecutive_duty_days
SYNTH-CRPF-01-248032,CRPF-01,transfer,2026-09-01,0.25,postings_in_trailing_year
SYNTH-CRPF-01-248032,CRPF-01,training,2026-09-01,0.0,course_days_assigned
SYNTH-CRPF-01-248032,CRPF-01,workload,2026-09-01,0.5466,duty_hours_over_establishment
SYNTH-CRPF-01-248032,CRPF-01,self_report,2026-09-01,0.047,instrument_score_normalised
SYNTH-CRPF-01-506241,CRPF-01,leave,2026-09-01,0.5936,leave_denied_rate
SYNTH-CRPF-01-506241,CRPF-01,deployment,2026-09-01,0.2086,days_deployed_away_from_station
SYNTH-CRPF-01-506241,CRPF-01,duty_roster,2026-09-01,0.4391,consecutive_duty_days
SYNTH-CRPF-01-506241,CRPF-01,transfer,2026-09-01,0.25,postings_in_trailing_year
SYNTH-CRPF-01-506241,CRPF-01,training,2026-09-01,0.0,course_days_assigned
SYNTH-CRPF-01-506241,CRPF-01,workload,2026-09-01,0.6206,duty_hours_over_establishment
SYNTH-CRPF-01-709263,CRPF-01,leave,2026-09-01,0.4195,leave_denied_rate
SYNTH-CRPF-01-709263,CRPF-01,deployment,2026-09-01,0.1611,days_deployed_away_from_station
SYNTH-CRPF-01-709263,CRPF-01,duty_roster,2026-09-01,0.371,consecutive_duty_days
SYNTH-CRPF-01-709263,CRPF-01,transfer,2026-09-01,0.25,postings_in_trailing_year
SYNTH-CRPF-01-709263,CRPF-01,training,2026-09-01,0.0,course_days_assigned
SYNTH-CRPF-01-709263,CRPF-01,workload,2026-09-01,0.6297,duty_hours_over_establishment
SYNTH-CRPF-01-491622,CRPF-01,leave,2026-09-01,0.5874,leave_denied_rate
SYNTH-CRPF-01-491622,CRPF-01,deployment,2026-09-01,0.3025,days_deployed_away_from_station
SYNTH-CRPF-01-491622,CRPF-01,duty_roster,2026-09-01,0.7106,consecutive_duty_days
SYNTH-CRPF-01-491622,CRPF-01,transfer,2026-09-01,0.25,postings_in_trailing_year
SYNTH-CRPF-01-491622,CRPF-01,training,2026-09-01,0.0,course_days_assigned
SYNTH-CRPF-01-491622,CRPF-01,workload,2026-09-01,0.7353,duty_hours_over_establishment
SYNTH-CRPF-01-624777,CRPF-01,leave,2026-09-01,0.5752,leave_denied_rate
SYNTH-CRPF-01-624777,CRPF-01,deployment,2026-09-01,0.2851,days_deployed_away_from_station
SYNTH-CRPF-01-624777,CRPF-01,duty_roster,2026-09-01,0.6315,consecutive_duty_days
SYNTH-CRPF-01-624777,CRPF-01,transfer,2026-09-01,0.25,postings_in_trailing_year
SYNTH-CRPF-01-624777,CRPF-01,training,2026-09-01,0.0,course_days_assigned
SYNTH-CRPF-01-624777,CRPF-01,workload,2026-09-01,0.5175,duty_hours_over_establishment
SYNTH-CRPF-01-624777,CRPF-01,self_report,2026-09-01,0.2728,instrument_score_normalised
SYNTH-CRPF-01-624777,CRPF-01,biometric,2026-09-01,0.4091,resting_heart_rate_trend
SYNTH-CRPF-01-394415,CRPF-01,leave,2026-09-01,0.6967,leave_denied_rate
SYNTH-CRPF-01-394415,CRPF-01,deployment,2026-09-01,0.2312,days_deployed_away_from_station
SYNTH-CRPF-01-394415,CRPF-01,duty_roster,2026-09-01,0.7957,consecutive_duty_days
SYNTH-CRPF-01-394415,CRPF-01,transfer,2026-09-01,0.25,postings_in_trailing_year
SYNTH-CRPF-01-394415,CRPF-01,training,2026-09-01,0.0,course_days_assigned
SYNTH-CRPF-01-394415,CRPF-01,workload,2026-09-01,0.5276,duty_hours_over_establishment
SYNTH-CRPF-01-394415,CRPF-01,self_report,2026-09-01,0.4449,instrument_score_normalised
SYNTH-CRPF-01-695998,CRPF-01,leave,2026-09-01,0.5393,leave_denied_rate
SYNTH-CRPF-01-695998,CRPF-01,deployment,2026-09-01,0.2552,days_deployed_away_from_station
SYNTH-CRPF-01-695998,CRPF-01,duty_roster,2026-09-01,0.5502,consecutive_duty_days
SYNTH-CRPF-01-695998,CRPF-01,transfer,2026-09-01,0.25,postings_in_trailing_year
SYNTH-CRPF-01-695998,CRPF-01,training,2026-09-01,0.0,course_days_assigned
SYNTH-CRPF-01-695998,CRPF-01,workload,2026-09-01,0.7412,duty_hours_over_establishment
SYNTH-CRPF-01-695998,CRPF-01,self_report,2026-09-01,0.4178,instrument_score_normalised
SYNTH-CRPF-01-695998,CRPF-01,biometric,2026-09-01,0.5144,resting_heart_rate_trend
SYNTH-CRPF-01-159950,CRPF-01,leave,2026-09-01,0.2953,leave_denied_rate
SYNTH-CRPF-01-159950,CRPF-01,deployment,2026-09-01,0.0526,days_deployed_away_from_station
SYNTH-CRPF-01-159950,CRPF-01,duty_roster,2026-09-01,0.3195,consecutive_duty_days
SYNTH-CRPF-01-159950,CRPF-01,transfer,2026-09-01,0.75,postings_in_trailing_year
SYNTH-CRPF-01-159950,CRPF-01,training,2026-09-01,0.0,course_days_assigned
SYNTH-CRPF-01-159950,CRPF-01,workload,2026-09-01,0.5287,duty_hours_over_establishment
SYNTH-CRPF-01-159950,CRPF-01,self_report,2026-09-01,0.3899,instrument_score_normalised
SYNTH-CRPF-01-622107,CRPF-01,leave,2026-09-01,0.5143,leave_denied_rate
SYNTH-CRPF-01-622107,CRPF-01,deployment,2026-09-01,0.1083,days_deployed_away_from_station
SYNTH-CRPF-01-622107,CRPF-01,duty_roster,2026-09-01,0.5093,consecutive_duty_days
SYNTH-CRPF-01-622107,CRPF-01,transfer,2026-09-01,0.25,postings_in_trailing_year
SYNTH-CRPF-01-622107,CRPF-01,training,2026-09-01,0.0,course_days_assigned
SYNTH-CRPF-01-622107,CRPF-01,workload,2026-09-01,0.2809,duty_hours_over_establishment
SYNTH-CRPF-01-622107,CRPF-01,self_report,2026-09-01,0.3136,instrument_score_normalised
SYNTH-CRPF-01-622107,CRPF-01,biometric,2026-09-01,0.4817,resting_heart_rate_trend
SYNTH-CRPF-01-199856,CRPF-01,leave,2026-09-01,0.666,leave_denied_rate
SYNTH-CRPF-01-199856,CRPF-01,deployment,2026-09-01,0.2997,days_deployed_away_from_station
SYNTH-CRPF-01-199856,CRPF-01,duty_roster,2026-09-01,0.5558,consecutive_duty_days
SYNTH-CRPF-01-199856,CRPF-01,transfer,2026-09-01,0.25,postings_in_trailing_year
SYNTH-CRPF-01-199856,CRPF-01,training,2026-09-01,0.0,course_days_assigned
SYNTH-CRPF-01-199856,CRPF-01,workload,2026-09-01,0.7538,duty_hours_over_establishment
SYNTH-CRPF-01-151155,CRPF-01,leave,2026-09-01,0.8438,leave_denied_rate
SYNTH-CRPF-01-151155,CRPF-01,deployment,2026-09-01,0.3286,days_deployed_away_from_station
SYNTH-CRPF-01-151155,CRPF-01,duty_roster,2026-09-01,0.7694,consecutive_duty_days
SYNTH-CRPF-01-151155,CRPF-01,transfer,2026-09-01,0.75,postings_in_trailing_year
SYNTH-CRPF-01-151155,CRPF-01,training,2026-09-01,0.0,course_days_assigned
SYNTH-CRPF-01-151155,CRPF-01,workload,2026-09-01,0.6241,duty_hours_over_establishment
SYNTH-CRPF-01-962635,CRPF-01,leave,2026-09-01,0.6888,leave_denied_rate
SYNTH-CRPF-01-962635,CRPF-01,deployment,2026-09-01,0.2632,days_deployed_away_from_station
SYNTH-CRPF-01-962635,CRPF-01,duty_roster,2026-09-01,0.6127,consecutive_duty_days
SYNTH-CRPF-01-962635,CRPF-01,transfer,2026-09-01,0.25,postings_in_trailing_year
SYNTH-CRPF-01-962635,CRPF-01,training,2026-09-01,0.0,course_days_assigned
SYNTH-CRPF-01-962635,CRPF-01,workload,2026-09-01,0.871,duty_hours_over_establishment
SYNTH-CRPF-01-962635,CRPF-01,self_report,2026-09-01,0.6093,instrument_score_normalised
SYNTH-CRPF-01-132189,CRPF-01,leave,2026-09-01,0.5467,leave_denied_rate
SYNTH-CRPF-01-132189,CRPF-01,deployment,2026-09-01,0.2859,days_deployed_away_from_station
SYNTH-CRPF-01-132189,CRPF-01,duty_roster,2026-09-01,0.8676,consecutive_duty_days
SYNTH-CRPF-01-132189,CRPF-01,transfer,2026-09-01,0.25,postings_in_trailing_year
SYNTH-CRPF-01-132189,CRPF-01,training,2026-09-01,0.0,course_days_assigned
SYNTH-CRPF-01-132189,CRPF-01,workload,2026-09-01,0.6238,duty_hours_over_establishment
SYNTH-CRPF-01-132189,CRPF-01,self_report,2026-09-01,0.4336,instrument_score_normalised
SYNTH-CRPF-01-338645,CRPF-01,leave,2026-09-01,0.7245,leave_denied_rate
SYNTH-CRPF-01-338645,CRPF-01,deployment,2026-09-01,0.3086,days_deployed_away_from_station
SYNTH-CRPF-01-338645,CRPF-01,duty_roster,2026-09-01,0.5047,consecutive_duty_days
SYNTH-CRPF-01-338645,CRPF-01,transfer,2026-09-01,0.25,postings_in_trailing_year
SYNTH-CRPF-01-338645,CRPF-01,training,2026-09-01,0.0,course_days_assigned
SYNTH-CRPF-01-338645,CRPF-01,workload,2026-09-01,0.5421,duty_hours_over_establishment
SYNTH-CRPF-01-338645,CRPF-01,self_report,2026-09-01,0.4175,instrument_score_normalised
SYNTH-CRPF-01-338645,CRPF-01,biometric,2026-09-01,0.2988,resting_heart_rate_trend
SYNTH-CRPF-01-243191,CRPF-01,leave,2026-09-01,0.4954,leave_denied_rate
SYNTH-CRPF-01-243191,CRPF-01,deployment,2026-09-01,0.2588,days_deployed_away_from_station
SYNTH-CRPF-01-243191,CRPF-01,duty_roster,2026-09-01,0.4754,consecutive_duty_days
SYNTH-CRPF-01-243191,CRPF-01,transfer,2026-09-01,0.25,postings_in_trailing_year
SYNTH-CRPF-01-243191,CRPF-01,training,2026-09-01,0.0,course_days_assigned
SYNTH-CRPF-01-243191,CRPF-01,workload,2026-09-01,0.6986,duty_hours_over_establishment
SYNTH-CRPF-01-636757,CRPF-01,leave,2026-09-01,0.6032,leave_denied_rate
SYNTH-CRPF-01-636757,CRPF-01,deployment,2026-09-01,0.2119,days_deployed_away_from_station
SYNTH-CRPF-01-636757,CRPF-01,duty_roster,2026-09-01,0.7858,consecutive_duty_days
SYNTH-CRPF-01-636757,CRPF-01,transfer,2026-09-01,0.75,postings_in_trailing_year
SYNTH-CRPF-01-636757,CRPF-01,training,2026-09-01,0.0,course_days_assigned
SYNTH-CRPF-01-636757,CRPF-01,workload,2026-09-01,0.7019,duty_hours_over_establishment
SYNTH-CRPF-01-636757,CRPF-01,self_report,2026-09-01,0.5907,instrument_score_normalised
SYNTH-CRPF-01-636757,CRPF-01,biometric,2026-09-01,0.2923,resting_heart_rate_trend
SYNTH-CRPF-01-574283,CRPF-01,leave,2026-09-01,0.6092,leave_denied_rate
SYNTH-CRPF-01-574283,CRPF-01,deployment,2026-09-01,0.3153,days_deployed_away_from_station
SYNTH-CRPF-01-574283,CRPF-01,duty_roster,2026-09-01,0.438,consecutive_duty_days
SYNTH-CRPF-01-574283,CRPF-01,transfer,2026-09-01,0.75,postings_in_trailing_year
SYNTH-CRPF-01-574283,CRPF-01,training,2026-09-01,0.0,course_days_assigned
SYNTH-CRPF-01-574283,CRPF-01,workload,2026-09-01,0.764,duty_hours_over_establishment
SYNTH-CRPF-01-574283,CRPF-01,self_report,2026-09-01,0.1475,instrument_score_normalised
SYNTH-CRPF-01-574283,CRPF-01,biometric,2026-09-01,0.2847,resting_heart_rate_trend
SYNTH-CRPF-01-644727,CRPF-01,leave,2026-09-01,0.6951,leave_denied_rate
SYNTH-CRPF-01-644727,CRPF-01,deployment,2026-09-01,0.3297,days_deployed_away_from_station
SYNTH-CRPF-01-644727,CRPF-01,duty_roster,2026-09-01,0.7432,consecutive_duty_days
SYNTH-CRPF-01-644727,CRPF-01,transfer,2026-09-01,0.25,postings_in_trailing_year
SYNTH-CRPF-01-644727,CRPF-01,training,2026-09-01,0.0,course_days_assigned
SYNTH-CRPF-01-644727,CRPF-01,workload,2026-09-01,0.4919,duty_hours_over_establishment
SYNTH-CRPF-01-644727,CRPF-01,self_report,2026-09-01,0.3011,instrument_score_normalised
SYNTH-CRPF-01-644727,CRPF-01,biometric,2026-09-01,0.2576,resting_heart_rate_trend
SYNTH-CRPF-01-715262,CRPF-01,leave,2026-09-01,0.5825,leave_denied_rate
SYNTH-CRPF-01-715262,CRPF-01,deployment,2026-09-01,0.1571,days_deployed_away_from_station
SYNTH-CRPF-01-715262,CRPF-01,duty_roster,2026-09-01,0.54,consecutive_duty_days
SYNTH-CRPF-01-715262,CRPF-01,transfer,2026-09-01,0.75,postings_in_trailing_year
SYNTH-CRPF-01-715262,CRPF-01,training,2026-09-01,0.0,course_days_assigned
SYNTH-CRPF-01-715262,CRPF-01,workload,2026-09-01,0.6834,duty_hours_over_establishment
SYNTH-CRPF-01-715262,CRPF-01,self_report,2026-09-01,0.3206,instrument_score_normalised
SYNTH-CRPF-01-715262,CRPF-01,biometric,2026-09-01,0.5006,resting_heart_rate_trend
SYNTH-CRPF-01-358656,CRPF-01,leave,2026-09-01,0.6164,leave_denied_rate
SYNTH-CRPF-01-358656,CRPF-01,deployment,2026-09-01,0.2933,days_deployed_away_from_station
SYNTH-CRPF-01-358656,CRPF-01,duty_roster,2026-09-01,0.6319,consecutive_duty_days
SYNTH-CRPF-01-358656,CRPF-01,transfer,2026-09-01,0.25,postings_in_trailing_year
SYNTH-CRPF-01-358656,CRPF-01,training,2026-09-01,0.0,course_days_assigned
SYNTH-CRPF-01-358656,CRPF-01,workload,2026-09-01,0.8923,duty_hours_over_establishment
SYNTH-CRPF-01-358656,CRPF-01,self_report,2026-09-01,0.5452,instrument_score_normalised
SYNTH-CRPF-01-656700,CRPF-01,leave,2026-09-01,0.6146,leave_denied_rate
SYNTH-CRPF-01-656700,CRPF-01,deployment,2026-09-01,0.1685,days_deployed_away_from_station
SYNTH-CRPF-01-656700,CRPF-01,duty_roster,2026-09-01,0.6343,consecutive_duty_days
SYNTH-CRPF-01-656700,CRPF-01,transfer,2026-09-01,0.25,postings_in_trailing_year
SYNTH-CRPF-01-656700,CRPF-01,training,2026-09-01,0.0,course_days_assigned
SYNTH-CRPF-01-656700,CRPF-01,workload,2026-09-01,0.6971,duty_hours_over_establishment
SYNTH-CRPF-01-656700,CRPF-01,self_report,2026-09-01,0.375,instrument_score_normalised
SYNTH-CRPF-01-593651,CRPF-01,leave,2026-09-01,0.473,leave_denied_rate
SYNTH-CRPF-01-593651,CRPF-01,deployment,2026-09-01,0.1519,days_deployed_away_from_station
SYNTH-CRPF-01-593651,CRPF-01,duty_roster,2026-09-01,0.5583,consecutive_duty_days
SYNTH-CRPF-01-593651,CRPF-01,transfer,2026-09-01,0.25,postings_in_trailing_year
SYNTH-CRPF-01-593651,CRPF-01,training,2026-09-01,0.0,course_days_assigned
SYNTH-CRPF-01-593651,CRPF-01,workload,2026-09-01,0.5214,duty_hours_over_establishment
SYNTH-CRPF-01-593651,CRPF-01,self_report,2026-09-01,0.2456,instrument_score_normalised
SYNTH-CRPF-01-216293,CRPF-01,leave,2026-09-01,0.3885,leave_denied_rate
SYNTH-CRPF-01-216293,CRPF-01,deployment,2026-09-01,0.0871,days_deployed_away_from_station
SYNTH-CRPF-01-216293,CRPF-01,duty_roster,2026-09-01,0.4735,consecutive_duty_days
SYNTH-CRPF-01-216293,CRPF-01,transfer,2026-09-01,0.25,postings_in_trailing_year
SYNTH-CRPF-01-216293,CRPF-01,training,2026-09-01,0.0,course_days_assigned
SYNTH-CRPF-01-216293,CRPF-01,workload,2026-09-01,0.5728,duty_hours_over_establishment
SYNTH-CRPF-01-216293,CRPF-01,self_report,2026-09-01,0.1865,instrument_score_normalised
SYNTH-CRPF-01-216293,CRPF-01,biometric,2026-09-01,0.4192,resting_heart_rate_trend
SYNTH-CRPF-01-527314,CRPF-01,leave,2026-09-01,0.616,leave_denied_rate
SYNTH-CRPF-01-527314,CRPF-01,deployment,2026-09-01,0.2574,days_deployed_away_from_station
SYNTH-CRPF-01-527314,CRPF-01,duty_roster,2026-09-01,0.7791,consecutive_duty_days
SYNTH-CRPF-01-527314,CRPF-01,transfer,2026-09-01,0.75,postings_in_trailing_year
SYNTH-CRPF-01-527314,CRPF-01,training,2026-09-01,0.0,course_days_assigned
SYNTH-CRPF-01-527314,CRPF-01,workload,2026-09-01,0.5488,duty_hours_over_establishment
SYNTH-CRPF-01-527314,CRPF-01,self_report,2026-09-01,0.289,instrument_score_normalised
SYNTH-CRPF-01-474667,CRPF-01,leave,2026-09-01,0.7773,leave_denied_rate
SYNTH-CRPF-01-474667,CRPF-01,deployment,2026-09-01,0.2615,days_deployed_away_from_station
SYNTH-CRPF-01-474667,CRPF-01,duty_roster,2026-09-01,0.5344,consecutive_duty_days
SYNTH-CRPF-01-474667,CRPF-01,transfer,2026-09-01,0.25,postings_in_trailing_year
SYNTH-CRPF-01-474667,CRPF-01,training,2026-09-01,0.0,course_days_assigned
SYNTH-CRPF-01-474667,CRPF-01,workload,2026-09-01,0.5411,duty_hours_over_establishment
SYNTH-CRPF-01-474667,CRPF-01,self_report,2026-09-01,0.4668,instrument_score_normalised
SYNTH-CRPF-01-832372,CRPF-01,leave,2026-09-01,0.7911,leave_denied_rate
SYNTH-CRPF-01-832372,CRPF-01,deployment,2026-09-01,0.2863,days_deployed_away_from_station
SYNTH-CRPF-01-832372,CRPF-01,duty_roster,2026-09-01,0.5051,consecutive_duty_days
SYNTH-CRPF-01-832372,CRPF-01,transfer,2026-09-01,0.25,postings_in_trailing_year
SYNTH-CRPF-01-832372,CRPF-01,training,2026-09-01,0.0,course_days_assigned
SYNTH-CRPF-01-832372,CRPF-01,workload,2026-09-01,0.5817,duty_hours_over_establishment
SYNTH-CRPF-01-832372,CRPF-01,biometric,2026-09-01,0.337,resting_heart_rate_trend
SYNTH-CRPF-01-815310,CRPF-01,leave,2026-09-01,0.6024,leave_denied_rate
SYNTH-CRPF-01-815310,CRPF-01,deployment,2026-09-01,0.2943,days_deployed_away_from_station
SYNTH-CRPF-01-815310,CRPF-01,duty_roster,2026-09-01,0.5985,consecutive_duty_days
SYNTH-CRPF-01-815310,CRPF-01,transfer,2026-09-01,0.25,postings_in_trailing_year
SYNTH-CRPF-01-815310,CRPF-01,training,2026-09-01,0.0,course_days_assigned
SYNTH-CRPF-01-815310,CRPF-01,workload,2026-09-01,0.5273,duty_hours_over_establishment
SYNTH-CRPF-01-815310,CRPF-01,self_report,2026-09-01,0.1816,instrument_score_normalised
SYNTH-CRPF-01-815310,CRPF-01,biometric,2026-09-01,0.157,resting_heart_rate_trend
SYNTH-CRPF-01-754761,CRPF-01,leave,2026-09-01,0.7067,leave_denied_rate
SYNTH-CRPF-01-754761,CRPF-01,deployment,2026-09-01,0.2377,days_deployed_away_from_station
SYNTH-CRPF-01-754761,CRPF-01,duty_roster,2026-09-01,0.5854,consecutive_duty_days
SYNTH-CRPF-01-754761,CRPF-01,transfer,2026-09-01,0.25,postings_in_trailing_year
SYNTH-CRPF-01-754761,CRPF-01,training,2026-09-01,1.0,course_days_assigned
SYNTH-CRPF-01-754761,CRPF-01,workload,2026-09-01,0.785,duty_hours_over_establishment
SYNTH-CRPF-01-754761,CRPF-01,self_report,2026-09-01,0.2924,instrument_score_normalised
SYNTH-CRPF-01-167629,CRPF-01,leave,2026-09-01,0.5094,leave_denied_rate
SYNTH-CRPF-01-167629,CRPF-01,deployment,2026-09-01,0.2242,days_deployed_away_from_station
SYNTH-CRPF-01-167629,CRPF-01,duty_roster,2026-09-01,0.6475,consecutive_duty_days
SYNTH-CRPF-01-167629,CRPF-01,transfer,2026-09-01,0.25,postings_in_trailing_year
SYNTH-CRPF-01-167629,CRPF-01,training,2026-09-01,0.0,course_days_assigned
SYNTH-CRPF-01-167629,CRPF-01,workload,2026-09-01,0.4264,duty_hours_over_establishment
SYNTH-CRPF-01-167629,CRPF-01,self_report,2026-09-01,0.633,instrument_score_normalised
SYNTH-CRPF-01-167629,CRPF-01,biometric,2026-09-01,0.4487,resting_heart_rate_trend
SYNTH-CRPF-01-718427,CRPF-01,leave,2026-09-01,0.5692,leave_denied_rate
SYNTH-CRPF-01-718427,CRPF-01,deployment,2026-09-01,0.2989,days_deployed_away_from_station
SYNTH-CRPF-01-718427,CRPF-01,duty_roster,2026-09-01,0.7426,consecutive_duty_days
SYNTH-CRPF-01-718427,CRPF-01,transfer,2026-09-01,0.25,postings_in_trailing_year
SYNTH-CRPF-01-718427,CRPF-01,training,2026-09-01,0.0,course_days_assigned
SYNTH-CRPF-01-718427,CRPF-01,workload,2026-09-01,0.7108,duty_hours_over_establishment
SYNTH-CRPF-01-718427,CRPF-01,self_report,2026-09-01,0.3402,instrument_score_normalised
SYNTH-CRPF-01-604773,CRPF-01,leave,2026-09-01,0.7869,leave_denied_rate
SYNTH-CRPF-01-604773,CRPF-01,deployment,2026-09-01,0.3065,days_deployed_away_from_station
SYNTH-CRPF-01-604773,CRPF-01,duty_roster,2026-09-01,0.7611,consecutive_duty_days
SYNTH-CRPF-01-604773,CRPF-01,transfer,2026-09-01,0.25,postings_in_trailing_year
SYNTH-CRPF-01-604773,CRPF-01,training,2026-09-01,0.0,course_days_assigned
SYNTH-CRPF-01-604773,CRPF-01,workload,2026-09-01,0.7474,duty_hours_over_establishment
SYNTH-CRPF-01-604773,CRPF-01,self_report,2026-09-01,0.5429,instrument_score_normalised
SYNTH-CRPF-01-604773,CRPF-01,biometric,2026-09-01,0.412,resting_heart_rate_trend
SYNTH-CRPF-01-729938,CRPF-01,leave,2026-09-01,0.5924,leave_denied_rate
SYNTH-CRPF-01-729938,CRPF-01,deployment,2026-09-01,0.2591,days_deployed_away_from_station
SYNTH-CRPF-01-729938,CRPF-01,duty_roster,2026-09-01,0.4628,consecutive_duty_days
SYNTH-CRPF-01-729938,CRPF-01,transfer,2026-09-01,0.25,postings_in_trailing_year
SYNTH-CRPF-01-729938,CRPF-01,training,2026-09-01,0.0,course_days_assigned
SYNTH-CRPF-01-729938,CRPF-01,workload,2026-09-01,0.5082,duty_hours_over_establishment
SYNTH-CRPF-01-729938,CRPF-01,self_report,2026-09-01,0.156,instrument_score_normalised
SYNTH-CRPF-01-729938,CRPF-01,biometric,2026-09-01,0.1324,resting_heart_rate_trend
SYNTH-CRPF-01-756224,CRPF-01,leave,2026-09-01,0.5675,leave_denied_rate
SYNTH-CRPF-01-756224,CRPF-01,deployment,2026-09-01,0.2483,days_deployed_away_from_station
SYNTH-CRPF-01-756224,CRPF-01,duty_roster,2026-09-01,0.5655,consecutive_duty_days
SYNTH-CRPF-01-756224,CRPF-01,transfer,2026-09-01,0.25,postings_in_trailing_year
SYNTH-CRPF-01-756224,CRPF-01,training,2026-09-01,0.0,course_days_assigned
SYNTH-CRPF-01-756224,CRPF-01,workload,2026-09-01,0.6335,duty_hours_over_establishment
SYNTH-CRPF-01-756224,CRPF-01,self_report,2026-09-01,0.2509,instrument_score_normalised
SYNTH-CRPF-01-756224,CRPF-01,biometric,2026-09-01,0.3532,resting_heart_rate_trend
SYNTH-CRPF-01-451738,CRPF-01,leave,2026-09-01,0.5206,leave_denied_rate
SYNTH-CRPF-01-451738,CRPF-01,deployment,2026-09-01,0.1418,days_deployed_away_from_station
SYNTH-CRPF-01-451738,CRPF-01,duty_roster,2026-09-01,0.3964,consecutive_duty_days
SYNTH-CRPF-01-451738,CRPF-01,transfer,2026-09-01,0.25,postings_in_trailing_year
SYNTH-CRPF-01-451738,CRPF-01,training,2026-09-01,0.0,course_days_assigned
SYNTH-CRPF-01-451738,CRPF-01,workload,2026-09-01,0.6282,duty_hours_over_establishment
SYNTH-CRPF-01-451738,CRPF-01,self_report,2026-09-01,0.2396,instrument_score_normalised
SYNTH-CRPF-01-451738,CRPF-01,biometric,2026-09-01,0.26,resting_heart_rate_trend
SYNTH-CRPF-01-844162,CRPF-01,leave,2026-09-01,0.4569,leave_denied_rate
SYNTH-CRPF-01-844162,CRPF-01,deployment,2026-09-01,0.2314,days_deployed_away_from_station
SYNTH-CRPF-01-844162,CRPF-01,duty_roster,2026-09-01,0.7312,consecutive_duty_days
SYNTH-CRPF-01-844162,CRPF-01,transfer,2026-09-01,0.25,postings_in_trailing_year
SYNTH-CRPF-01-844162,CRPF-01,training,2026-09-01,1.0,course_days_assigned
SYNTH-CRPF-01-844162,CRPF-01,workload,2026-09-01,0.5436,duty_hours_over_establishment
SYNTH-CRPF-01-580653,CRPF-01,leave,2026-09-01,0.5972,leave_denied_rate
SYNTH-CRPF-01-580653,CRPF-01,deployment,2026-09-01,0.2026,days_deployed_away_from_station
SYNTH-CRPF-01-580653,CRPF-01,duty_roster,2026-09-01,0.4354,consecutive_duty_days
SYNTH-CRPF-01-580653,CRPF-01,transfer,2026-09-01,0.25,postings_in_trailing_year
SYNTH-CRPF-01-580653,CRPF-01,training,2026-09-01,0.0,course_days_assigned
SYNTH-CRPF-01-580653,CRPF-01,workload,2026-09-01,0.3874,duty_hours_over_establishment
SYNTH-CRPF-01-580653,CRPF-01,self_report,2026-09-01,0.2528,instrument_score_normalised
SYNTH-CRPF-01-580653,CRPF-01,biometric,2026-09-01,0.1721,resting_heart_rate_trend
SYNTH-CRPF-01-284719,CRPF-01,leave,2026-09-01,0.5608,leave_denied_rate
SYNTH-CRPF-01-284719,CRPF-01,deployment,2026-09-01,0.2322,days_deployed_away_from_station
SYNTH-CRPF-01-284719,CRPF-01,duty_roster,2026-09-01,0.5729,consecutive_duty_days
SYNTH-CRPF-01-284719,CRPF-01,transfer,2026-09-01,0.25,postings_in_trailing_year
SYNTH-CRPF-01-284719,CRPF-01,training,2026-09-01,0.0,course_days_assigned
SYNTH-CRPF-01-284719,CRPF-01,workload,2026-09-01,0.553,duty_hours_over_establishment
SYNTH-CRPF-01-284719,CRPF-01,self_report,2026-09-01,0.423,instrument_score_normalised
SYNTH-CRPF-01-762754,CRPF-01,leave,2026-09-01,0.7009,leave_denied_rate
SYNTH-CRPF-01-762754,CRPF-01,deployment,2026-09-01,0.2699,days_deployed_away_from_station
SYNTH-CRPF-01-762754,CRPF-01,duty_roster,2026-09-01,0.8003,consecutive_duty_days
SYNTH-CRPF-01-762754,CRPF-01,transfer,2026-09-01,0.25,postings_in_trailing_year
SYNTH-CRPF-01-762754,CRPF-01,training,2026-09-01,0.0,course_days_assigned
SYNTH-CRPF-01-762754,CRPF-01,workload,2026-09-01,0.8502,duty_hours_over_establishment
SYNTH-CRPF-01-762754,CRPF-01,self_report,2026-09-01,0.54,instrument_score_normalised
SYNTH-CRPF-01-795642,CRPF-01,leave,2026-09-01,0.4778,leave_denied_rate
SYNTH-CRPF-01-795642,CRPF-01,deployment,2026-09-01,0.2988,days_deployed_away_from_station
SYNTH-CRPF-01-795642,CRPF-01,duty_roster,2026-09-01,0.7326,consecutive_duty_days
SYNTH-CRPF-01-795642,CRPF-01,transfer,2026-09-01,0.75,postings_in_trailing_year
SYNTH-CRPF-01-795642,CRPF-01,training,2026-09-01,0.0,course_days_assigned
SYNTH-CRPF-01-795642,CRPF-01,workload,2026-09-01,0.7661,duty_hours_over_establishment
SYNTH-CRPF-01-795642,CRPF-01,self_report,2026-09-01,0.3926,instrument_score_normalised
SYNTH-CRPF-01-795642,CRPF-01,biometric,2026-09-01,0.374,resting_heart_rate_trend
SYNTH-CRPF-01-325702,CRPF-01,leave,2026-09-01,0.6938,leave_denied_rate
SYNTH-CRPF-01-325702,CRPF-01,deployment,2026-09-01,0.1912,days_deployed_away_from_station
SYNTH-CRPF-01-325702,CRPF-01,duty_roster,2026-09-01,0.7025,consecutive_duty_days
SYNTH-CRPF-01-325702,CRPF-01,transfer,2026-09-01,0.75,postings_in_trailing_year
SYNTH-CRPF-01-325702,CRPF-01,training,2026-09-01,0.0,course_days_assigned
SYNTH-CRPF-01-325702,CRPF-01,workload,2026-09-01,0.5923,duty_hours_over_establishment
SYNTH-CRPF-01-325702,CRPF-01,self_report,2026-09-01,0.5198,instrument_score_normalised
SYNTH-CRPF-01-325702,CRPF-01,biometric,2026-09-01,0.2168,resting_heart_rate_trend
SYNTH-CRPF-01-141467,CRPF-01,leave,2026-09-01,0.6767,leave_denied_rate
SYNTH-CRPF-01-141467,CRPF-01,deployment,2026-09-01,0.2193,days_deployed_away_from_station
SYNTH-CRPF-01-141467,CRPF-01,duty_roster,2026-09-01,0.6251,consecutive_duty_days
SYNTH-CRPF-01-141467,CRPF-01,transfer,2026-09-01,0.75,postings_in_trailing_year
SYNTH-CRPF-01-141467,CRPF-01,training,2026-09-01,0.0,course_days_assigned
SYNTH-CRPF-01-141467,CRPF-01,workload,2026-09-01,0.7366,duty_hours_over_establishment
SYNTH-CRPF-01-141467,CRPF-01,self_report,2026-09-01,0.3613,instrument_score_normalised
SYNTH-CRPF-01-897343,CRPF-01,leave,2026-09-01,0.7932,leave_denied_rate
SYNTH-CRPF-01-897343,CRPF-01,deployment,2026-09-01,1.0,days_deployed_away_from_station
SYNTH-CRPF-01-897343,CRPF-01,duty_roster,2026-09-01,0.4885,consecutive_duty_days
SYNTH-CRPF-01-897343,CRPF-01,transfer,2026-09-01,0.25,postings_in_trailing_year
SYNTH-CRPF-01-897343,CRPF-01,training,2026-09-01,0.0,course_days_assigned
SYNTH-CRPF-01-897343,CRPF-01,workload,2026-09-01,0.6894,duty_hours_over_establishment
SYNTH-CRPF-01-897343,CRPF-01,self_report,2026-09-01,0.1265,instrument_score_normalised
SYNTH-CRPF-01-469842,CRPF-01,leave,2026-09-01,0.6568,leave_denied_rate
SYNTH-CRPF-01-469842,CRPF-01,deployment,2026-09-01,0.1956,days_deployed_away_from_station
SYNTH-CRPF-01-469842,CRPF-01,duty_roster,2026-09-01,0.4594,consecutive_duty_days
SYNTH-CRPF-01-469842,CRPF-01,transfer,2026-09-01,0.25,postings_in_trailing_year
SYNTH-CRPF-01-469842,CRPF-01,training,2026-09-01,0.0,course_days_assigned
SYNTH-CRPF-01-469842,CRPF-01,workload,2026-09-01,0.6773,duty_hours_over_establishment
SYNTH-CRPF-01-469842,CRPF-01,self_report,2026-09-01,0.2819,instrument_score_normalised
SYNTH-CRPF-01-469842,CRPF-01,biometric,2026-09-01,0.474,resting_heart_rate_trend
SYNTH-CRPF-01-807326,CRPF-01,leave,2026-09-01,0.62,leave_denied_rate
SYNTH-CRPF-01-807326,CRPF-01,deployment,2026-09-01,0.1264,days_deployed_away_from_station
SYNTH-CRPF-01-807326,CRPF-01,duty_roster,2026-09-01,0.3266,consecutive_duty_days
SYNTH-CRPF-01-807326,CRPF-01,transfer,2026-09-01,0.25,postings_in_trailing_year
SYNTH-CRPF-01-807326,CRPF-01,training,2026-09-01,0.0,course_days_assigned
SYNTH-CRPF-01-807326,CRPF-01,workload,2026-09-01,0.4981,duty_hours_over_establishment
SYNTH-CRPF-01-807326,CRPF-01,biometric,2026-09-01,0.3225,resting_heart_rate_trend
SYNTH-CRPF-01-609082,CRPF-01,leave,2026-09-01,0.5114,leave_denied_rate
SYNTH-CRPF-01-609082,CRPF-01,deployment,2026-09-01,0.1743,days_deployed_away_from_station
SYNTH-CRPF-01-609082,CRPF-01,duty_roster,2026-09-01,0.4678,consecutive_duty_days
SYNTH-CRPF-01-609082,CRPF-01,transfer,2026-09-01,0.25,postings_in_trailing_year
SYNTH-CRPF-01-609082,CRPF-01,training,2026-09-01,0.0,course_days_assigned
SYNTH-CRPF-01-609082,CRPF-01,workload,2026-09-01,0.6738,duty_hours_over_establishment
SYNTH-CRPF-01-609082,CRPF-01,self_report,2026-09-01,0.479,instrument_score_normalised
SYNTH-CRPF-01-609082,CRPF-01,biometric,2026-09-01,0.4286,resting_heart_rate_trend
SYNTH-CRPF-01-106660,CRPF-01,leave,2026-09-01,0.4194,leave_denied_rate
SYNTH-CRPF-01-106660,CRPF-01,deployment,2026-09-01,0.0661,days_deployed_away_from_station
SYNTH-CRPF-01-106660,CRPF-01,duty_roster,2026-09-01,0.3747,consecutive_duty_days
SYNTH-CRPF-01-106660,CRPF-01,transfer,2026-09-01,0.25,postings_in_trailing_year
SYNTH-CRPF-01-106660,CRPF-01,training,2026-09-01,0.0,course_days_assigned
SYNTH-CRPF-01-106660,CRPF-01,workload,2026-09-01,0.3685,duty_hours_over_establishment
SYNTH-CRPF-01-106660,CRPF-01,self_report,2026-09-01,0.3229,instrument_score_normalised
SYNTH-CRPF-01-705651,CRPF-01,leave,2026-09-01,0.6804,leave_denied_rate
SYNTH-CRPF-01-705651,CRPF-01,deployment,2026-09-01,0.2338,days_deployed_away_from_station
SYNTH-CRPF-01-705651,CRPF-01,duty_roster,2026-09-01,0.6768,consecutive_duty_days
SYNTH-CRPF-01-705651,CRPF-01,transfer,2026-09-01,0.25,postings_in_trailing_year
SYNTH-CRPF-01-705651,CRPF-01,training,2026-09-01,0.0,course_days_assigned
SYNTH-CRPF-01-705651,CRPF-01,workload,2026-09-01,0.5554,duty_hours_over_establishment
SYNTH-CRPF-01-705651,CRPF-01,self_report,2026-09-01,0.3814,instrument_score_normalised
SYNTH-CRPF-01-611475,CRPF-01,leave,2026-09-01,0.6882,leave_denied_rate
SYNTH-CRPF-01-611475,CRPF-01,deployment,2026-09-01,0.2074,days_deployed_away_from_station
SYNTH-CRPF-01-611475,CRPF-01,duty_roster,2026-09-01,0.8242,consecutive_duty_days
SYNTH-CRPF-01-611475,CRPF-01,transfer,2026-09-01,0.75,postings_in_trailing_year
SYNTH-CRPF-01-611475,CRPF-01,training,2026-09-01,0.0,course_days_assigned
SYNTH-CRPF-01-611475,CRPF-01,workload,2026-09-01,0.7273,duty_hours_over_establishment
SYNTH-CRPF-01-108044,CRPF-01,leave,2026-09-01,0.8188,leave_denied_rate
SYNTH-CRPF-01-108044,CRPF-01,deployment,2026-09-01,0.2204,days_deployed_away_from_station
SYNTH-CRPF-01-108044,CRPF-01,duty_roster,2026-09-01,0.7241,consecutive_duty_days
SYNTH-CRPF-01-108044,CRPF-01,transfer,2026-09-01,0.75,postings_in_trailing_year
SYNTH-CRPF-01-108044,CRPF-01,training,2026-09-01,0.0,course_days_assigned
SYNTH-CRPF-01-108044,CRPF-01,workload,2026-09-01,0.7905,duty_hours_over_establishment
SYNTH-CRPF-01-108044,CRPF-01,biometric,2026-09-01,0.3412,resting_heart_rate_trend
SYNTH-CRPF-01-222999,CRPF-01,leave,2026-09-01,0.6304,leave_denied_rate
SYNTH-CRPF-01-222999,CRPF-01,deployment,2026-09-01,0.2547,days_deployed_away_from_station
SYNTH-CRPF-01-222999,CRPF-01,duty_roster,2026-09-01,0.5797,consecutive_duty_days
SYNTH-CRPF-01-222999,CRPF-01,transfer,2026-09-01,0.25,postings_in_trailing_year
SYNTH-CRPF-01-222999,CRPF-01,training,2026-09-01,0.0,course_days_assigned
SYNTH-CRPF-01-222999,CRPF-01,workload,2026-09-01,0.7388,duty_hours_over_establishment
SYNTH-CRPF-01-577281,CRPF-01,leave,2026-09-01,0.5734,leave_denied_rate
SYNTH-CRPF-01-577281,CRPF-01,deployment,2026-09-01,0.2643,days_deployed_away_from_station
SYNTH-CRPF-01-577281,CRPF-01,duty_roster,2026-09-01,0.7245,consecutive_duty_days
SYNTH-CRPF-01-577281,CRPF-01,transfer,2026-09-01,0.25,postings_in_trailing_year
SYNTH-CRPF-01-577281,CRPF-01,training,2026-09-01,0.0,course_days_assigned
SYNTH-CRPF-01-577281,CRPF-01,workload,2026-09-01,0.6839,duty_hours_over_establishment
SYNTH-CRPF-01-577281,CRPF-01,self_report,2026-09-01,0.2937,instrument_score_normalised
SYNTH-CRPF-01-918975,CRPF-01,leave,2026-09-01,0.6096,leave_denied_rate
SYNTH-CRPF-01-918975,CRPF-01,deployment,2026-09-01,0.0786,days_deployed_away_from_station
SYNTH-CRPF-01-918975,CRPF-01,duty_roster,2026-09-01,0.533,consecutive_duty_days
SYNTH-CRPF-01-918975,CRPF-01,transfer,2026-09-01,0.25,postings_in_trailing_year
SYNTH-CRPF-01-918975,CRPF-01,training,2026-09-01,0.0,course_days_assigned
SYNTH-CRPF-01-918975,CRPF-01,workload,2026-09-01,0.4733,duty_hours_over_establishment
SYNTH-CRPF-01-918975,CRPF-01,self_report,2026-09-01,0.5407,instrument_score_normalised
SYNTH-CRPF-01-918975,CRPF-01,biometric,2026-09-01,0.2419,resting_heart_rate_trend
SYNTH-CRPF-01-649813,CRPF-01,leave,2026-09-01,0.5274,leave_denied_rate
SYNTH-CRPF-01-649813,CRPF-01,deployment,2026-09-01,0.0909,days_deployed_away_from_station
SYNTH-CRPF-01-649813,CRPF-01,duty_roster,2026-09-01,0.479,consecutive_duty_days
SYNTH-CRPF-01-649813,CRPF-01,transfer,2026-09-01,0.25,postings_in_trailing_year
SYNTH-CRPF-01-649813,CRPF-01,training,2026-09-01,0.0,course_days_assigned
SYNTH-CRPF-01-649813,CRPF-01,workload,2026-09-01,0.2902,duty_hours_over_establishment
SYNTH-CRPF-01-649813,CRPF-01,self_report,2026-09-01,0.3294,instrument_score_normalised
SYNTH-CRPF-01-484140,CRPF-01,leave,2026-09-01,0.801,leave_denied_rate
SYNTH-CRPF-01-484140,CRPF-01,deployment,2026-09-01,0.2526,days_deployed_away_from_station
SYNTH-CRPF-01-484140,CRPF-01,duty_roster,2026-09-01,0.7623,consecutive_duty_days
SYNTH-CRPF-01-484140,CRPF-01,transfer,2026-09-01,0.25,postings_in_trailing_year
SYNTH-CRPF-01-484140,CRPF-01,training,2026-09-01,0.0,course_days_assigned
SYNTH-CRPF-01-484140,CRPF-01,workload,2026-09-01,0.6078,duty_hours_over_establishment
SYNTH-CRPF-01-484140,CRPF-01,biometric,2026-09-01,0.5245,resting_heart_rate_trend
SYNTH-CRPF-01-104245,CRPF-01,leave,2026-09-01,0.3397,leave_denied_rate
SYNTH-CRPF-01-104245,CRPF-01,deployment,2026-09-01,0.076,days_deployed_away_from_station
SYNTH-CRPF-01-104245,CRPF-01,duty_roster,2026-09-01,0.3714,consecutive_duty_days
SYNTH-CRPF-01-104245,CRPF-01,transfer,2026-09-01,0.75,postings_in_trailing_year
SYNTH-CRPF-01-104245,CRPF-01,training,2026-09-01,0.0,course_days_assigned
SYNTH-CRPF-01-104245,CRPF-01,workload,2026-09-01,0.4842,duty_hours_over_establishment
SYNTH-CRPF-01-104245,CRPF-01,self_report,2026-09-01,0.3083,instrument_score_normalised
SYNTH-CRPF-01-569243,CRPF-01,leave,2026-09-01,0.6419,leave_denied_rate
SYNTH-CRPF-01-569243,CRPF-01,deployment,2026-09-01,0.2758,days_deployed_away_from_station
SYNTH-CRPF-01-569243,CRPF-01,duty_roster,2026-09-01,0.7466,consecutive_duty_days
SYNTH-CRPF-01-569243,CRPF-01,transfer,2026-09-01,0.25,postings_in_trailing_year
SYNTH-CRPF-01-569243,CRPF-01,training,2026-09-01,0.0,course_days_assigned
SYNTH-CRPF-01-569243,CRPF-01,workload,2026-09-01,0.721,duty_hours_over_establishment
SYNTH-CRPF-01-569243,CRPF-01,biometric,2026-09-01,0.256,resting_heart_rate_trend
SYNTH-CRPF-01-854607,CRPF-01,leave,2026-09-01,0.3975,leave_denied_rate
SYNTH-CRPF-01-854607,CRPF-01,deployment,2026-09-01,0.1405,days_deployed_away_from_station
SYNTH-CRPF-01-854607,CRPF-01,duty_roster,2026-09-01,0.3936,consecutive_duty_days
SYNTH-CRPF-01-854607,CRPF-01,transfer,2026-09-01,0.25,postings_in_trailing_year
SYNTH-CRPF-01-854607,CRPF-01,training,2026-09-01,0.0,course_days_assigned
SYNTH-CRPF-01-854607,CRPF-01,workload,2026-09-01,0.4184,duty_hours_over_establishment
SYNTH-CRPF-01-854607,CRPF-01,self_report,2026-09-01,0.6657,instrument_score_normalised
SYNTH-CRPF-01-854607,CRPF-01,biometric,2026-09-01,0.3839,resting_heart_rate_trend
SYNTH-CRPF-01-110151,CRPF-01,leave,2026-09-01,0.6843,leave_denied_rate
SYNTH-CRPF-01-110151,CRPF-01,deployment,2026-09-01,0.1883,days_deployed_away_from_station
SYNTH-CRPF-01-110151,CRPF-01,duty_roster,2026-09-01,0.6076,consecutive_duty_days
SYNTH-CRPF-01-110151,CRPF-01,transfer,2026-09-01,0.25,postings_in_trailing_year
SYNTH-CRPF-01-110151,CRPF-01,training,2026-09-01,0.0,course_days_assigned
SYNTH-CRPF-01-110151,CRPF-01,workload,2026-09-01,0.4527,duty_hours_over_establishment
SYNTH-CRPF-01-110151,CRPF-01,self_report,2026-09-01,0.0785,instrument_score_normalised
SYNTH-CRPF-01-110151,CRPF-01,biometric,2026-09-01,0.2984,resting_heart_rate_trend
SYNTH-CRPF-01-930909,CRPF-01,leave,2026-09-01,0.7768,leave_denied_rate
SYNTH-CRPF-01-930909,CRPF-01,deployment,2026-09-01,0.2397,days_deployed_away_from_station
SYNTH-CRPF-01-930909,CRPF-01,duty_roster,2026-09-01,0.7549,consecutive_duty_days
SYNTH-CRPF-01-930909,CRPF-01,transfer,2026-09-01,0.25,postings_in_trailing_year
SYNTH-CRPF-01-930909,CRPF-01,training,2026-09-01,0.0,course_days_assigned
SYNTH-CRPF-01-930909,CRPF-01,workload,2026-09-01,0.6422,duty_hours_over_establishment
SYNTH-CRPF-01-273415,CRPF-01,leave,2026-09-01,0.8327,leave_denied_rate
SYNTH-CRPF-01-273415,CRPF-01,deployment,2026-09-01,0.287,days_deployed_away_from_station
SYNTH-CRPF-01-273415,CRPF-01,duty_roster,2026-09-01,0.7608,consecutive_duty_days
SYNTH-CRPF-01-273415,CRPF-01,transfer,2026-09-01,0.25,postings_in_trailing_year
SYNTH-CRPF-01-273415,CRPF-01,training,2026-09-01,0.0,course_days_assigned
SYNTH-CRPF-01-273415,CRPF-01,workload,2026-09-01,0.6387,duty_hours_over_establishment
SYNTH-CRPF-01-861647,CRPF-01,leave,2026-09-01,0.6041,leave_denied_rate
SYNTH-CRPF-01-861647,CRPF-01,deployment,2026-09-01,0.1842,days_deployed_away_from_station
SYNTH-CRPF-01-861647,CRPF-01,duty_roster,2026-09-01,0.6911,consecutive_duty_days
SYNTH-CRPF-01-861647,CRPF-01,transfer,2026-09-01,0.25,postings_in_trailing_year
SYNTH-CRPF-01-861647,CRPF-01,training,2026-09-01,0.0,course_days_assigned
SYNTH-CRPF-01-861647,CRPF-01,workload,2026-09-01,0.426,duty_hours_over_establishment
SYNTH-CRPF-01-470063,CRPF-01,leave,2026-09-01,0.787,leave_denied_rate
SYNTH-CRPF-01-470063,CRPF-01,deployment,2026-09-01,0.3118,days_deployed_away_from_station
SYNTH-CRPF-01-470063,CRPF-01,duty_roster,2026-09-01,0.7446,consecutive_duty_days
SYNTH-CRPF-01-470063,CRPF-01,transfer,2026-09-01,0.25,postings_in_trailing_year
SYNTH-CRPF-01-470063,CRPF-01,training,2026-09-01,0.0,course_days_assigned
SYNTH-CRPF-01-470063,CRPF-01,workload,2026-09-01,0.5792,duty_hours_over_establishment
SYNTH-CRPF-01-470063,CRPF-01,self_report,2026-09-01,0.2074,instrument_score_normalised
SYNTH-CRPF-01-597353,CRPF-01,leave,2026-09-01,0.6946,leave_denied_rate
SYNTH-CRPF-01-597353,CRPF-01,deployment,2026-09-01,0.2518,days_deployed_away_from_station
SYNTH-CRPF-01-597353,CRPF-01,duty_roster,2026-09-01,0.6989,consecutive_duty_days
SYNTH-CRPF-01-597353,CRPF-01,transfer,2026-09-01,0.75,postings_in_trailing_year
SYNTH-CRPF-01-597353,CRPF-01,training,2026-09-01,0.0,course_days_assigned
SYNTH-CRPF-01-597353,CRPF-01,workload,2026-09-01,0.5216,duty_hours_over_establishment
SYNTH-CRPF-01-597353,CRPF-01,self_report,2026-09-01,0.2068,instrument_score_normalised
SYNTH-CRPF-01-398737,CRPF-01,leave,2026-09-01,0.5674,leave_denied_rate
SYNTH-CRPF-01-398737,CRPF-01,deployment,2026-09-01,0.0875,days_deployed_away_from_station
SYNTH-CRPF-01-398737,CRPF-01,duty_roster,2026-09-01,0.3083,consecutive_duty_days
SYNTH-CRPF-01-398737,CRPF-01,transfer,2026-09-01,0.25,postings_in_trailing_year
SYNTH-CRPF-01-398737,CRPF-01,training,2026-09-01,0.0,course_days_assigned
SYNTH-CRPF-01-398737,CRPF-01,workload,2026-09-01,0.4989,duty_hours_over_establishment
SYNTH-CRPF-01-398737,CRPF-01,self_report,2026-09-01,0.0872,instrument_score_normalised
SYNTH-CRPF-01-717918,CRPF-01,leave,2026-09-01,0.8113,leave_denied_rate
SYNTH-CRPF-01-717918,CRPF-01,deployment,2026-09-01,0.322,days_deployed_away_from_station
SYNTH-CRPF-01-717918,CRPF-01,duty_roster,2026-09-01,0.8203,consecutive_duty_days
SYNTH-CRPF-01-717918,CRPF-01,transfer,2026-09-01,0.75,postings_in_trailing_year
SYNTH-CRPF-01-717918,CRPF-01,training,2026-09-01,0.0,course_days_assigned
SYNTH-CRPF-01-717918,CRPF-01,workload,2026-09-01,0.7626,duty_hours_over_establishment
SYNTH-CRPF-01-717918,CRPF-01,self_report,2026-09-01,0.289,instrument_score_normalised
SYNTH-CRPF-01-246532,CRPF-01,leave,2026-09-01,0.6964,leave_denied_rate
SYNTH-CRPF-01-246532,CRPF-01,deployment,2026-09-01,0.3041,days_deployed_away_from_station
SYNTH-CRPF-01-246532,CRPF-01,duty_roster,2026-09-01,0.5856,consecutive_duty_days
SYNTH-CRPF-01-246532,CRPF-01,transfer,2026-09-01,0.25,postings_in_trailing_year
SYNTH-CRPF-01-246532,CRPF-01,training,2026-09-01,0.0,course_days_assigned
SYNTH-CRPF-01-246532,CRPF-01,workload,2026-09-01,0.8189,duty_hours_over_establishment
SYNTH-CRPF-01-246532,CRPF-01,self_report,2026-09-01,0.1632,instrument_score_normalised
SYNTH-CRPF-01-246532,CRPF-01,biometric,2026-09-01,0.5639,resting_heart_rate_trend
SYNTH-CRPF-01-742992,CRPF-01,leave,2026-09-01,0.6652,leave_denied_rate
SYNTH-CRPF-01-742992,CRPF-01,deployment,2026-09-01,0.093,days_deployed_away_from_station
SYNTH-CRPF-01-742992,CRPF-01,duty_roster,2026-09-01,0.4315,consecutive_duty_days
SYNTH-CRPF-01-742992,CRPF-01,transfer,2026-09-01,0.25,postings_in_trailing_year
SYNTH-CRPF-01-742992,CRPF-01,training,2026-09-01,0.0,course_days_assigned
SYNTH-CRPF-01-742992,CRPF-01,workload,2026-09-01,0.392,duty_hours_over_establishment
SYNTH-CRPF-01-865163,CRPF-01,leave,2026-09-01,0.4312,leave_denied_rate
SYNTH-CRPF-01-865163,CRPF-01,deployment,2026-09-01,0.1804,days_deployed_away_from_station
SYNTH-CRPF-01-865163,CRPF-01,duty_roster,2026-09-01,0.4204,consecutive_duty_days
SYNTH-CRPF-01-865163,CRPF-01,transfer,2026-09-01,0.25,postings_in_trailing_year
SYNTH-CRPF-01-865163,CRPF-01,training,2026-09-01,0.0,course_days_assigned
SYNTH-CRPF-01-865163,CRPF-01,workload,2026-09-01,0.3658,duty_hours_over_establishment
SYNTH-CRPF-01-865163,CRPF-01,self_report,2026-09-01,0.2567,instrument_score_normalised
SYNTH-CRPF-01-865163,CRPF-01,biometric,2026-09-01,0.4529,resting_heart_rate_trend
SYNTH-CRPF-01-966380,CRPF-01,leave,2026-09-01,0.5796,leave_denied_rate
SYNTH-CRPF-01-966380,CRPF-01,deployment,2026-09-01,0.3016,days_deployed_away_from_station
SYNTH-CRPF-01-966380,CRPF-01,duty_roster,2026-09-01,0.5874,consecutive_duty_days
SYNTH-CRPF-01-966380,CRPF-01,transfer,2026-09-01,0.25,postings_in_trailing_year
SYNTH-CRPF-01-966380,CRPF-01,training,2026-09-01,0.0,course_days_assigned
SYNTH-CRPF-01-966380,CRPF-01,workload,2026-09-01,0.6975,duty_hours_over_establishment
SYNTH-CRPF-01-391839,CRPF-01,leave,2026-09-01,0.2866,leave_denied_rate
SYNTH-CRPF-01-391839,CRPF-01,deployment,2026-09-01,0.0406,days_deployed_away_from_station
SYNTH-CRPF-01-391839,CRPF-01,duty_roster,2026-09-01,0.427,consecutive_duty_days
SYNTH-CRPF-01-391839,CRPF-01,transfer,2026-09-01,0.25,postings_in_trailing_year
SYNTH-CRPF-01-391839,CRPF-01,training,2026-09-01,0.0,course_days_assigned
SYNTH-CRPF-01-391839,CRPF-01,workload,2026-09-01,0.236,duty_hours_over_establishment
SYNTH-CRPF-01-668662,CRPF-01,leave,2026-09-01,0.6273,leave_denied_rate
SYNTH-CRPF-01-668662,CRPF-01,deployment,2026-09-01,0.105,days_deployed_away_from_station
SYNTH-CRPF-01-668662,CRPF-01,duty_roster,2026-09-01,0.6491,consecutive_duty_days
SYNTH-CRPF-01-668662,CRPF-01,transfer,2026-09-01,0.25,postings_in_trailing_year
SYNTH-CRPF-01-668662,CRPF-01,training,2026-09-01,0.0,course_days_assigned
SYNTH-CRPF-01-668662,CRPF-01,workload,2026-09-01,0.5079,duty_hours_over_establishment
SYNTH-CRPF-01-668662,CRPF-01,self_report,2026-09-01,0.4507,instrument_score_normalised
SYNTH-CRPF-01-668662,CRPF-01,biometric,2026-09-01,0.4799,resting_heart_rate_trend
SYNTH-CRPF-01-472369,CRPF-01,leave,2026-09-01,0.7026,leave_denied_rate
SYNTH-CRPF-01-472369,CRPF-01,deployment,2026-09-01,0.1795,days_deployed_away_from_station
SYNTH-CRPF-01-472369,CRPF-01,duty_roster,2026-09-01,0.6415,consecutive_duty_days
SYNTH-CRPF-01-472369,CRPF-01,transfer,2026-09-01,0.75,postings_in_trailing_year
SYNTH-CRPF-01-472369,CRPF-01,training,2026-09-01,0.0,course_days_assigned
SYNTH-CRPF-01-472369,CRPF-01,workload,2026-09-01,0.4381,duty_hours_over_establishment
SYNTH-CRPF-01-472369,CRPF-01,self_report,2026-09-01,0.6429,instrument_score_normalised
SYNTH-CRPF-01-128517,CRPF-01,leave,2026-09-01,0.7028,leave_denied_rate
SYNTH-CRPF-01-128517,CRPF-01,deployment,2026-09-01,0.2537,days_deployed_away_from_station
SYNTH-CRPF-01-128517,CRPF-01,duty_roster,2026-09-01,0.6421,consecutive_duty_days
SYNTH-CRPF-01-128517,CRPF-01,transfer,2026-09-01,0.75,postings_in_trailing_year
SYNTH-CRPF-01-128517,CRPF-01,training,2026-09-01,0.0,course_days_assigned
SYNTH-CRPF-01-128517,CRPF-01,workload,2026-09-01,0.6178,duty_hours_over_establishment
SYNTH-CRPF-01-128517,CRPF-01,self_report,2026-09-01,0.4866,instrument_score_normalised
SYNTH-CRPF-01-948893,CRPF-01,leave,2026-09-01,0.4823,leave_denied_rate
SYNTH-CRPF-01-948893,CRPF-01,deployment,2026-09-01,0.2516,days_deployed_away_from_station
SYNTH-CRPF-01-948893,CRPF-01,duty_roster,2026-09-01,0.4619,consecutive_duty_days
SYNTH-CRPF-01-948893,CRPF-01,transfer,2026-09-01,0.25,postings_in_trailing_year
SYNTH-CRPF-01-948893,CRPF-01,training,2026-09-01,0.0,course_days_assigned
SYNTH-CRPF-01-948893,CRPF-01,workload,2026-09-01,0.7375,duty_hours_over_establishment
SYNTH-CRPF-01-948893,CRPF-01,self_report,2026-09-01,0.4482,instrument_score_normalised
SYNTH-CRPF-01-916568,CRPF-01,leave,2026-09-01,0.7356,leave_denied_rate
SYNTH-CRPF-01-916568,CRPF-01,deployment,2026-09-01,1.0,days_deployed_away_from_station
SYNTH-CRPF-01-916568,CRPF-01,duty_roster,2026-09-01,0.6392,consecutive_duty_days
SYNTH-CRPF-01-916568,CRPF-01,transfer,2026-09-01,0.75,postings_in_trailing_year
SYNTH-CRPF-01-916568,CRPF-01,training,2026-09-01,0.0,course_days_assigned
SYNTH-CRPF-01-916568,CRPF-01,workload,2026-09-01,0.9161,duty_hours_over_establishment
SYNTH-CRPF-01-916568,CRPF-01,biometric,2026-09-01,0.3811,resting_heart_rate_trend
SYNTH-CRPF-01-430355,CRPF-01,leave,2026-09-01,0.4625,leave_denied_rate
SYNTH-CRPF-01-430355,CRPF-01,deployment,2026-09-01,0.2717,days_deployed_away_from_station
SYNTH-CRPF-01-430355,CRPF-01,duty_roster,2026-09-01,0.6885,consecutive_duty_days
SYNTH-CRPF-01-430355,CRPF-01,transfer,2026-09-01,0.25,postings_in_trailing_year
SYNTH-CRPF-01-430355,CRPF-01,training,2026-09-01,0.0,course_days_assigned
SYNTH-CRPF-01-430355,CRPF-01,workload,2026-09-01,0.5051,duty_hours_over_establishment
SYNTH-CRPF-01-430355,CRPF-01,self_report,2026-09-01,0.1598,instrument_score_normalised
SYNTH-CRPF-01-446360,CRPF-01,leave,2026-09-01,0.3501,leave_denied_rate
SYNTH-CRPF-01-446360,CRPF-01,deployment,2026-09-01,0.0722,days_deployed_away_from_station
SYNTH-CRPF-01-446360,CRPF-01,duty_roster,2026-09-01,0.3828,consecutive_duty_days
SYNTH-CRPF-01-446360,CRPF-01,transfer,2026-09-01,0.25,postings_in_trailing_year
SYNTH-CRPF-01-446360,CRPF-01,training,2026-09-01,0.0,course_days_assigned
SYNTH-CRPF-01-446360,CRPF-01,workload,2026-09-01,0.4302,duty_hours_over_establishment
SYNTH-CRPF-01-917928,CRPF-01,leave,2026-09-01,0.4914,leave_denied_rate
SYNTH-CRPF-01-917928,CRPF-01,deployment,2026-09-01,0.1771,days_deployed_away_from_station
SYNTH-CRPF-01-917928,CRPF-01,duty_roster,2026-09-01,0.6571,consecutive_duty_days
SYNTH-CRPF-01-917928,CRPF-01,transfer,2026-09-01,0.25,postings_in_trailing_year
SYNTH-CRPF-01-917928,CRPF-01,training,2026-09-01,0.0,course_days_assigned
SYNTH-CRPF-01-917928,CRPF-01,workload,2026-09-01,0.642,duty_hours_over_establishment
SYNTH-CRPF-01-917928,CRPF-01,biometric,2026-09-01,0.6289,resting_heart_rate_trend
SYNTH-CRPF-01-375001,CRPF-01,leave,2026-09-01,0.5313,leave_denied_rate
SYNTH-CRPF-01-375001,CRPF-01,deployment,2026-09-01,0.2977,days_deployed_away_from_station
SYNTH-CRPF-01-375001,CRPF-01,duty_roster,2026-09-01,0.5463,consecutive_duty_days
SYNTH-CRPF-01-375001,CRPF-01,transfer,2026-09-01,0.25,postings_in_trailing_year
SYNTH-CRPF-01-375001,CRPF-01,training,2026-09-01,0.0,course_days_assigned
SYNTH-CRPF-01-375001,CRPF-01,workload,2026-09-01,0.5445,duty_hours_over_establishment
SYNTH-CRPF-01-375001,CRPF-01,self_report,2026-09-01,0.4747,instrument_score_normalised
SYNTH-CRPF-01-455510,CRPF-01,leave,2026-08-31,0.7557,leave_denied_rate
SYNTH-CRPF-01-455510,CRPF-01,deployment,2026-08-31,0.2993,days_deployed_away_from_station
SYNTH-CRPF-01-455510,CRPF-01,duty_roster,2026-08-31,0.5292,consecutive_duty_days
SYNTH-CRPF-01-455510,CRPF-01,transfer,2026-08-31,0.25,postings_in_trailing_year
SYNTH-CRPF-01-455510,CRPF-01,training,2026-08-31,0.0,course_days_assigned
SYNTH-CRPF-01-455510,CRPF-01,workload,2026-08-31,0.5475,duty_hours_over_establishment
SYNTH-CRPF-01-465274,CRPF-01,leave,2026-08-31,0.7233,leave_denied_rate
SYNTH-CRPF-01-465274,CRPF-01,deployment,2026-08-31,0.2565,days_deployed_away_from_station
SYNTH-CRPF-01-465274,CRPF-01,duty_roster,2026-08-31,0.533,consecutive_duty_days
SYNTH-CRPF-01-465274,CRPF-01,transfer,2026-08-31,0.25,postings_in_trailing_year
SYNTH-CRPF-01-465274,CRPF-01,training,2026-08-31,0.0,course_days_assigned
SYNTH-CRPF-01-465274,CRPF-01,workload,2026-08-31,0.6545,duty_hours_over_establishment
SYNTH-CRPF-01-465274,CRPF-01,self_report,2026-08-31,0.1925,instrument_score_normalised
SYNTH-CRPF-01-998057,CRPF-01,leave,2026-08-31,0.5116,leave_denied_rate
SYNTH-CRPF-01-998057,CRPF-01,deployment,2026-08-31,0.1662,days_deployed_away_from_station
SYNTH-CRPF-01-998057,CRPF-01,duty_roster,2026-08-31,0.4287,consecutive_duty_days
SYNTH-CRPF-01-998057,CRPF-01,transfer,2026-08-31,0.25,postings_in_trailing_year
SYNTH-CRPF-01-998057,CRPF-01,training,2026-08-31,1.0,course_days_assigned
SYNTH-CRPF-01-998057,CRPF-01,workload,2026-08-31,0.4105,duty_hours_over_establishment
SYNTH-CRPF-01-998057,CRPF-01,self_report,2026-08-31,0.3095,instrument_score_normalised
SYNTH-CRPF-01-704953,CRPF-01,leave,2026-08-31,0.4198,leave_denied_rate
SYNTH-CRPF-01-704953,CRPF-01,deployment,2026-08-31,0.182,days_deployed_away_from_station
SYNTH-CRPF-01-704953,CRPF-01,duty_roster,2026-08-31,0.6306,consecutive_duty_days
SYNTH-CRPF-01-704953,CRPF-01,transfer,2026-08-31,0.25,postings_in_trailing_year
SYNTH-CRPF-01-704953,CRPF-01,training,2026-08-31,0.0,course_days_assigned
SYNTH-CRPF-01-704953,CRPF-01,workload,2026-08-31,0.4704,duty_hours_over_establishment
SYNTH-CRPF-01-704953,CRPF-01,self_report,2026-08-31,0.4315,instrument_score_normalised
SYNTH-CRPF-01-548760,CRPF-01,leave,2026-08-31,0.2275,leave_denied_rate
SYNTH-CRPF-01-548760,CRPF-01,deployment,2026-08-31,0.0365,days_deployed_away_from_station
SYNTH-CRPF-01-548760,CRPF-01,duty_roster,2026-08-31,0.3783,consecutive_duty_days
SYNTH-CRPF-01-548760,CRPF-01,transfer,2026-08-31,0.25,postings_in_trailing_year
SYNTH-CRPF-01-548760,CRPF-01,training,2026-08-31,0.0,course_days_assigned
SYNTH-CRPF-01-548760,CRPF-01,workload,2026-08-31,0.3304,duty_hours_over_establishment
SYNTH-CRPF-01-548760,CRPF-01,biometric,2026-08-31,0.3445,resting_heart_rate_trend
SYNTH-CRPF-01-631837,CRPF-01,leave,2026-08-31,0.432,leave_denied_rate
SYNTH-CRPF-01-631837,CRPF-01,deployment,2026-08-31,0.1738,days_deployed_away_from_station
SYNTH-CRPF-01-631837,CRPF-01,duty_roster,2026-08-31,0.4907,consecutive_duty_days
SYNTH-CRPF-01-631837,CRPF-01,transfer,2026-08-31,0.25,postings_in_trailing_year
SYNTH-CRPF-01-631837,CRPF-01,training,2026-08-31,0.0,course_days_assigned
SYNTH-CRPF-01-631837,CRPF-01,workload,2026-08-31,0.4128,duty_hours_over_establishment
SYNTH-CRPF-01-583055,CRPF-01,leave,2026-08-31,0.7313,leave_denied_rate
SYNTH-CRPF-01-583055,CRPF-01,deployment,2026-08-31,0.1502,days_deployed_away_from_station
SYNTH-CRPF-01-583055,CRPF-01,duty_roster,2026-08-31,0.4557,consecutive_duty_days
SYNTH-CRPF-01-583055,CRPF-01,transfer,2026-08-31,0.25,postings_in_trailing_year
SYNTH-CRPF-01-583055,CRPF-01,training,2026-08-31,0.0,course_days_assigned
SYNTH-CRPF-01-583055,CRPF-01,workload,2026-08-31,0.6932,duty_hours_over_establishment
SYNTH-CRPF-01-583055,CRPF-01,self_report,2026-08-31,0.4459,instrument_score_normalised
SYNTH-CRPF-01-800162,CRPF-01,leave,2026-08-31,0.4402,leave_denied_rate
SYNTH-CRPF-01-800162,CRPF-01,deployment,2026-08-31,0.2031,days_deployed_away_from_station
SYNTH-CRPF-01-800162,CRPF-01,duty_roster,2026-08-31,0.5175,consecutive_duty_days
SYNTH-CRPF-01-800162,CRPF-01,transfer,2026-08-31,0.25,postings_in_trailing_year
SYNTH-CRPF-01-800162,CRPF-01,training,2026-08-31,0.0,course_days_assigned
SYNTH-CRPF-01-800162,CRPF-01,workload,2026-08-31,0.5931,duty_hours_over_establishment
SYNTH-CRPF-01-800162,CRPF-01,self_report,2026-08-31,0.2844,instrument_score_normalised
SYNTH-CRPF-01-473091,CRPF-01,leave,2026-08-31,0.8079,leave_denied_rate
SYNTH-CRPF-01-473091,CRPF-01,deployment,2026-08-31,0.2003,days_deployed_away_from_station
SYNTH-CRPF-01-473091,CRPF-01,duty_roster,2026-08-31,0.8096,consecutive_duty_days
SYNTH-CRPF-01-473091,CRPF-01,transfer,2026-08-31,0.25,postings_in_trailing_year
SYNTH-CRPF-01-473091,CRPF-01,training,2026-08-31,0.0,course_days_assigned
SYNTH-CRPF-01-473091,CRPF-01,workload,2026-08-31,0.633,duty_hours_over_establishment
SYNTH-CRPF-01-473091,CRPF-01,self_report,2026-08-31,0.7544,instrument_score_normalised
SYNTH-CRPF-01-473091,CRPF-01,biometric,2026-08-31,0.5274,resting_heart_rate_trend
SYNTH-CRPF-01-124771,CRPF-01,leave,2026-08-31,0.3178,leave_denied_rate
SYNTH-CRPF-01-124771,CRPF-01,deployment,2026-08-31,0.1174,days_deployed_away_from_station
SYNTH-CRPF-01-124771,CRPF-01,duty_roster,2026-08-31,0.367,consecutive_duty_days
SYNTH-CRPF-01-124771,CRPF-01,transfer,2026-08-31,0.25,postings_in_trailing_year
SYNTH-CRPF-01-124771,CRPF-01,training,2026-08-31,0.0,course_days_assigned
SYNTH-CRPF-01-124771,CRPF-01,workload,2026-08-31,0.5575,duty_hours_over_establishment
SYNTH-CRPF-01-124771,CRPF-01,biometric,2026-08-31,0.3816,resting_heart_rate_trend
SYNTH-CRPF-01-976873,CRPF-01,leave,2026-08-31,0.5947,leave_denied_rate
SYNTH-CRPF-01-976873,CRPF-01,deployment,2026-08-31,0.2016,days_deployed_away_from_station
SYNTH-CRPF-01-976873,CRPF-01,duty_roster,2026-08-31,0.455,consecutive_duty_days
SYNTH-CRPF-01-976873,CRPF-01,transfer,2026-08-31,0.25,postings_in_trailing_year
SYNTH-CRPF-01-976873,CRPF-01,training,2026-08-31,0.0,course_days_assigned
