leave_mean_7d,leave_mean_30d,leave_mean_90d,leave_mean_180d,deployment_mean_7d,deployment_mean_30d,deployment_mean_90d,deployment_mean_180d,duty_roster_mean_7d,duty_roster_mean_30d,duty_roster_mean_90d,duty_roster_mean_180d,transfer_mean_7d,transfer_mean_30d,transfer_mean_90d,transfer_mean_180d,training_mean_7d,training_mean_30d,training_mean_90d,training_mean_180d,workload_mean_7d,workload_mean_30d,workload_mean_90d,workload_mean_180d,self_report_mean_7d,self_report_mean_30d,self_report_mean_90d,self_report_mean_180d,biometric_mean_7d,biometric_mean_30d,biometric_mean_90d,biometric_mean_180d,voice_mean_7d,voice_mean_30d,voice_mean_90d,voice_mean_180d,leave_slope,deployment_slope,duty_roster_slope,transfer_slope,training_slope,workload_slope,self_report_slope,biometric_slope,voice_slope,age_band,deployed,rank,unit_kind,label
0.479071,0.39155,0.345642,0.330449,0.0,0.0,0.0,0.027778,0.501486,0.40019,0.41733,0.374293,0.25,0.25,0.25,0.25,0.0,0.0,0.0,0.0,0.517529,0.445663,0.400127,0.375727,0.5178,0.5178,0.512503,0.445544,0.310771,0.3266,0.344367,0.345021,0.0,0.0,0.0,0.0,0.148622,-0.027778,0.127193,0.0,0.0,0.141802,0.072256,-0.03425,0.0,under-30,static,Head Constable,law and order deployment,0
0.4272,0.445353,0.425044,0.390018,0.0,0.0,0.0,0.0,0.380057,0.39365,0.373381,0.381869,0.75,0.75,0.75,0.75,0.0,0.0,0.0,0.0,0.4261,0.385467,0.31069,0.330198,0.3027,0.35077,0.405887,0.437371,0.342657,0.329193,0.356617,0.360983,0.0,0.0,0.0,0.0,0.037182,0.0,-0.001812,0.0,0.0,0.095902,-0.134671,-0.018326,0.0,under-30,static,Head Constable,group centre,0
0.532014,0.455373,0.490124,0.46218,0.0,0.0,0.0,0.233333,0.415586,0.4777,0.455148,0.434841,0.25,0.25,0.25,0.25,0.0,0.0,0.0,0.0,0.390314,0.45077,0.476298,0.476329,0.0,0.0,0.0,0.0,0.3815,0.390977,0.425014,0.430777,0.0,0.0,0.0,0.0,0.069834,-0.233333,-0.019255,0.0,0.0,-0.086015,0.0,-0.049277,0.0,under-30,static,Head Constable,left-wing extremism area,0
0.452529,0.51414,0.486608,0.478792,0.0,0.0,0.0,0.0,0.47,0.449217,0.439966,0.463257,0.75,0.75,0.75,0.75,0.0,0.0,0.0,0.0,0.5068,0.545573,0.512804,0.506144,0.6362,0.6362,0.62896,0.634898,0.0,0.0,0.0,0.0,0.0,0.0,0.0,0.0,-0.026263,0.0,0.006743,0.0,0.0,0.000656,0.001302,0.0,0.0,under-30,static,Constable,group centre,0
0.3371,0.301573,0.349239,0.342133,0.0,0.0,0.0,0.038889,0.5079,0.39228,0.34698,0.371793,0.75,0.75,0.75,0.75,0.0,0.0,0.0,0.0,0.431457,0.309033,0.368314,0.353938,0.3185,0.3185,0.411062,0.392844,0.307243,0.315643,0.336508,0.336556,0.0,0.0,0.0,0.0,-0.005033,-0.038889,0.136107,0.0,0.0,0.077519,-0.074344,-0.029313,0.0,30-39,static,Assistant Sub-Inspector,law and order deployment,0
0.410086,0.376557,0.412647,0.401844,0.0,0.0,0.0,0.205556,0.5115,0.465123,0.45455,0.448807,0.25,0.25,0.25,0.25,0.0,0.0,0.0,0.0,0.5265,0.491267,0.507862,0.483493,0.2729,0.425567,0.524656,0.537439,0.0,0.0,0.0,0.0,0.0,0.0,0.0,0.0,0.008241,-0.205556,0.062693,0.0,0.0,0.043007,-0.264539,0.0,0.0,under-30,static,Constable,left-wing extremism area,0
0.561386,0.52909,0.463918,0.447862,0.857143,0.966667,0.444444,0.222222,0.415314,0.371167,0.461857,0.446611,0.25,0.25,0.25,0.25,0.0,0.0,0.0,0.077778,0.5815,0.468843,0.435909,0.43145,0.5489,0.56961,0.59857,0.542117,0.0,0.0,0.0,0.0,0.0,0.0,0.0,0.0,0.113524,0.634921,-0.031296,0.0,-0.077778,0.15005,0.006783,0.0,0.0,30-39,static,Assistant Sub-Inspector,internal security duty,0
0.2762,0.3651,0.409386,0.373563,0.0,0.0,0.4,0.2,0.345586,0.37492,0.360382,0.37656,0.25,0.25,0.25,0.25,0.0,0.0,0.0,0.077778,0.3954,0.357383,0.369911,0.35769,0.3769,0.3769,0.422443,0.396185,0.3454,0.341893,0.380644,0.371295,0.0,0.0,0.0,0.0,-0.097363,-0.2,-0.030974,0.0,-0.077778,0.03771,-0.019285,-0.025895,0.0,40-plus,static,Assistant Commandant,internal security duty,0
0.220743,0.240493,0.302888,0.334947,0.0,0.0,0.322222,0.161111,0.1939,0.36327,0.361234,0.366292,0.25,0.25,0.25,0.25,0.0,0.0,0.0,0.0,0.537571,0.404653,0.345972,0.337491,0.0,0.0,0.0,0.0,0.0,0.0,0.0,0.0,0.0,0.0,0.0,0.0,-0.114204,-0.161111,-0.172392,0.0,0.0,0.200081,0.0,0.0,0.0,40-plus,static,Assistant Commandant,law and order deployment,0
0.4008,0.274273,0.339293,0.316299,0.0,0.0,0.0,0.0,0.407171,0.272723,0.256252,0.296874,0.25,0.25,0.25,0.25,0.0,0.0,0.0,0.0,0.295271,0.35168,0.349432,0.344339,0.0,0.0,0.0,0.0,0.297143,0.285563,0.311256,0.310199,0.0,0.0,0.0,0.0,0.084501,0.0,0.110297,0.0,0.0,-0.049068,0.0,-0.013056,0.0,under-30,static,Head Constable,group centre,0
0.317957,0.341337,0.362406,0.394454,0.0,0.0,0.0,0.188889,0.307429,0.290673,0.265907,0.334178,0.75,0.75,0.75,0.75,0.0,0.0,0.0,0.077778,0.486,0.410357,0.410788,0.403392,0.0,0.0,0.0,0.0,0.0,0.0,0.0,0.0,0.0,0.0,0.0,0.0,-0.076497,-0.188889,-0.026749,0.0,-0.077778,0.082608,0.0,0.0,0.0,30-39,static,Assistant Sub-Inspector,left-wing extremism area,0
0.4742,0.346583,0.392013,0.393468,0.0,0.0,0.0,0.0,0.369414,0.352663,0.392049,0.404838,0.25,0.25,0.25,0.25,0.0,0.0,0.0,0.044444,0.33,0.382677,0.365393,0.38053,0.0,0.0,0.0,0.0,0.427786,0.353143,0.371596,0.371722,0.0,0.0,0.0,0.0,0.080732,0.0,-0.035423,0.0,-0.044444,-0.05053,0.0,0.056064,0.0,40-plus,static,Inspector,left-wing extremism area,0
0.550429,0.522627,0.457364,0.470121,0.0,0.733333,0.433333,0.216667,0.5223,0.464667,0.449842,0.428907,0.25,0.25,0.25,0.25,0.0,0.466667,0.155556,0.077778,0.411429,0.448737,0.430864,0.425982,0.0,0.0,0.0,0.0,0.0,0.0,0.0,0.0,0.0,0.0,0.0,0.0,0.080307,-0.216667,0.093393,0.0,-0.077778,-0.014554,0.0,0.0,0.0,under-30,static,Head Constable,group centre,0
0.450971,0.45554,0.428293,0.423552,0.0,0.0,0.0,0.2,0.291729,0.356733,0.40416,0.371259,0.25,0.25,0.25,0.25,0.0,0.0,0.033333,0.077778,0.492714,0.38202,0.42338,0.392167,0.2317,0.2317,0.280722,0.330297,0.0,0.0,0.0,0.0,0.0,0.0,0.0,0.0,0.027419,-0.2,-0.07953,0.0,-0.077778,0.100548,-0.098597,0.0,0.0,40-plus,static,Inspector,election duty,0
0.403729,0.458447,0.381686,0.358551,0.0722,0.0722,0.344002,0.172001,0.398571,0.38449,0.363421,0.35439,0.25,0.25,0.25,0.25,0.0,0.0,0.0,0.077778,0.4302,0.440903,0.462903,0.392839,0.0,0.0,0.0,0.0,0.0,0.0,0.0,0.0,0.0,0.0,0.0,0.0,0.045177,-0.099801,0.044181,0.0,-0.077778,0.037361,0.0,0.0,0.0,30-39,surged,Assistant Sub-Inspector,internal security duty,0
0.298929,0.38481,0.405452,0.411995,0.0,0.0,0.233333,0.227778,0.305657,0.317593,0.407217,0.424697,0.75,0.75,0.75,0.75,0.0,0.0,0.0,0.138889,0.468529,0.399327,0.416818,0.445461,0.378157,0.39223,0.393677,0.369166,0.354629,0.37629,0.399047,0.400184,0.0,0.0,0.0,0.0,-0.113066,-0.227778,-0.11904,0.0,-0.138889,0.023068,0.008991,-0.045555,0.0,under-30,static,Constable,internal security duty,0
0.489514,0.451977,0.416043,0.426779,0.0,0.0,0.233333,0.205556,0.403271,0.455317,0.427334,0.425966,0.25,0.25,0.25,0.25,0.0,0.0,0.0,0.061111,0.4522,0.457117,0.4454,0.422155,0.0,0.0,0.0,0.0,0.390057,0.339003,0.373056,0.376811,0.0,0.0,0.0,0.0,0.062735,-0.205556,-0.022694,0.0,-0.061111,0.030045,0.0,0.013246,0.0,40-plus,static,Inspector,election duty,0
0.640186,0.660337,0.498923,0.500814,0.105,0.105,0.071167,0.185583,0.6491,0.620413,0.492924,0.450546,0.25,0.25,0.25,0.25,0.0,0.0,0.0,0.0,0.5079,0.580567,0.495742,0.41438,0.4507,0.457117,0.457961,0.428621,0.418314,0.374093,0.384223,0.388044,0.0,0.0,0.0,0.0,0.139371,-0.080583,0.198554,0.0,0.0,0.09352,0.022079,0.03027,0.0,under-30,surged,Head Constable,internal security duty,0
0.389043,0.424667,0.413297,0.354689,0.0,0.566667,0.366667,0.183333,0.331686,0.32536,0.358102,0.35626,0.25,0.25,0.25,0.25,0.0,0.0,0.0,0.0,0.390929,0.35983,0.343828,0.365808,0.431,0.431,0.395149,0.365624,0.481943,0.373233,0.361279,0.359942,0.0,0.0,0.0,0.0,0.034353,-0.183333,-0.024574,0.0,0.0,0.025121,0.065376,0.122001,0.0,under-30,static,Constable,left-wing extremism area,0
0.4067,0.315493,0.318599,0.356917,0.0,0.733333,0.344444,0.172222,0.282743,0.303563,0.304757,0.333881,0.25,0.25,0.25,0.25,0.0,0.0,0.0,0.0,0.2284,0.326743,0.360691,0.385286,0.2776,0.2776,0.319258,0.340589,0.356143,0.332593,0.334256,0.324024,0.0,0.0,0.0,0.0,0.049783,-0.172222,-0.051138,0.0,0.0,-0.156886,-0.062989,0.032119,0.0,40-plus,static,Inspector,group centre,0
0.5097,0.396533,0.417502,0.436259,0.0,0.0,0.0,0.072222,0.5036,0.544103,0.498204,0.474616,0.75,0.75,0.75,0.75,0.0,0.2,0.155556,0.155556,0.3301,0.423307,0.421909,0.430088,0.3064,0.465237,0.524257,0.544225,0.417786,0.405213,0.403499,0.405952,0.0,0.0,0.0,0.0,0.073441,-0.072222,0.028984,0.0,-0.155556,-0.099988,-0.237825,0.011834,0.0,40-plus,static,Inspector,internal security duty,0
0.421343,0.341517,0.382512,0.363204,0.0,0.0,0.0,0.0,0.3197,0.324717,0.352678,0.338027,0.25,0.25,0.25,0.25,0.142857,0.466667,0.155556,0.155556,0.320729,0.349173,0.33713,0.345752,0.2902,0.2902,0.2902,0.282918,0.0,0.0,0.0,0.0,0.0,0.0,0.0,0.0,0.058138,0.0,-0.018327,0.0,-0.012698,-0.025024,0.007282,0.0,0.0,40-plus,static,Inspector,election duty,0
0.3512,0.337847,0.415222,0.447844,0.0,0.0,0.433333,0.216667,0.356,0.465403,0.441157,0.420431,0.75,0.75,0.75,0.75,0.0,0.0,0.0,0.0,0.4112,0.434227,0.471473,0.44731,0.4804,0.43065,0.4242,0.490287,0.429514,0.36473,0.394352,0.391471,0.0,0.0,0.0,0.0,-0.096644,-0.216667,-0.064431,0.0,0.0,-0.03611,-0.009887,0.038044,0.0,40-plus,static,Assistant Commandant,internal security duty,0
0.7749,0.692237,0.580083,0.486406,0.2814,0.688607,0.470182,0.235091,0.781129,0.70602,0.588446,0.479584,0.25,0.25,0.25,0.25,0.0,0.0,0.0,0.077778,0.727171,0.74223,0.593179,0.477769,0.426,0.336133,0.306178,0.332825,0.0,0.0,0.0,0.0,0.0,0.0,0.0,0.0,0.288494,0.046309,0.301545,0.0,-0.077778,0.249402,0.093175,0.0,0.0,40-plus,surged,Inspector,internal security duty,0
0.2376,0.380133,0.4229,0.425903,0.0,0.0,0.0,0.044444,0.336629,0.396347,0.399047,0.407718,0.25,0.25,0.25,0.25,0.0,0.0,0.0,0.0,0.5735,0.460957,0.433499,0.441218,0.0,0.0,0.0,0.0,0.0,0.0,0.0,0.0,0.0,0.0,0.0,0.0,-0.188303,-0.044444,-0.07109,0.0,0.0,0.132282,0.0,0.0,0.0,40-plus,static,Inspector,law and order deployment,0
0.388543,0.374087,0.35148,0.419365,0.0,0.0,0.0,0.227778,0.4808,0.444003,0.382278,0.411912,0.25,0.25,0.25,0.25,0.0,0.0,0.155556,0.077778,0.562586,0.40824,0.433927,0.431212,0.0,0.0,0.0,0.0,0.556557,0.4217,0.431238,0.424218,0.0,0.0,0.0,0.0,-0.030822,-0.227778,0.068888,0.0,-0.077778,0.131373,0.0,0.132339,0.0,40-plus,static,Assistant Commandant,internal security duty,0
0.225786,0.409667,0.446954,0.428049,0.0,0.0,0.411111,0.222222,0.5063,0.499813,0.486412,0.451798,0.25,0.25,0.25,0.25,0.0,0.0,0.0,0.077778,0.3411,0.47089,0.452251,0.426395,0.0,0.0,0.0,0.0,0.0,0.0,0.0,0.0,0.0,0.0,0.0,0.0,-0.202263,-0.222222,0.054502,0.0,-0.077778,-0.085295,0.0,0.0,0.0,30-39,static,Assistant Sub-Inspector,internal security duty,0
0.207086,0.31662,0.368293,0.351348,0.0,0.0,0.077778,0.166667,0.4465,0.42394,0.39189,0.347975,0.25,0.25,0.25,0.25,0.0,0.0,0.055556,0.077778,0.407514,0.307657,0.319859,0.319585,0.1645,0.25366,0.293287,0.298361,0.0,0.0,0.0,0.0,0.0,0.0,0.0,0.0,-0.144262,-0.166667,0.098525,0.0,-0.077778,0.087929,-0.133861,0.0,0.0,30-39,static,Assistant Sub-Inspector,group centre,0
0.4264,0.38963,0.400479,0.420488,0.0,0.0,0.0,0.205556,0.316357,0.30746,0.358659,0.353246,0.25,0.25,0.25,0.25,0.0,0.0,0.0,0.0,0.3345,0.34783,0.390058,0.412503,0.5022,0.45831,0.454497,0.472124,0.0,0.0,0.0,0.0,0.0,0.0,0.0,0.0,0.005912,-0.205556,-0.036889,0.0,0.0,-0.078003,0.030076,0.0,0.0,under-30,static,Head Constable,internal security duty,0
0.310371,0.319653,0.356262,0.375823,0.0,0.0,0.366667,0.188889,0.4289,0.442243,0.407149,0.392486,0.75,0.75,0.75,0.75,0.0,0.0,0.0,0.0,0.412471,0.323583,0.371216,0.341849,0.0,0.0,0.0,0.0,0.0,0.0,0.0,0.0,0.0,0.0,0.0,0.0,-0.065452,-0.188889,0.036414,0.0,0.0,0.070623,0.0,0.0,0.0,under-30,static,Head Constable,law and order deployment,0
0.403671,0.273727,0.381692,0.350163,0.0,0.0,0.244444,0.188889,0.475386,0.369923,0.330974,0.358824,0.75,0.75,0.75,0.75,0.0,0.0,0.0,0.0,0.447,0.31734,0.300714,0.316127,0.286286,0.5107,0.488087,0.488087,0.0,0.0,0.0,0.0,0.0,0.0,0.0,0.0,0.053508,-0.188889,0.116562,0.0,0.0,0.130873,-0.201802,0.0,0.0,30-39,static,Assistant Sub-Inspector,election duty,0
0.6092,0.55426,0.564277,0.484197,0.1682,0.41774,0.465207,0.232603,0.625386,0.575163,0.533806,0.477482,0.25,0.25,0.25,0.25,0.0,0.0,0.0,0.077778,0.490171,0.49953,0.531254,0.494588,0.4802,0.4802,0.4802,0.471162,0.0,0.0,0.0,0.0,0.0,0.0,0.0,0.0,0.125003,-0.064403,0.147903,0.0,-0.077778,-0.004416,0.009038,0.0,0.0,30-39,surged,Assistant Sub-Inspector,internal security duty,0
0.293586,0.33674,0.421079,0.389987,0.0,0.0,0.3,0.205556,0.498271,0.401693,0.392424,0.40918,0.25,0.25,0.25,0.25,0.0,0.0,0.155556,0.155556,0.5419,0.5365,0.46389,0.453433,0.0,0.0,0.0,0.0,0.347386,0.38308,0.374903,0.378754,0.0,0.0,0.0,0.0,-0.096402,-0.205556,0.089091,0.0,-0.155556,0.088467,0.0,-0.031369,0.0,40-plus,static,Inspector,law and order deployment,0
0.326614,0.406243,0.389737,0.399973,0.0,0.0,0.0,0.0,0.402186,0.355147,0.355104,0.351273,0.75,0.75,0.75,0.75,0.0,0.066667,0.155556,0.155556,0.3091,0.361013,0.3598,0.345427,0.2267,0.27498,0.324802,0.389251,0.0,0.0,0.0,0.0,0.0,0.0,0.0,0.0,-0.073358,0.0,0.050912,0.0,-0.155556,-0.036327,-0.162551,0.0,0.0,40-plus,static,Assistant Commandant,group centre,0
0.369686,0.489577,0.450849,0.450622,0.0,0.266667,0.611111,0.305556,0.368786,0.416537,0.47019,0.479646,0.75,0.75,0.75,0.75,0.0,0.0,0.0,0.077778,0.4673,0.474817,0.438323,0.460243,0.0,0.0,0.0,0.0,0.0,0.0,0.0,0.0,0.0,0.0,0.0,0.0,-0.080937,-0.305556,-0.11086,0.0,-0.077778,0.007057,0.0,0.0,0.0,under-30,static,Constable,law and order deployment,0
0.452243,0.426023,0.434718,0.412658,0.0,0.0,0.0,0.05,0.337529,0.334507,0.37076,0.360031,0.75,0.75,0.75,0.75,0.0,0.0,0.0,0.0,0.376986,0.38144,0.35054,0.361949,0.0,0.0,0.0,0.0,0.383743,0.3665,0.362814,0.357738,0.0,0.0,0.0,0.0,0.039585,-0.05,-0.022502,0.0,0.0,0.015036,0.0,0.026005,0.0,under-30,static,Constable,election duty,0
0.3567,0.34402,0.352409,0.388513,0.0,0.0,0.0,0.111111,0.437386,0.322417,0.319643,0.341906,0.25,0.25,0.25,0.25,0.0,0.0,0.155556,0.077778,0.269,0.24784,0.265777,0.310395,0.3247,0.3247,0.275289,0.289233,0.0,0.0,0.0,0.0,0.0,0.0,0.0,0.0,-0.031813,-0.111111,0.09548,0.0,-0.077778,-0.041395,0.035467,0.0,0.0,under-30,static,Constable,internal security duty,0
0.330643,0.455673,0.457616,0.439718,0.0,0.133333,0.444444,0.222222,0.5429,0.48912,0.392271,0.441436,0.75,0.75,0.75,0.75,0.0,0.0,0.0,0.077778,0.5576,0.399817,0.44953,0.448327,0.6245,0.6245,0.404436,0.284168,0.0,0.0,0.0,0.0,0.0,0.0,0.0,0.0,-0.109075,-0.222222,0.101464,0.0,-0.077778,0.109273,0.340332,0.0,0.0,40-plus,static,Inspector,law and order deployment,0
0.307543,0.265527,0.31834,0.327121,0.0,0.0,0.0,0.0,0.399286,0.368437,0.36412,0.335003,0.25,0.25,0.25,0.25,0.0,0.0,0.111111,0.077778,0.302743,0.33492,0.348037,0.350857,0.0,0.0,0.0,0.0,0.0,0.0,0.0,0.0,0.0,0.0,0.0,0.0,-0.019578,0.0,0.064283,0.0,-0.077778,-0.048114,0.0,0.0,0.0,under-30,static,Constable,left-wing extremism area,0
0.445529,0.383823,0.354591,0.374021,0.0,0.0,0.0,0.122222,0.543671,0.40857,0.38991,0.401101,0.25,0.25,0.25,0.25,0.0,0.466667,0.155556,0.077778,0.434129,0.388623,0.357384,0.364103,0.4002,0.4002,0.4002,0.39355,0.423786,0.371643,0.38889,0.395632,0.0,0.0,0.0,0.0,0.071507,-0.122222,0.14257,0.0,-0.077778,0.070025,0.00665,0.028154,0.0,40-plus,static,Assistant Commandant,group centre,0
0.5609,0.440817,0.463973,0.409906,0.0,0.0,0.422222,0.211111,0.2712,0.405517,0.394163,0.390315,0.25,0.25,0.25,0.25,0.0,0.0,0.0,0.155556,0.401271,0.415217,0.433606,0.444244,0.0,0.0,0.0,0.0,0.0,0.0,0.0,0.0,0.0,0.0,0.0,0.0,0.150994,-0.211111,-0.119115,0.0,-0.155556,-0.042973,0.0,0.0,0.0,30-39,static,Assistant Sub-Inspector,left-wing extremism area,0
0.257929,0.304703,0.325246,0.333251,0.0,0.433333,0.366667,0.183333,0.4987,0.452727,0.391372,0.387613,0.25,0.25,0.25,0.25,0.0,0.0,0.0,0.0,0.4323,0.40281,0.33776,0.343601,0.3147,0.32729,0.30675,0.402881,0.0,0.0,0.0,0.0,0.0,0.0,0.0,0.0,-0.075323,-0.183333,0.111087,0.0,0.0,0.088699,-0.088181,0.0,0.0,40-plus,static,Assistant Commandant,left-wing extremism area,0
0.322543,0.372367,0.369119,0.377609,0.0,0.0,0.0,0.0,0.336486,0.398887,0.402438,0.401204,0.25,0.25,0.25,0.25,0.0,0.0,0.0,0.077778,0.2559,0.368273,0.342222,0.383393,0.436,0.436,0.437983,0.449742,0.0,0.0,0.0,0.0,0.0,0.0,0.0,0.0,-0.055067,0.0,-0.064719,0.0,-0.077778,-0.127493,-0.013742,0.0,0.0,40-plus,static,Inspector,group centre,0
0.3437,0.33534,0.312389,0.325187,0.285714,0.833333,0.333333,0.166667,0.450957,0.36975,0.358381,0.365132,0.25,0.25,0.25,0.25,0.0,0.0,0.0,0.077778,0.449971,0.42562,0.406502,0.387221,0.0,0.0,0.0,0.0,0.4467,0.352013,0.343489,0.335992,0.0,0.0,0.0,0.0,0.018513,0.119048,0.085825,0.0,-0.077778,0.06275,0.0,0.110708,0.0,30-39,static,Assistant Sub-Inspector,election duty,0
0.447629,0.447393,0.405376,0.388577,0.0,0.0,0.4,0.2,0.4649,0.44985,0.402072,0.360442,0.25,0.25,0.25,0.25,0.0,0.0,0.066667,0.077778,0.475457,0.434473,0.403656,0.402512,0.0,0.0,0.0,0.0,0.402171,0.34637,0.368958,0.371283,0.0,0.0,0.0,0.0,0.059052,-0.2,0.104458,0.0,-0.077778,0.072945,0.0,0.030888,0.0,30-39,static,Sub-Inspector,election duty,0
0.454514,0.37168,0.417653,0.400964,0.0,0.0,0.377778,0.188889,0.277943,0.39652,0.411389,0.418021,0.25,0.25,0.25,0.25,0.0,0.0,0.0,0.077778,0.4729,0.32266,0.389597,0.38368,0.0,0.0,0.0,0.0,0.0,0.0,0.0,0.0,0.0,0.0,0.0,0.0,0.05355,-0.188889,-0.140078,0.0,-0.077778,0.08922,0.0,0.0,0.0,40-plus,static,Inspector,group centre,0
0.272986,0.280033,0.27186,0.273608,0.0,0.0,0.0,0.0,0.335743,0.325933,0.294092,0.306333,0.75,0.75,0.75,0.75,0.0,0.0,0.0,0.0,0.4726,0.36385,0.338637,0.341093,0.348757,0.27956,0.26552,0.262352,0.303557,0.306953,0.32325,0.323166,0.0,0.0,0.0,0.0,-0.000622,0.0,0.02941,0.0,0.0,0.131507,0.086405,-0.019608,0.0,40-plus,static,Assistant Commandant,left-wing extremism area,0
0.695886,0.719453,0.616299,0.525778,0.2933,0.2933,0.198792,0.332729,0.6612,0.80234,0.680073,0.569143,0.25,0.25,0.25,0.25,0.0,0.0,0.155556,0.077778,0.8939,0.855513,0.693681,0.605073,0.477686,0.529447,0.500304,0.549752,0.0,0.0,0.0,0.0,0.0,0.0,0.0,0.0,0.170107,-0.039429,0.092057,0.0,-0.077778,0.288827,-0.072067,0.0,0.0,under-30,surged,Constable,internal security duty,0
0.346057,0.38262,0.364068,0.369472,0.0,0.0,0.0,0.0,0.4222,0.41984,0.30998,0.335395,0.25,0.25,0.25,0.25,0.0,0.0,0.0,0.0,0.313929,0.269517,0.371179,0.374602,0.0,0.0,0.0,0.0,0.0,0.0,0.0,0.0,0.0,0.0,0.0,0.0,-0.023415,0.0,0.086805,0.0,0.0,-0.060673,0.0,0.0,0.0,under-30,static,Constable,election duty,0
0.246671,0.36362,0.391239,0.381753,0.0,0.0,0.0,0.188889,0.3442,0.326043,0.374083,0.368288,0.25,0.25,0.25,0.25,0.0,0.0,0.0,0.077778,0.3345,0.370527,0.413289,0.371759,0.2983,0.2983,0.2983,0.305667,0.0,0.0,0.0,0.0,0.0,0.0,0.0,0.0,-0.135081,-0.188889,-0.024088,0.0,-0.077778,-0.037259,-0.007367,0.0,0.0,30-39,static,Assistant Sub-Inspector,law and order deployment,0
0.2907,0.322937,0.373059,0.336724,0.0,0.433333,0.366667,0.183333,0.272729,0.402293,0.413812,0.393059,0.25,0.25,0.25,0.25,0.0,0.0,0.266667,0.155556,0.3017,0.321333,0.357403,0.385634,0.3192,0.3192,0.3275,0.34295,0.0,0.0,0.0,0.0,0.0,0.0,0.0,0.0,-0.046024,-0.183333,-0.12033,0.0,-0.155556,-0.083934,-0.02375,0.0,0.0,40-plus,static,Inspector,left-wing extremism area,0
0.566386,0.678557,0.626174,0.51908,0.2552,0.2552,0.172969,0.29204,0.5502,0.613837,0.606077,0.538831,0.25,0.25,0.25,0.25,0.0,0.0,0.0,0.0,0.7632,0.701,0.592946,0.522326,0.4178,0.4178,0.389237,0.368518,0.347686,0.34326,0.376339,0.372867,0.0,0.0,0.0,0.0,0.047306,-0.03684,0.011369,0.0,0.0,0.240874,0.049282,-0.025181,0.0,under-30,surged,Head Constable,internal security duty,0
0.542857,0.559377,0.542086,0.454672,0.2574,0.2574,0.17446,0.259452,0.768829,0.63471,0.496198,0.426026,0.75,0.75,0.75,0.75,0.0,0.0,0.155556,0.077778,0.592286,0.560647,0.533958,0.454522,0.351886,0.472417,0.316317,0.257758,0.0,0.0,0.0,0.0,0.0,0.0,0.0,0.0,0.088185,-0.002052,0.342803,0.0,-0.077778,0.137764,0.094127,0.0,0.0,under-30,surged,Constable,internal security duty,0
0.3885,0.45876,0.439667,0.383727,0.0871,0.0871,0.059034,0.029517,0.494186,0.48483,0.468094,0.433699,0.25,0.25,0.25,0.25,0.0,0.0,0.0,0.0,0.531186,0.575183,0.47152,0.407623,0.1865,0.1865,0.242183,0.244818,0.340414,0.28938,0.347209,0.353191,0.0,0.0,0.0,0.0,0.004773,0.057583,0.060486,0.0,0.0,0.123563,-0.058318,-0.012776,0.0,40-plus,surged,Assistant Commandant,internal security duty,0
0.411443,0.388967,0.429788,0.443531,0.0,0.0,0.0,0.25,0.6041,0.55112,0.491528,0.513657,0.25,0.25,0.25,0.25,0.0,0.0,0.155556,0.077778,0.583914,0.446817,0.484613,0.481642,0.3498,0.3498,0.370003,0.450609,0.0,0.0,0.0,0.0,0.0,0.0,0.0,0.0,-0.032088,-0.25,0.090443,0.0,-0.077778,0.102272,-0.100809,0.0,0.0,under-30,static,Constable,law and order deployment,1
0.518929,0.512133,0.476556,0.476945,0.0,0.0,0.444444,0.222222,0.371771,0.44553,0.455879,0.453387,0.25,0.25,0.25,0.25,0.0,0.0,0.0,0.0,0.2854,0.374063,0.399611,0.439081,0.3876,0.3876,0.3876,0.386435,0.0,0.0,0.0,0.0,0.0,0.0,0.0,0.0,0.041984,-0.222222,-0.081615,0.0,0.0,-0.153681,0.001165,0.0,0.0,30-39,static,Assistant Sub-Inspector,election duty,0
0.307786,0.35475,0.354434,0.372042,0.0,0.0,0.222222,0.205556,0.4815,0.342583,0.360793,0.370551,0.25,0.25,0.25,0.25,0.0,0.0,0.055556,0.077778,0.438171,0.36925,0.374928,0.381467,0.0,0.0,0.0,0.0,0.322243,0.34942,0.391377,0.390977,0.0,0.0,0.0,0.0,-0.064256,-0.205556,0.110949,0.0,-0.077778,0.056704,0.0,-0.068734,0.0,30-39,static,Sub-Inspector,left-wing extremism area,0
0.2955,0.366923,0.372891,0.391802,0.0,0.0,0.0,0.0,0.307486,0.327567,0.345343,0.360659,0.25,0.25,0.25,0.25,0.0,0.0,0.0,0.077778,0.300714,0.399813,0.424357,0.396537,0.0,0.0,0.0,0.0,0.0,0.0,0.0,0.0,0.0,0.0,0.0,0.0,-0.096302,0.0,-0.053173,0.0,-0.077778,-0.095822,0.0,0.0,0.0,40-plus,static,Sub-Inspector,election duty,0
0.4152,0.34535,0.391781,0.350673,0.0,0.0,0.0,0.0,0.505343,0.358957,0.31872,0.348466,0.25,0.25,0.25,0.25,0.0,0.0,0.0,0.0,0.1765,0.307947,0.324196,0.363688,0.234486,0.239463,0.227858,0.304194,0.3963,0.32045,0.348787,0.333558,0.0,0.0,0.0,0.0,0.064527,0.0,0.156877,0.0,0.0,-0.187188,-0.069709,0.062742,0.0,under-30,static,Head Constable,law and order deployment,0
0.357257,0.323437,0.349867,0.335206,0.0,0.0,0.0,0.194444,0.3577,0.364673,0.44048,0.433983,0.25,0.25,0.25,0.25,0.0,0.0,0.0,0.0,0.478357,0.39888,0.406936,0.398114,0.5301,0.287307,0.290769,0.318048,0.392014,0.35815,0.39229,0.392445,0.0,0.0,0.0,0.0,0.022051,-0.194444,-0.076283,0.0,0.0,0.080243,0.212052,-0.000431,0.0,40-plus,static,Assistant Commandant,left-wing extremism area,0
0.6062,0.590353,0.45007,0.405342,0.2031,0.2031,0.137657,0.257717,0.676643,0.538607,0.516096,0.476714,0.25,0.25,0.25,0.25,0.0,0.066667,0.155556,0.155556,0.5931,0.57461,0.518691,0.468714,0.2844,0.2844,0.280658,0.380454,0.0,0.0,0.0,0.0,0.0,0.0,0.0,0.0,0.200858,-0.054617,0.199929,0.0,-0.155556,0.124386,-0.096054,0.0,0.0,30-39,surged,Assistant Sub-Inspector,internal security duty,0
0.5546,0.45324,0.506843,0.491317,0.0,0.0,0.144444,0.25,0.551357,0.5482,0.499932,0.483519,0.25,0.25,0.25,0.25,0.0,0.0,0.0,0.0,0.643229,0.46403,0.436702,0.4648,0.5091,0.5091,0.45154,0.411539,0.0,0.0,0.0,0.0,0.0,0.0,0.0,0.0,0.063283,-0.25,0.067838,0.0,0.0,0.178429,0.097561,0.0,0.0,40-plus,static,Inspector,left-wing extremism area,1
0.5299,0.4423,0.38921,0.385726,0.0408,0.0408,0.060987,0.186049,0.416014,0.397133,0.368657,0.347682,0.25,0.25,0.25,0.25,0.0,0.0,0.0,0.077778,0.537614,0.407567,0.317502,0.337981,0.3369,0.3369,0.35946,0.36797,0.0,0.0,0.0,0.0,0.0,0.0,0.0,0.0,0.144174,-0.145249,0.068333,0.0,-0.077778,0.199633,-0.03107,0.0,0.0,30-39,surged,Assistant Sub-Inspector,internal security duty,0
0.4382,0.460153,0.418622,0.427766,0.0,0.0,0.0,0.0,0.4348,0.418167,0.357706,0.344577,0.75,0.75,0.75,0.75,0.0,0.0,0.0,0.077778,0.2555,0.330447,0.360706,0.346871,0.4258,0.327423,0.280941,0.285598,0.0,0.0,0.0,0.0,0.0,0.0,0.0,0.0,0.010434,0.0,0.090223,0.0,-0.077778,-0.091371,0.140202,0.0,0.0,30-39,static,Assistant Sub-Inspector,law and order deployment,0
0.383071,0.407867,0.368923,0.336966,0.076,0.076,0.051511,0.192422,0.356829,0.402503,0.375622,0.350987,0.75,0.75,0.75,0.75,0.0,0.0,0.0,0.0,0.4842,0.459853,0.465641,0.392987,0.3083,0.305873,0.254069,0.232716,0.0,0.0,0.0,0.0,0.0,0.0,0.0,0.0,0.046106,-0.116422,0.005842,0.0,0.0,0.091213,0.075584,0.0,0.0,under-30,surged,Head Constable,internal security duty,0
0.437171,0.330477,0.289957,0.295225,0.0,0.0,0.0,0.161111,0.4277,0.43126,0.370286,0.371483,0.25,0.25,0.25,0.25,0.0,0.0,0.0,0.077778,0.5298,0.35544,0.315527,0.309746,0.0,0.0,0.0,0.0,0.292929,0.24885,0.295981,0.307186,0.0,0.0,0.0,0.0,0.141946,-0.161111,0.056217,0.0,-0.077778,0.220054,0.0,-0.014258,0.0,30-39,static,Assistant Sub-Inspector,left-wing extremism area,0
0.458729,0.427873,0.430572,0.41498,0.0,0.0,0.0,0.205556,0.493371,0.41568,0.430436,0.423679,0.75,0.75,0.75,0.75,0.0,0.0,0.0,0.0,0.4277,0.424547,0.432923,0.412386,0.6286,0.594253,0.411318,0.433109,0.0,0.0,0.0,0.0,0.0,0.0,0.0,0.0,0.043749,-0.205556,0.069693,0.0,0.0,0.015314,0.195491,0.0,0.0,40-plus,static,Assistant Commandant,internal security duty,0
0.249886,0.25848,0.355482,0.353069,0.0,0.0,0.333333,0.166667,0.3127,0.34332,0.381017,0.385238,0.75,0.75,0.75,0.75,0.0,0.0,0.0,0.0,0.269,0.346413,0.330971,0.322159,0.4962,0.4962,0.494856,0.411925,0.336971,0.301453,0.331327,0.319702,0.0,0.0,0.0,0.0,-0.103184,-0.166667,-0.072538,0.0,0.0,-0.053159,0.084275,0.01727,0.0,under-30,static,Constable,law and order deployment,0
0.3407,0.35169,0.370063,0.372673,0.0,0.0,0.0,0.155556,0.4733,0.43255,0.40674,0.434957,0.25,0.25,0.25,0.25,0.0,0.0,0.0,0.0,0.374271,0.390287,0.386834,0.383844,0.405271,0.347927,0.327713,0.319484,0.0,0.0,0.0,0.0,0.0,0.0,0.0,0.0,-0.031973,-0.155556,0.038343,0.0,0.0,-0.009572,0.085788,0.0,0.0,30-39,static,Assistant Sub-Inspector,law and order deployment,0
0.4983,0.38268,0.412362,0.362614,0.0,0.0,0.0,0.177778,0.2762,0.286223,0.350573,0.369787,0.25,0.25,0.25,0.25,0.0,0.0,0.0,0.077778,0.3221,0.407947,0.363084,0.375518,0.2438,0.2438,0.256252,0.330076,0.0,0.0,0.0,0.0,0.0,0.0,0.0,0.0,0.135686,-0.177778,-0.093587,0.0,-0.077778,-0.053418,-0.086276,0.0,0.0,40-plus,static,Inspector,left-wing extremism area,0
0.376886,0.39192,0.329957,0.348343,0.0,0.0,0.0,0.083333,0.326214,0.3541,0.370212,0.327471,0.75,0.75,0.75,0.75,0.0,0.0,0.0,0.0,0.367257,0.368833,0.338177,0.343437,0.2345,0.16564,0.133257,0.133257,0.2666,0.308817,0.339764,0.347737,0.0,0.0,0.0,0.0,0.028542,-0.083333,-0.001256,0.0,0.0,0.02382,0.101243,-0.081137,0.0,40-plus,static,Inspector,left-wing extremism area,0
0.5254,0.536223,0.462843,0.459446,0.0,0.0,0.055556,0.222222,0.3398,0.435337,0.439223,0.432319,0.25,0.25,0.25,0.25,0.0,0.0,0.155556,0.077778,0.241071,0.380937,0.479667,0.445213,0.0,0.0,0.0,0.0,0.389886,0.402243,0.414022,0.411998,0.0,0.0,0.0,0.0,0.065954,-0.222222,-0.092519,0.0,-0.077778,-0.204142,0.0,-0.022113,0.0,30-39,static,Head Constable,internal security duty,0
0.233243,0.325693,0.303363,0.329543,0.0,0.033333,0.377778,0.188889,0.340214,0.294567,0.302267,0.339484,0.25,0.25,0.25,0.25,0.0,0.0,0.0,0.0,0.2585,0.317373,0.403138,0.396932,0.4035,0.509913,0.459651,0.446374,0.0,0.0,0.0,0.0,0.0,0.0,0.0,0.0,-0.0963,-0.188889,0.00073,0.0,0.0,-0.138432,-0.042874,0.0,0.0,30-39,static,Sub-Inspector,law and order deployment,0
0.5825,0.533777,0.486389,0.47589,0.0,0.0,0.0,0.238889,0.5697,0.448523,0.428593,0.444018,0.75,0.75,0.75,0.75,0.0,0.0,0.0,0.0,0.6257,0.484317,0.506056,0.455904,0.480343,0.6673,0.549967,0.5466,0.0,0.0,0.0,0.0,0.0,0.0,0.0,0.0,0.10661,-0.238889,0.125682,0.0,0.0,0.169796,-0.066257,0.0,0.0,under-30,static,Head Constable,group centre,0
0.3399,0.34372,0.358537,0.322753,0.0,0.0,0.0,0.161111,0.256614,0.253843,0.254273,0.288469,0.75,0.75,0.75,0.75,0.0,0.0,0.0,0.0,0.1176,0.239327,0.25897,0.292198,0.0,0.0,0.0,0.0,0.0,0.0,0.0,0.0,0.0,0.0,0.0,0.0,0.017147,-0.161111,-0.031855,0.0,0.0,-0.174598,0.0,0.0,0.0,30-39,static,Assistant Sub-Inspector,left-wing extremism area,0
0.429286,0.357823,0.359096,0.322726,0.0,0.0,0.0,0.0,0.468457,0.438173,0.373424,0.356617,0.25,0.25,0.25,0.25,0.0,0.0,0.0,0.0,0.228929,0.354407,0.429022,0.404956,0.305,0.347467,0.421253,0.400759,0.0,0.0,0.0,0.0,0.0,0.0,0.0,0.0,0.10656,0.0,0.11184,0.0,0.0,-0.176028,-0.095759,0.0,0.0,30-39,static,Assistant Sub-Inspector,group centre,0
0.277543,0.39282,0.376184,0.406177,0.0,0.266667,0.4,0.2,0.258043,0.304263,0.337967,0.338681,0.25,0.25,0.25,0.25,0.0,0.0,0.0,0.0,0.273457,0.365503,0.373503,0.385123,0.0,0.0,0.0,0.0,0.337986,0.373977,0.378952,0.376854,0.0,0.0,0.0,0.0,-0.128634,-0.2,-0.080638,0.0,0.0,-0.111666,0.0,-0.038868,0.0,under-30,static,Constable,law and order deployment,0
0.4658,0.39142,0.370154,0.341597,0.0,0.0,0.377778,0.188889,0.376,0.317473,0.357526,0.374899,0.25,0.25,0.25,0.25,0.0,0.0,0.155556,0.077778,0.388329,0.425557,0.401211,0.393893,0.4548,0.4548,0.395331,0.429925,0.0,0.0,0.0,0.0,0.0,0.0,0.0,0.0,0.124203,-0.188889,0.001101,0.0,-0.077778,-0.005564,0.024875,0.0,0.0,30-39,static,Assistant Sub-Inspector,election duty,0
0.488886,0.418437,0.424711,0.414749,0.0,0.366667,0.422222,0.211111,0.3879,0.448447,0.397084,0.430002,0.25,0.25,0.25,0.25,0.0,0.0,0.011111,0.077778,0.503771,0.47545,0.425211,0.381971,0.1261,0.1261,0.21712,0.285397,0.0,0.0,0.0,0.0,0.0,0.0,0.0,0.0,0.074137,-0.211111,-0.042102,0.0,-0.077778,0.1218,-0.159297,0.0,0.0,40-plus,static,Sub-Inspector,election duty,0
0.268971,0.29584,0.356113,0.417402,0.0,0.0,0.0,0.211111,0.450543,0.41047,0.374837,0.442547,0.25,0.25,0.25,0.25,0.0,0.0,0.155556,0.077778,0.518857,0.404347,0.394104,0.410884,0.3673,0.3673,0.3673,0.396481,0.0,0.0,0.0,0.0,0.0,0.0,0.0,0.0,-0.14843,-0.211111,0.007996,0.0,-0.077778,0.107973,-0.029181,0.0,0.0,30-39,static,Assistant Sub-Inspector,law and order deployment,0
0.357486,0.477223,0.43978,0.41373,0.0,0.0,0.188889,0.222222,0.417557,0.448677,0.440169,0.45771,0.75,0.75,0.75,0.75,0.0,0.3,0.311111,0.155556,0.4916,0.444797,0.465622,0.445932,0.0,0.0,0.0,0.0,0.0,0.0,0.0,0.0,0.0,0.0,0.0,0.0,-0.056244,-0.222222,-0.040153,0.0,-0.155556,0.045668,0.0,0.0,0.0,30-39,static,Head Constable,election duty,0
0.314829,0.35517,0.38408,0.372465,0.0,0.0,0.0,0.155556,0.401486,0.429007,0.401001,0.407627,0.25,0.25,0.25,0.25,0.0,0.0,0.0,0.0,0.3218,0.455307,0.472482,0.433718,0.345,0.345,0.332641,0.382543,0.414371,0.350183,0.353976,0.348339,0.0,0.0,0.0,0.0,-0.057636,-0.155556,-0.006141,0.0,0.0,-0.111918,-0.037543,0.066032,0.0,under-30,static,Head Constable,election duty,0
0.350486,0.325497,0.313278,0.31903,0.0,0.1,0.322222,0.161111,0.1961,0.159517,0.249691,0.265072,0.25,0.25,0.25,0.25,0.0,0.0,0.155556,0.077778,0.275557,0.332413,0.325171,0.342261,0.3428,0.3428,0.3428,0.3428,0.330714,0.279323,0.306832,0.315214,0.0,0.0,0.0,0.0,0.031456,-0.161111,-0.068972,0.0,-0.077778,-0.066703,0.0,0.0155,0.0,30-39,static,Sub-Inspector,law and order deployment,0
0.468071,0.491347,0.431882,0.381863,0.1405,0.1405,0.095228,0.047614,0.461143,0.447867,0.42216,0.359885,0.25,0.25,0.25,0.25,0.0,0.2,0.311111,0.155556,0.448271,0.452887,0.448134,0.372812,0.6657,0.6657,0.6657,0.6657,0.356257,0.343573,0.339208,0.324811,0.0,0.0,0.0,0.0,0.086209,0.092886,0.101258,0.0,-0.155556,0.07546,0.0,0.031446,0.0,40-plus,surged,Inspector,internal security duty,0
0.3602,0.47325,0.421484,0.384667,0.0,0.0,0.0,0.205556,0.409571,0.471917,0.399388,0.436674,0.25,0.25,0.25,0.25,0.0,0.1,0.155556,0.077778,0.3669,0.376567,0.37145,0.385509,0.294,0.44028,0.405072,0.398034,0.0,0.0,0.0,0.0,0.0,0.0,0.0,0.0,-0.024467,-0.205556,-0.027102,0.0,-0.077778,-0.018609,-0.104034,0.0,0.0,under-30,static,Head Constable,law and order deployment,0
0.520629,0.4336,0.435823,0.433599,0.0,0.0,0.0,0.155556,0.432,0.408503,0.45331,0.447409,0.75,0.75,0.75,0.75,0.0,0.0,0.0,0.0,0.337943,0.33289,0.424311,0.445118,0.4653,0.4653,0.398267,0.4313,0.0,0.0,0.0,0.0,0.0,0.0,0.0,0.0,0.087029,-0.155556,-0.015409,0.0,0.0,-0.107175,0.034,0.0,0.0,30-39,static,Sub-Inspector,election duty,0
0.431143,0.366677,0.390562,0.418927,0.0,0.0,0.244444,0.2,0.332214,0.366827,0.383997,0.390534,0.25,0.25,0.25,0.25,0.0,0.2,0.277778,0.138889,0.406586,0.420377,0.364111,0.370697,0.3525,0.34396,0.384813,0.447007,0.0,0.0,0.0,0.0,0.0,0.0,0.0,0.0,0.012216,-0.2,-0.05832,0.0,-0.138889,0.035889,-0.094507,0.0,0.0,under-30,static,Head Constable,law and order deployment,0
0.4624,0.39058,0.338583,0.315994,0.0,0.0,0.0,0.111111,0.3244,0.36273,0.335219,0.356289,0.25,0.25,0.25,0.25,0.0,0.0,0.0,0.0,0.408471,0.364257,0.312869,0.293889,0.3741,0.3741,0.344528,0.352822,0.350529,0.31924,0.322249,0.325543,0.0,0.0,0.0,0.0,0.146406,-0.111111,-0.031889,0.0,0.0,0.114583,0.021278,0.024985,0.0,30-39,static,Assistant Sub-Inspector,left-wing extremism area,0
0.324571,0.36896,0.389444,0.398783,0.0,0.0,0.0,0.0,0.301214,0.391647,0.368996,0.380275,0.25,0.25,0.25,0.25,0.0,0.0,0.0,0.077778,0.503371,0.509787,0.45906,0.399554,0.382,0.382,0.382061,0.421034,0.0,0.0,0.0,0.0,0.0,0.0,0.0,0.0,-0.074212,0.0,-0.079061,0.0,-0.077778,0.103817,-0.039034,0.0,0.0,30-39,static,Sub-Inspector,left-wing extremism area,0
0.5114,0.441247,0.379721,0.378106,0.0,0.0,0.1,0.194444,0.4993,0.4923,0.411858,0.414479,0.25,0.25,0.25,0.25,0.0,0.0,0.0,0.0,0.324214,0.360957,0.398276,0.397674,0.2265,0.2265,0.431034,0.484973,0.345529,0.36234,0.361388,0.360989,0.0,0.0,0.0,0.0,0.133294,-0.194444,0.084821,0.0,0.0,-0.07346,-0.258473,-0.01546,0.0,30-39,static,Sub-Inspector,left-wing extremism area,0
0.301286,0.414,0.422051,0.426236,0.0,0.0,0.366667,0.2,0.414714,0.34922,0.435173,0.399292,0.25,0.25,0.25,0.25,0.0,0.0,0.0,0.0,0.403543,0.3568,0.337051,0.347973,0.4036,0.33448,0.285072,0.270611,0.0,0.0,0.0,0.0,0.0,0.0,0.0,0.0,-0.12495,-0.2,0.015423,0.0,0.0,0.05557,0.132989,0.0,0.0,40-plus,static,Inspector,internal security duty,0
0.5215,0.516807,0.398346,0.382702,0.0,0.0,0.0,0.138889,0.507,0.366943,0.432707,0.415688,0.25,0.25,0.25,0.25,0.0,0.0,0.155556,0.077778,0.4786,0.407297,0.373884,0.410237,0.403843,0.552007,0.508018,0.47756,0.342643,0.29882,0.349113,0.361543,0.0,0.0,0.0,0.0,0.138798,-0.138889,0.091312,0.0,-0.077778,0.068363,-0.073717,-0.0189,0.0,30-39,static,Assistant Sub-Inspector,election duty,0
0.448614,0.352717,0.365759,0.381151,0.0,0.0,0.0,0.0,0.393114,0.27472,0.341793,0.335101,0.25,0.25,0.25,0.25,0.0,0.0,0.0,0.138889,0.433514,0.388007,0.398826,0.346893,0.2336,0.38765,0.468617,0.488858,0.0,0.0,0.0,0.0,0.0,0.0,0.0,0.0,0.067464,0.0,0.058014,0.0,-0.138889,0.086622,-0.255258,0.0,0.0,under-30,static,Head Constable,left-wing extremism area,0
0.365057,0.390013,0.448391,0.423647,0.0,0.0,0.0,0.194444,0.5255,0.448673,0.455562,0.460842,0.25,0.25,0.25,0.25,0.0,0.0,0.0,0.061111,0.3811,0.38049,0.416098,0.391315,0.5923,0.5923,0.591573,0.533947,0.0,0.0,0.0,0.0,0.0,0.0,0.0,0.0,-0.05859,-0.194444,0.064658,0.0,-0.061111,-0.010215,0.058353,0.0,0.0,30-39,static,Sub-Inspector,group centre,0
0.4432,0.33005,0.366938,0.358694,0.0,0.0,0.0,0.0,0.2432,0.261343,0.380163,0.350556,0.75,0.75,0.75,0.75,0.0,0.0,0.011111,0.077778,0.434186,0.32944,0.363136,0.361232,0.3763,0.3863,0.297847,0.302477,0.0,0.0,0.0,0.0,0.0,0.0,0.0,0.0,0.084506,0.0,-0.107356,0.0,-0.077778,0.072954,0.073823,0.0,0.0,40-plus,static,Assistant Commandant,election duty,0
0.416457,0.3415,0.344178,0.352574,0.0,0.0,0.0,0.0,0.416414,0.328067,0.352341,0.349456,0.75,0.75,0.75,0.75,0.0,0.0,0.0,0.077778,0.2678,0.305667,0.377021,0.363993,0.2986,0.25747,0.19349,0.24702,0.0,0.0,0.0,0.0,0.0,0.0,0.0,0.0,0.063883,0.0,0.066959,0.0,-0.077778,-0.096193,0.05158,0.0,0.0,40-plus,static,Assistant Commandant,group centre,0
0.338929,0.357873,0.348669,0.360843,0.0,0.0,0.0,0.105556,0.333571,0.362503,0.395041,0.396487,0.25,0.25,0.25,0.25,0.0,0.0,0.0,0.0,0.425,0.391807,0.390889,0.420887,0.4466,0.4466,0.257898,0.358927,0.365529,0.368427,0.378108,0.371909,0.0,0.0,0.0,0.0,-0.021915,-0.105556,-0.062916,0.0,0.0,0.004113,0.087673,-0.00638,0.0,under-30,static,Constable,election duty,0
0.514171,0.355417,0.354723,0.323921,0.0,0.0,0.333333,0.166667,0.410371,0.33187,0.375068,0.337284,0.25,0.25,0.25,0.25,0.0,0.0,0.155556,0.077778,0.171014,0.231143,0.292918,0.308321,0.3471,0.3471,0.3471,0.3471,0.246686,0.277827,0.308312,0.306701,0.0,0.0,0.0,0.0,0.19025,-0.166667,0.073087,0.0,-0.077778,-0.137306,0.0,-0.060015,0.0,40-plus,static,Inspector,election duty,0
0.350171,0.34181,0.328579,0.368831,0.0,0.0,0.366667,0.183333,0.367029,0.390203,0.37567,0.351231,0.25,0.25,0.25,0.25,0.0,0.3,0.155556,0.077778,0.3952,0.382537,0.431882,0.377922,0.1203,0.1203,0.307567,0.342667,0.0,0.0,0.0,0.0,0.0,0.0,0.0,0.0,-0.018659,-0.183333,0.015798,0.0,-0.077778,0.017278,-0.222367,0.0,0.0,30-39,static,Assistant Sub-Inspector,internal security duty,0
0.447371,0.394597,0.463483,0.454206,0.0,0.0,0.0,0.216667,0.433371,0.393507,0.396708,0.393243,0.25,0.25,0.25,0.25,0.0,0.033333,0.3,0.155556,0.3143,0.441027,0.408816,0.447322,0.5084,0.520957,0.493452,0.506526,0.0,0.0,0.0,0.0,0.0,0.0,0.0,0.0,-0.006835,-0.216667,0.040128,0.0,-0.155556,-0.133022,0.001874,0.0,0.0,under-30,static,Constable,internal security duty,0
0.371514,0.354407,0.318618,0.337971,0.0,0.0,0.0,0.172222,0.4166,0.37008,0.348391,0.370472,0.25,0.25,0.25,0.25,0.0,0.0,0.0,0.0,0.5095,0.438553,0.369104,0.343112,0.0,0.0,0.0,0.234149,0.0,0.0,0.0,0.0,0.0,0.0,0.0,0.0,0.033543,-0.172222,0.046128,0.0,0.0,0.166388,-0.234149,0.0,0.0,40-plus,static,Inspector,left-wing extremism area,0
0.537529,0.55519,0.525108,0.487451,0.0,0.0,0.0,0.233333,0.346914,0.413347,0.432196,0.430333,0.25,0.25,0.25,0.25,0.0,0.0,0.0,0.0,0.403871,0.505967,0.518109,0.508989,0.0,0.0,0.0,0.0,0.409671,0.367937,0.40899,0.406038,0.0,0.0,0.0,0.0,0.050077,-0.233333,-0.083419,0.0,0.0,-0.105117,0.0,0.003634,0.0,40-plus,static,Inspector,law and order deployment,0
0.3385,0.458607,0.435632,0.404618,0.0,0.0,0.0,0.2,0.3506,0.393353,0.392071,0.385634,0.75,0.75,0.75,0.75,0.0,0.0,0.155556,0.155556,0.2656,0.347307,0.348012,0.368329,0.463,0.463,0.444637,0.335768,0.0,0.0,0.0,0.0,0.0,0.0,0.0,0.0,-0.066118,-0.2,-0.035034,0.0,-0.155556,-0.102729,0.127232,0.0,0.0,under-30,static,Constable,left-wing extremism area,0
0.262857,0.38182,0.419539,0.402997,0.0,0.0,0.266667,0.183333,0.2172,0.284307,0.351489,0.381004,0.75,0.75,0.75,0.75,0.0,0.0,0.0,0.077778,0.432229,0.396197,0.394567,0.390756,0.2563,0.2563,0.346383,0.411702,0.330986,0.299537,0.323046,0.325518,0.0,0.0,0.0,0.0,-0.14014,-0.183333,-0.163804,0.0,-0.077778,0.041472,-0.155402,0.005468,0.0,40-plus,static,Assistant Commandant,election duty,0
0.2343,0.29248,0.37047,0.340309,0.0,0.0,0.0,0.011111,0.348543,0.40853,0.350834,0.343816,0.25,0.25,0.25,0.25,0.0,0.0,0.0,0.077778,0.258586,0.21521,0.286864,0.293046,0.0,0.0,0.0,0.0,0.0,0.0,0.0,0.0,0.0,0.0,0.0,0.0,-0.106009,-0.011111,0.004727,0.0,-0.077778,-0.03446,0.0,0.0,0.0,40-plus,static,Assistant Commandant,election duty,0
0.3641,0.33195,0.399312,0.402415,0.0,0.0,0.0,0.0,0.519829,0.516863,0.465247,0.417896,0.25,0.25,0.25,0.25,0.0,0.0,0.0,0.0,0.2314,0.234177,0.299433,0.348603,0.505643,0.375782,0.375782,0.375782,0.0,0.0,0.0,0.0,0.0,0.0,0.0,0.0,-0.038315,0.0,0.101932,0.0,0.0,-0.117203,0.129861,0.0,0.0,30-39,static,Sub-Inspector,group centre,0
0.315086,0.397533,0.457522,0.445368,0.0,0.633333,0.877778,0.438889,0.3439,0.44192,0.436683,0.453098,0.75,0.75,0.75,0.75,0.0,0.0,0.0,0.077778,0.347029,0.467463,0.471898,0.47103,0.0,0.0,0.0,0.0,0.0,0.0,0.0,0.0,0.0,0.0,0.0,0.0,-0.130282,-0.438889,-0.109198,0.0,-0.077778,-0.124001,0.0,0.0,0.0,40-plus,static,Inspector,election duty,1
0.3996,0.393347,0.379919,0.389246,0.0,0.0,0.0,0.0,0.2903,0.31023,0.397749,0.424793,0.75,0.75,0.75,0.75,0.0,0.0,0.0,0.077778,0.417029,0.338507,0.404579,0.391654,0.0,0.0,0.0,0.0,0.337557,0.350443,0.401457,0.398607,0.0,0.0,0.0,0.0,0.010354,0.0,-0.134493,0.0,-0.077778,0.025375,0.0,-0.06105,0.0,30-39,static,Sub-Inspector,law and order deployment,0
0.443186,0.516587,0.488819,0.4368,0.0,0.0,0.0,0.105556,0.555886,0.47754,0.443027,0.445968,0.75,0.75,0.75,0.75,0.0,0.0,0.0,0.077778,0.3243,0.36038,0.423844,0.42217,0.0,0.0,0.0,0.0,0.0,0.0,0.0,0.0,0.0,0.0,0.0,0.0,0.006386,-0.105556,0.109918,0.0,-0.077778,-0.09787,0.0,0.0,0.0,30-39,static,Assistant Sub-Inspector,left-wing extremism area,0
0.558,0.471773,0.412904,0.453683,0.0,0.0,0.466667,0.233333,0.470414,0.370307,0.393208,0.438142,0.75,0.75,0.75,0.75,0.0,0.0,0.0,0.0,0.415657,0.50215,0.492704,0.497484,0.0,0.0,0.0,0.0,0.411329,0.391943,0.413966,0.408381,0.0,0.0,0.0,0.0,0.104317,-0.233333,0.032273,0.0,0.0,-0.081827,0.0,0.002948,0.0,30-39,static,Assistant Sub-Inspector,internal security duty,0
0.418,0.346697,0.344607,0.331755,0.0,0.0,0.0,0.0,0.257343,0.35463,0.318811,0.313735,0.25,0.25,0.25,0.25,0.0,0.0,0.0,0.0,0.363286,0.35399,0.339991,0.309444,0.0,0.0,0.0,0.0,0.307186,0.281057,0.309734,0.311171,0.0,0.0,0.0,0.0,0.086245,0.0,-0.056392,0.0,0.0,0.053842,0.0,-0.003985,0.0,30-39,static,Assistant Sub-Inspector,left-wing extremism area,0
0.272029,0.37101,0.348719,0.334634,0.0,0.0,0.055556,0.183333,0.491743,0.45977,0.372288,0.381102,0.25,0.25,0.25,0.25,0.0,0.0,0.0,0.0,0.484986,0.38455,0.390727,0.369754,0.2139,0.252037,0.320312,0.307024,0.315471,0.320527,0.338052,0.342474,0.0,0.0,0.0,0.0,-0.062605,-0.183333,0.110641,0.0,0.0,0.115231,-0.093124,-0.027002,0.0,30-39,static,Sub-Inspector,group centre,0
0.373257,0.383683,0.414669,0.420453,0.0,0.0,0.0,0.0,0.5312,0.56473,0.494216,0.485248,0.25,0.25,0.25,0.25,0.0,0.466667,0.155556,0.077778,0.5331,0.53918,0.461597,0.475999,0.7457,0.7457,0.7457,0.622412,0.0,0.0,0.0,0.0,0.0,0.0,0.0,0.0,-0.047196,0.0,0.045952,0.0,-0.077778,0.057101,0.123288,0.0,0.0,30-39,static,Assistant Sub-Inspector,internal security duty,0
0.4597,0.432777,0.452292,0.420601,0.857143,0.966667,0.455556,0.227778,0.518557,0.435577,0.418947,0.414635,0.75,0.75,0.75,0.75,0.0,0.0,0.111111,0.127778,0.510557,0.390307,0.414657,0.421497,0.0,0.0,0.0,0.0,0.5031,0.42391,0.430654,0.431069,0.0,0.0,0.0,0.0,0.039099,0.629365,0.103922,0.0,-0.127778,0.08906,0.0,0.072031,0.0,30-39,static,Head Constable,law and order deployment,0
0.3749,0.5107,0.463331,0.436357,0.0,0.0,0.366667,0.211111,0.4397,0.443087,0.383032,0.393123,0.25,0.25,0.25,0.25,0.0,0.0,0.0,0.0,0.541229,0.47856,0.42513,0.409176,0.5243,0.493247,0.478782,0.375471,0.0,0.0,0.0,0.0,0.0,0.0,0.0,0.0,-0.061457,-0.211111,0.046577,0.0,0.0,0.132052,0.148829,0.0,0.0,40-plus,static,Inspector,group centre,0
0.4495,0.435223,0.429718,0.401238,0.0,0.0,0.0,0.0,0.2785,0.4165,0.427756,0.403139,0.25,0.25,0.25,0.25,0.0,0.466667,0.155556,0.077778,0.385329,0.380607,0.384767,0.396349,0.317357,0.31688,0.320107,0.34097,0.0,0.0,0.0,0.0,0.0,0.0,0.0,0.0,0.048262,0.0,-0.124639,0.0,-0.077778,-0.011021,-0.023613,0.0,0.0,40-plus,static,Inspector,internal security duty,0
0.5272,0.479993,0.432544,0.409051,0.0,0.0,0.0,0.105556,0.499914,0.490413,0.399292,0.386067,0.25,0.25,0.25,0.25,0.0,0.0,0.155556,0.077778,0.497843,0.429667,0.370739,0.382318,0.0,0.0,0.0,0.0,0.0,0.0,0.0,0.0,0.0,0.0,0.0,0.0,0.118149,-0.105556,0.113848,0.0,-0.077778,0.115525,0.0,0.0,0.0,30-39,static,Assistant Sub-Inspector,left-wing extremism area,0
0.4074,0.312767,0.313117,0.319727,0.0,0.0,0.0,0.172222,0.2534,0.337123,0.345932,0.361268,0.25,0.25,0.25,0.25,0.0,0.0,0.0,0.077778,0.2107,0.33769,0.350554,0.346882,0.5214,0.5214,0.503682,0.452354,0.359471,0.332457,0.345234,0.338984,0.0,0.0,0.0,0.0,0.087673,-0.172222,-0.107868,0.0,-0.077778,-0.136182,0.069046,0.020487,0.0,40-plus,static,Sub-Inspector,group centre,0
0.3904,0.378913,0.434878,0.440775,0.0,0.0,0.0,0.227778,0.572,0.521263,0.493693,0.472581,0.75,0.75,0.75,0.75,0.0,0.433333,0.155556,0.077778,0.519,0.533107,0.517236,0.459486,0.0,0.0,0.0,0.0,0.0,0.0,0.0,0.0,0.0,0.0,0.0,0.0,-0.050375,-0.227778,0.099419,0.0,-0.077778,0.059514,0.0,0.0,0.0,40-plus,static,Sub-Inspector,group centre,0
0.365814,0.32596,0.34934,0.351897,0.0,0.0,0.0,0.061111,0.454971,0.35318,0.309257,0.345251,0.75,0.75,0.75,0.75,0.0,0.0,0.0,0.077778,0.4439,0.306867,0.333021,0.346196,0.2701,0.2701,0.2701,0.288733,0.364729,0.34531,0.370769,0.354104,0.0,0.0,0.0,0.0,0.013918,-0.061111,0.109721,0.0,-0.077778,0.097704,-0.018633,0.010624,0.0,40-plus,static,Inspector,left-wing extremism area,0
0.331614,0.32461,0.386739,0.376892,0.0,0.0,0.0,0.0,0.4897,0.465267,0.403003,0.420635,0.25,0.25,0.25,0.25,0.0,0.0,0.0,0.0,0.454343,0.33545,0.354178,0.371736,0.0,0.0,0.0,0.0,0.398714,0.33664,0.354377,0.346791,0.0,0.0,0.0,0.0,-0.045278,0.0,0.069065,0.0,0.0,0.082607,0.0,0.051923,0.0,30-39,static,Assistant Sub-Inspector,group centre,0
0.514029,0.485233,0.404443,0.412048,0.0,0.0,0.0,0.177778,0.5046,0.504523,0.424056,0.435349,0.25,0.25,0.25,0.25,0.0,0.0,0.155556,0.155556,0.486,0.475363,0.423604,0.401444,0.3478,0.3478,0.361522,0.489281,0.0,0.0,0.0,0.0,0.0,0.0,0.0,0.0,0.10198,-0.177778,0.069251,0.0,-0.155556,0.084556,-0.141481,0.0,0.0,40-plus,static,Sub-Inspector,law and order deployment,0
0.2843,0.292417,0.315417,0.293712,0.0,0.0,0.0,0.0,0.3146,0.296777,0.301832,0.313672,0.25,0.25,0.25,0.25,0.0,0.0,0.155556,0.077778,0.1938,0.327473,0.34498,0.351037,0.2179,0.2179,0.120489,0.227461,0.0,0.0,0.0,0.0,0.0,0.0,0.0,0.0,-0.009412,0.0,0.000928,0.0,-0.077778,-0.157237,-0.009561,0.0,0.0,30-39,static,Assistant Sub-Inspector,left-wing extremism area,0
0.3366,0.479663,0.396077,0.364592,0.0,0.0,0.0,0.188889,0.352286,0.42641,0.374382,0.373257,0.25,0.25,0.25,0.25,0.0,0.0,0.0,0.0,0.483086,0.353913,0.360887,0.352561,0.0,0.0,0.0,0.0,0.0,0.0,0.0,0.0,0.0,0.0,0.0,0.0,-0.027992,-0.188889,-0.020971,0.0,0.0,0.130525,0.0,0.0,0.0,30-39,static,Assistant Sub-Inspector,law and order deployment,0
0.653857,0.661603,0.539901,0.435204,0.3286,0.3286,0.222718,0.278026,0.692971,0.620453,0.548972,0.432636,0.75,0.75,0.75,0.75,0.0,0.0,0.0,0.0,0.6421,0.627513,0.52942,0.432457,0.0,0.0,0.0,0.0,0.0,0.0,0.0,0.0,0.0,0.0,0.0,0.0,0.218653,0.050574,0.260336,0.0,0.0,0.209643,0.0,0.0,0.0,40-plus,surged,Assistant Commandant,internal security duty,0
0.3692,0.382063,0.399408,0.397452,0.0,0.0,0.0,0.2,0.303686,0.335963,0.390198,0.381678,0.25,0.25,0.25,0.25,0.0,0.0,0.0,0.0,0.5132,0.504327,0.448554,0.426431,0.0,0.0,0.0,0.0,0.360057,0.33006,0.34644,0.362388,0.0,0.0,0.0,0.0,-0.028252,-0.2,-0.077992,0.0,0.0,0.086769,0.0,-0.002331,0.0,40-plus,static,Inspector,internal security duty,0
0.334757,0.3152,0.356989,0.394325,0.0,0.0,0.0,0.2,0.326543,0.373297,0.419583,0.405926,0.25,0.25,0.25,0.25,0.0,0.0,0.0,0.0,0.323214,0.415883,0.423191,0.397053,0.3448,0.338503,0.299043,0.332024,0.0,0.0,0.0,0.0,0.0,0.0,0.0,0.0,-0.059568,-0.2,-0.079383,0.0,0.0,-0.073838,0.012776,0.0,0.0,30-39,static,Assistant Sub-Inspector,group centre,0
0.276986,0.409437,0.43347,0.389935,0.0,0.0,0.222222,0.194444,0.347886,0.34606,0.342652,0.374133,0.25,0.25,0.25,0.25,0.0,0.0,0.0,0.0,0.314471,0.409133,0.407661,0.389717,0.0,0.0,0.0,0.0,0.0,0.0,0.0,0.0,0.0,0.0,0.0,0.0,-0.112949,-0.194444,-0.026248,0.0,0.0,-0.075246,0.0,0.0,0.0,30-39,static,Sub-Inspector,law and order deployment,0
0.340986,0.319487,0.37561,0.384306,0.0,0.0,0.0,0.0,0.3409,0.460647,0.401661,0.403328,0.25,0.25,0.25,0.25,0.0,0.0,0.0,0.0,0.349257,0.408817,0.39633,0.401271,0.4998,0.427323,0.420939,0.427225,0.357257,0.317927,0.351686,0.362061,0.0,0.0,0.0,0.0,-0.04332,0.0,-0.062428,0.0,0.0,-0.052013,0.072575,-0.004803,0.0,40-plus,static,Assistant Commandant,election duty,0
0.4358,0.524167,0.474569,0.50657,0.0,0.6,0.466667,0.233333,0.415857,0.480253,0.468283,0.443386,0.25,0.25,0.25,0.25,0.0,0.0,0.0,0.0,0.360043,0.448573,0.463642,0.476745,0.2946,0.2946,0.383811,0.501714,0.0,0.0,0.0,0.0,0.0,0.0,0.0,0.0,-0.07077,-0.233333,-0.027529,0.0,0.0,-0.116702,-0.207114,0.0,0.0,under-30,static,Head Constable,left-wing extremism area,0
0.454943,0.449177,0.409713,0.362167,0.0,0.0,0.244444,0.172222,0.2814,0.31715,0.351004,0.337342,0.75,0.75,0.75,0.75,0.0,0.0,0.0,0.0,0.365571,0.28299,0.370036,0.366663,0.425657,0.471447,0.491682,0.470147,0.0,0.0,0.0,0.0,0.0,0.0,0.0,0.0,0.092776,-0.172222,-0.055942,0.0,0.0,-0.001092,-0.04449,0.0,0.0,under-30,static,Head Constable,internal security duty,0
0.537029,0.44714,0.417841,0.454154,0.0,0.0,0.344444,0.227778,0.4749,0.460213,0.456908,0.446932,0.75,0.75,0.75,0.75,0.0,0.0,0.0,0.0,0.5524,0.438833,0.440111,0.421558,0.0,0.0,0.0,0.0,0.448486,0.378073,0.398607,0.413653,0.0,0.0,0.0,0.0,0.082875,-0.227778,0.027968,0.0,0.0,0.130842,0.0,0.034832,0.0,40-plus,static,Inspector,group centre,0
0.387586,0.42804,0.381211,0.338419,0.0,0.0,0.0,0.0,0.479,0.455877,0.351726,0.369332,0.25,0.25,0.25,0.25,0.0,0.0,0.0,0.0,0.395371,0.34999,0.338066,0.34025,0.0,0.0,0.0,0.0,0.0,0.0,0.0,0.0,0.0,0.0,0.0,0.0,0.049166,0.0,0.109668,0.0,0.0,0.055121,0.0,0.0,0.0,40-plus,static,Inspector,left-wing extremism area,0
0.511614,0.36527,0.349082,0.343954,0.0,0.0,0.333333,0.166667,0.444257,0.322727,0.338919,0.355528,0.75,0.75,0.75,0.75,0.0,0.0,0.0,0.0,0.4577,0.45063,0.357111,0.377348,0.3971,0.3971,0.32821,0.382177,0.311829,0.28036,0.325833,0.330767,0.0,0.0,0.0,0.0,0.16766,-0.166667,0.088729,0.0,0.0,0.080352,0.014923,-0.018939,0.0,40-plus,static,Assistant Commandant,group centre,0
0.404457,0.328923,0.338432,0.302143,0.0,0.0,0.3,0.166667,0.2312,0.294097,0.331254,0.326937,0.25,0.25,0.25,0.25,0.0,0.0,0.0,0.0,0.355857,0.409487,0.351339,0.326377,0.3475,0.3475,0.3475,0.328701,0.387214,0.309693,0.308711,0.307171,0.0,0.0,0.0,0.0,0.102314,-0.166667,-0.095737,0.0,0.0,0.02948,0.018799,0.080044,0.0,40-plus,static,Inspector,left-wing extremism area,0
0.524157,0.484827,0.417196,0.414814,0.0,0.0,0.0,0.216667,0.4542,0.375687,0.414038,0.402018,0.25,0.25,0.25,0.25,0.0,0.0,0.0,0.077778,0.5437,0.392907,0.397694,0.384977,0.5538,0.3863,0.291954,0.291954,0.0,0.0,0.0,0.0,0.0,0.0,0.0,0.0,0.109343,-0.216667,0.052182,0.0,-0.077778,0.158723,0.261846,0.0,0.0,under-30,static,Constable,law and order deployment,0
0.468386,0.508547,0.419527,0.427983,0.0,0.0,0.422222,0.211111,0.315,0.433547,0.344264,0.375313,0.25,0.25,0.25,0.25,0.0,0.0,0.311111,0.155556,0.396857,0.476807,0.400653,0.411372,0.0,0.0,0.0,0.0,0.0,0.0,0.0,0.0,0.0,0.0,0.0,0.0,0.040403,-0.211111,-0.060313,0.0,-0.155556,-0.014515,0.0,0.0,0.0,40-plus,static,Assistant Commandant,left-wing extremism area,0
0.4879,0.372813,0.324953,0.325594,0.0,0.0,0.0,0.138889,0.451414,0.332363,0.36041,0.368128,0.25,0.25,0.25,0.25,0.0,0.0,0.0,0.0,0.256329,0.385693,0.397796,0.366145,0.0,0.0,0.0,0.0,0.308186,0.273067,0.303642,0.320058,0.0,0.0,0.0,0.0,0.162306,-0.138889,0.083287,0.0,0.0,-0.109816,0.0,-0.011872,0.0,30-39,static,Head Constable,internal security duty,0
0.494343,0.449537,0.458676,0.463355,0.0,0.666667,0.455556,0.227778,0.4636,0.43291,0.460314,0.437893,0.75,0.75,0.75,0.75,0.0,0.0,0.155556,0.127778,0.336,0.473417,0.464939,0.445073,0.4897,0.4897,0.49758,0.55829,0.0,0.0,0.0,0.0,0.0,0.0,0.0,0.0,0.030988,-0.227778,0.025707,0.0,-0.127778,-0.109073,-0.06859,0.0,0.0,40-plus,static,Inspector,law and order deployment,0
0.358386,0.297593,0.313462,0.342221,0.0,0.0,0.344444,0.172222,0.373571,0.417957,0.357663,0.349162,0.25,0.25,0.25,0.25,0.0,0.0,0.055556,0.077778,0.4492,0.42451,0.359716,0.325872,0.197,0.197,0.196813,0.195857,0.0,0.0,0.0,0.0,0.0,0.0,0.0,0.0,0.016165,-0.172222,0.02441,0.0,-0.077778,0.123328,0.001143,0.0,0.0,under-30,static,Constable,law and order deployment,0
0.366229,0.392223,0.384621,0.370166,0.0,0.366667,0.388889,0.194444,0.356143,0.400937,0.376791,0.380754,0.25,0.25,0.25,0.25,0.0,0.0,0.155556,0.155556,0.198886,0.395083,0.399843,0.381594,0.2356,0.30619,0.415997,0.389334,0.0,0.0,0.0,0.0,0.0,0.0,0.0,0.0,-0.003937,-0.194444,-0.024611,0.0,-0.155556,-0.182709,-0.153734,0.0,0.0,40-plus,static,Inspector,internal security duty,0
0.463457,0.345343,0.357957,0.343898,0.0,0.0,0.277778,0.183333,0.452857,0.436173,0.381552,0.363041,0.25,0.25,0.25,0.25,0.0,0.1,0.155556,0.077778,0.352757,0.405233,0.345524,0.361416,0.3249,0.2864,0.235067,0.294966,0.0,0.0,0.0,0.0,0.0,0.0,0.0,0.0,0.119559,-0.183333,0.089816,0.0,-0.077778,-0.008658,0.029934,0.0,0.0,40-plus,static,Assistant Commandant,group centre,0
0.4194,0.391937,0.412428,0.389331,0.0,0.0,0.366667,0.183333,0.2028,0.34465,0.426499,0.390361,0.25,0.25,0.25,0.25,0.0,0.0,0.0,0.0,0.256814,0.348953,0.345046,0.368485,0.0,0.0,0.0,0.0,0.0,0.0,0.0,0.0,0.0,0.0,0.0,0.0,0.030069,-0.183333,-0.187561,0.0,0.0,-0.111671,0.0,0.0,0.0,40-plus,static,Assistant Commandant,group centre,0
0.331586,0.297233,0.355013,0.344891,0.0,0.0,0.0,0.166667,0.365057,0.349167,0.328096,0.336582,0.25,0.25,0.25,0.25,0.0,0.0,0.0,0.0,0.442029,0.439137,0.365153,0.335063,0.349429,0.367193,0.348758,0.301258,0.358743,0.30443,0.331692,0.330065,0.0,0.0,0.0,0.0,-0.013305,-0.166667,0.028475,0.0,0.0,0.106966,0.048171,0.028678,0.0,40-plus,static,Assistant Commandant,internal security duty,0
0.286457,0.321437,0.356357,0.410161,0.0,0.0,0.0,0.194444,0.375543,0.38748,0.368813,0.392093,0.75,0.75,0.75,0.75,0.0,0.0,0.0,0.077778,0.408943,0.39598,0.366909,0.374971,0.4981,0.4981,0.508124,0.489903,0.0,0.0,0.0,0.0,0.0,0.0,0.0,0.0,-0.123704,-0.194444,-0.01655,0.0,-0.077778,0.033972,0.008197,0.0,0.0,30-39,static,Head Constable,election duty,0
0.381886,0.389863,0.40749,0.390087,0.0,0.0,0.0,0.033333,0.3881,0.50129,0.391288,0.373702,0.25,0.25,0.25,0.25,0.0,0.466667,0.155556,0.077778,0.508729,0.308203,0.382863,0.351209,0.4622,0.4622,0.4622,0.4622,0.0,0.0,0.0,0.0,0.0,0.0,0.0,0.0,-0.008201,-0.033333,0.014398,0.0,-0.077778,0.15752,0.0,0.0,0.0,40-plus,static,Assistant Commandant,group centre,0
0.765729,0.786287,0.663201,0.584968,0.2003,0.2003,0.135759,0.412324,0.857257,0.763203,0.689868,0.612509,0.25,0.25,0.25,0.25,0.0,0.0,0.0,0.0,0.633,0.64702,0.590534,0.548457,0.7544,0.648333,0.566671,0.586475,0.496043,0.462307,0.498823,0.489381,0.0,0.0,0.0,0.0,0.18076,-0.212024,0.244748,0.0,0.0,0.084543,0.167925,0.006662,0.0,40-plus,surged,Assistant Commandant,internal security duty,1
0.5558,0.4657,0.482178,0.515279,0.0,0.333333,0.688889,0.511111,0.584243,0.539617,0.561989,0.532717,0.25,0.25,0.25,0.25,0.0,0.0,0.155556,0.077778,0.625114,0.546857,0.532383,0.529374,0.0,0.0,0.0,0.0,0.461443,0.458707,0.45024,0.446553,0.0,0.0,0.0,0.0,0.040521,-0.511111,0.051526,0.0,-0.077778,0.09574,0.0,0.01489,0.0,40-plus,static,Assistant Commandant,left-wing extremism area,1
0.332314,0.28554,0.385824,0.431444,0.0,0.0,0.344444,0.2,0.383329,0.395743,0.400969,0.406698,0.25,0.25,0.25,0.25,0.0,0.0,0.0,0.0,0.2688,0.416393,0.405077,0.382677,0.2964,0.2964,0.286378,0.285689,0.0,0.0,0.0,0.0,0.0,0.0,0.0,0.0,-0.09913,-0.2,-0.02337,0.0,0.0,-0.113877,0.010711,0.0,0.0,under-30,static,Constable,election duty,0
0.2951,0.27691,0.309461,0.315123,0.0,0.0,0.077778,0.166667,0.2561,0.265627,0.321809,0.332443,0.25,0.25,0.25,0.25,0.0,0.0,0.0,0.077778,0.211757,0.369493,0.307262,0.317076,0.0,0.0,0.0,0.0,0.3915,0.321877,0.324987,0.312021,0.0,0.0,0.0,0.0,-0.020023,-0.166667,-0.076343,0.0,-0.077778,-0.105319,0.0,0.079479,0.0,40-plus,static,Inspector,law and order deployment,0
0.453086,0.457163,0.420309,0.420728,0.0,0.0,0.0,0.227778,0.384529,0.44912,0.443184,0.449328,0.25,0.25,0.25,0.25,0.0,0.0,0.0,0.0,0.5477,0.398627,0.464796,0.43849,0.5426,0.485537,0.456446,0.451302,0.429786,0.41154,0.422,0.418986,0.0,0.0,0.0,0.0,0.032358,-0.227778,-0.064799,0.0,0.0,0.10921,0.091298,0.0108,0.0,30-39,static,Assistant Sub-Inspector,internal security duty,0
0.431886,0.49064,0.471072,0.436362,0.1804,0.1804,0.122271,0.061136,0.451171,0.539113,0.507742,0.397732,0.25,0.25,0.25,0.25,0.0,0.0,0.0,0.077778,0.415657,0.448497,0.394626,0.361001,0.2567,0.27878,0.321327,0.357801,0.323386,0.335657,0.344232,0.341929,0.0,0.0,0.0,0.0,-0.004477,0.119264,0.05344,0.0,-0.077778,0.054656,-0.101101,-0.018543,0.0,40-plus,surged,Assistant Commandant,internal security duty,0
0.526686,0.49028,0.464439,0.46307,0.0,0.0,0.0,0.2,0.2969,0.350053,0.371194,0.400337,0.25,0.25,0.25,0.25,0.0,0.0,0.155556,0.077778,0.365657,0.35096,0.378288,0.387109,0.0,0.0,0.0,0.0,0.0,0.0,0.0,0.0,0.0,0.0,0.0,0.0,0.063616,-0.2,-0.103437,0.0,-0.077778,-0.021452,0.0,0.0,0.0,30-39,static,Assistant Sub-Inspector,election duty,0
0.444471,0.38887,0.341509,0.332816,0.0,0.0,0.0,0.0,0.490071,0.429663,0.351413,0.353971,0.25,0.25,0.25,0.25,0.0,0.0,0.0,0.0,0.252643,0.34766,0.408532,0.411233,0.3365,0.3365,0.3365,0.384785,0.357829,0.326043,0.370078,0.365634,0.0,0.0,0.0,0.0,0.111656,0.0,0.1361,0.0,0.0,-0.15859,-0.048285,-0.007805,0.0,40-plus,static,Sub-Inspector,election duty,0
0.413486,0.483413,0.46616,0.454366,0.0,0.0,0.0,0.233333,0.354671,0.49394,0.44744,0.447729,0.25,0.25,0.25,0.25,0.0,0.0,0.0,0.0,0.419629,0.435393,0.474321,0.465741,0.0,0.0,0.0,0.0,0.0,0.0,0.0,0.0,0.0,0.0,0.0,0.0,-0.04088,-0.233333,-0.093058,0.0,0.0,-0.046112,0.0,0.0,0.0,40-plus,static,Inspector,group centre,0
0.390543,0.404143,0.349612,0.333941,0.0,0.0,0.188889,0.194444,0.5081,0.478417,0.400384,0.406766,0.25,0.25,0.25,0.25,0.0,0.0,0.0,0.0,0.321,0.42393,0.401988,0.382664,0.4022,0.4022,0.363959,0.329279,0.0,0.0,0.0,0.0,0.0,0.0,0.0,0.0,0.056602,-0.194444,0.101334,0.0,0.0,-0.061664,0.072921,0.0,0.0,30-39,static,Head Constable,group centre,0
0.441543,0.38253,0.402286,0.381286,0.0,0.0,0.0,0.072222,0.373914,0.380643,0.341988,0.333756,0.25,0.25,0.25,0.25,0.0,0.0,0.0,0.0,0.4194,0.384373,0.395792,0.367634,0.0,0.0,0.0,0.0,0.283514,0.290133,0.336782,0.335456,0.0,0.0,0.0,0.0,0.060257,-0.072222,0.040159,0.0,0.0,0.051766,0.0,-0.051941,0.0,under-30,static,Constable,group centre,0
0.5437,0.452283,0.459881,0.421181,0.0,0.0,0.0,0.0,0.3145,0.36998,0.418789,0.417775,0.25,0.25,0.25,0.25,0.0,0.266667,0.155556,0.077778,0.6368,0.47327,0.424334,0.435321,0.236,0.236,0.372067,0.384907,0.0,0.0,0.0,0.0,0.0,0.0,0.0,0.0,0.122519,0.0,-0.103275,0.0,-0.077778,0.201479,-0.148907,0.0,0.0,30-39,static,Head Constable,internal security duty,0
0.433729,0.44289,0.420119,0.447543,0.0,0.0,0.0,0.211111,0.4912,0.422007,0.39097,0.398234,0.25,0.25,0.25,0.25,0.0,0.0,0.0,0.0,0.4225,0.400203,0.413196,0.411046,0.4621,0.4621,0.459401,0.455916,0.449129,0.405763,0.40676,0.39083,0.0,0.0,0.0,0.0,-0.013815,-0.211111,0.092966,0.0,0.0,0.011454,0.006184,0.058299,0.0,40-plus,static,Inspector,internal security duty,0
0.5542,0.427857,0.39948,0.398378,0.0,0.0,0.0,0.188889,0.3251,0.393387,0.353916,0.35698,0.25,0.25,0.25,0.25,0.0,0.0,0.0,0.0,0.319686,0.401007,0.389779,0.364594,0.0,0.0,0.0,0.0,0.354314,0.331917,0.362081,0.358238,0.0,0.0,0.0,0.0,0.155822,-0.188889,-0.03188,0.0,0.0,-0.044909,0.0,-0.003924,0.0,40-plus,static,Inspector,internal security duty,0
0.340286,0.347837,0.404993,0.411391,0.0,0.0,0.311111,0.216667,0.5065,0.409943,0.446156,0.435233,0.75,0.75,0.75,0.75,0.0,0.0,0.0,0.0,0.2375,0.39471,0.400326,0.441402,0.552086,0.56099,0.562797,0.563143,0.0,0.0,0.0,0.0,0.0,0.0,0.0,0.0,-0.071105,-0.216667,0.071267,0.0,0.0,-0.203902,-0.011057,0.0,0.0,30-39,static,Sub-Inspector,election duty,0
0.444571,0.34608,0.366011,0.381348,0.0,0.0,0.411111,0.205556,0.487529,0.474273,0.405484,0.405012,0.25,0.25,0.25,0.25,0.0,0.0,0.0,0.077778,0.536643,0.497867,0.408147,0.410429,0.571,0.571,0.490809,0.427873,0.0,0.0,0.0,0.0,0.0,0.0,0.0,0.0,0.063224,-0.205556,0.082516,0.0,-0.077778,0.126213,0.143127,0.0,0.0,40-plus,static,Sub-Inspector,left-wing extremism area,0
0.442014,0.341393,0.34546,0.342559,0.0,0.0,0.0,0.183333,0.3679,0.361233,0.354397,0.374965,0.75,0.75,0.75,0.75,0.0,0.0,0.0,0.155556,0.5241,0.34794,0.347131,0.348569,0.4126,0.4126,0.416476,0.385984,0.339414,0.29474,0.336806,0.342003,0.0,0.0,0.0,0.0,0.099455,-0.183333,-0.007065,0.0,-0.155556,0.175531,0.026616,-0.002589,0.0,30-39,static,Sub-Inspector,law and order deployment,0
0.5063,0.494507,0.475592,0.441451,0.0,0.0,0.033333,0.216667,0.314,0.432673,0.463502,0.407385,0.25,0.25,0.25,0.25,0.0,0.0,0.0,0.155556,0.494743,0.471687,0.416498,0.419037,0.520386,0.380923,0.374174,0.372487,0.0,0.0,0.0,0.0,0.0,0.0,0.0,0.0,0.064849,-0.216667,-0.093385,0.0,-0.155556,0.075706,0.147898,0.0,0.0,40-plus,static,Inspector,group centre,0
0.2425,0.302393,0.383617,0.408979,0.0,0.0,0.0,0.205556,0.5003,0.46173,0.421378,0.427442,0.25,0.25,0.25,0.25,0.0,0.0,0.155556,0.077778,0.477043,0.35367,0.45216,0.412772,0.5566,0.5566,0.52297,0.401697,0.398114,0.371467,0.391772,0.394496,0.0,0.0,0.0,0.0,-0.166479,-0.205556,0.072858,0.0,-0.077778,0.064271,0.154903,0.003618,0.0,30-39,static,Head Constable,internal security duty,0
0.5401,0.49065,0.452047,0.426196,0.0,0.0,0.0,0.127778,0.547371,0.430727,0.425102,0.41755,0.25,0.25,0.25,0.25,0.0,0.0,0.0,0.0,0.434814,0.343627,0.364656,0.392333,0.645,0.59444,0.528713,0.474213,0.406457,0.345983,0.362193,0.363136,0.0,0.0,0.0,0.0,0.113904,-0.127778,0.129821,0.0,0.0,0.042482,0.170787,0.043321,0.0,40-plus,static,Sub-Inspector,internal security duty,0
0.366671,0.413467,0.355886,0.350359,0.0,0.0,0.0,0.055556,0.182029,0.27964,0.327336,0.350492,0.75,0.75,0.75,0.75,0.0,0.0,0.0,0.0,0.4976,0.41855,0.34831,0.351438,0.163429,0.27764,0.270251,0.329521,0.295529,0.316397,0.324373,0.322231,0.0,0.0,0.0,0.0,0.016312,-0.055556,-0.168464,0.0,0.0,0.146162,-0.166093,-0.026703,0.0,30-39,static,Assistant Sub-Inspector,internal security duty,0
0.1801,0.20778,0.36475,0.366354,0.0,0.0,0.355556,0.177778,0.1756,0.286577,0.329147,0.346558,0.25,0.25,0.25,0.25,0.0,0.0,0.0,0.0,0.202186,0.30263,0.366074,0.383403,0.5499,0.5499,0.408844,0.384313,0.309229,0.319587,0.334808,0.333956,0.0,0.0,0.0,0.0,-0.186254,-0.177778,-0.170958,0.0,0.0,-0.181217,0.165587,-0.024727,0.0,40-plus,static,Sub-Inspector,left-wing extremism area,0
0.331714,0.36483,0.369594,0.381249,0.0,0.666667,0.366667,0.183333,0.279,0.265817,0.299191,0.304748,0.25,0.25,0.25,0.25,0.0,0.0,0.155556,0.077778,0.2815,0.27834,0.309031,0.303957,0.2052,0.2052,0.276133,0.234766,0.330657,0.32139,0.347167,0.357228,0.0,0.0,0.0,0.0,-0.049535,-0.183333,-0.025748,0.0,-0.077778,-0.022457,-0.029566,-0.026571,0.0,30-39,static,Sub-Inspector,group centre,0
0.4025,0.365937,0.344298,0.367247,0.0,0.0,0.0,0.194444,0.452671,0.396663,0.383273,0.377064,0.25,0.25,0.25,0.25,0.0,0.0,0.0,0.0,0.453857,0.401907,0.418709,0.402109,0.3829,0.3829,0.40134,0.450694,0.416843,0.320083,0.369423,0.366067,0.0,0.0,0.0,0.0,0.035253,-0.194444,0.075607,0.0,0.0,0.051748,-0.067794,0.050776,0.0,30-39,static,Assistant Sub-Inspector,election duty,0
0.236143,0.265143,0.314964,0.318929,0.0,0.0,0.0,0.161111,0.362043,0.336897,0.334136,0.333557,0.25,0.25,0.25,0.25,0.0,0.0,0.0,0.077778,0.2157,0.2903,0.269732,0.297024,0.1902,0.19866,0.22122,0.22686,0.3208,0.30374,0.317456,0.315381,0.0,0.0,0.0,0.0,-0.082787,-0.161111,0.028486,0.0,-0.077778,-0.081324,-0.03666,0.005419,0.0,40-plus,static,Sub-Inspector,internal security duty,0
0.266157,0.408307,0.360984,0.369031,0.0,0.0,0.0,0.194444,0.476129,0.40367,0.389083,0.380016,0.25,0.25,0.25,0.25,0.0,0.0,0.0,0.077778,0.373743,0.37742,0.398731,0.401843,0.2003,0.310337,0.395046,0.431653,0.0,0.0,0.0,0.0,0.0,0.0,0.0,0.0,-0.102874,-0.194444,0.096113,0.0,-0.077778,-0.0281,-0.231353,0.0,0.0,under-30,static,Head Constable,election duty,0
0.2715,0.36309,0.361147,0.395082,0.0,0.0,0.0,0.172222,0.255114,0.3136,0.361004,0.389924,0.75,0.75,0.75,0.75,0.0,0.0,0.0,0.0,0.4151,0.474807,0.41287,0.427151,0.3399,0.3399,0.3399,0.37284,0.0,0.0,0.0,0.0,0.0,0.0,0.0,0.0,-0.123582,-0.172222,-0.13481,0.0,0.0,-0.012051,-0.03294,0.0,0.0,30-39,static,Sub-Inspector,internal security duty,0
0.473629,0.561797,0.543593,0.447751,0.1743,0.1743,0.118137,0.059068,0.4678,0.57715,0.557156,0.481409,0.25,0.25,0.25,0.25,0.0,0.0,0.0,0.077778,0.579857,0.532923,0.492153,0.442524,0.479,0.543463,0.557823,0.549707,0.452986,0.345387,0.401073,0.394528,0.0,0.0,0.0,0.0,0.025878,0.115232,-0.013609,0.0,-0.077778,0.137333,-0.070707,0.058457,0.0,under-30,surged,Head Constable,internal security duty,0
0.3712,0.263817,0.255557,0.288902,0.0,0.0,0.311111,0.155556,0.233486,0.30862,0.323704,0.318668,0.25,0.25,0.25,0.25,0.0,0.466667,0.3,0.155556,0.369729,0.350647,0.345923,0.33322,0.3859,0.3859,0.315128,0.324906,0.0,0.0,0.0,0.0,0.0,0.0,0.0,0.0,0.082298,-0.155556,-0.085183,0.0,-0.155556,0.036509,0.060994,0.0,0.0,40-plus,static,Inspector,group centre,0
0.524043,0.48013,0.458639,0.470747,0.0,0.0,0.0,0.227778,0.5173,0.435677,0.446249,0.418149,0.25,0.25,0.25,0.25,0.0,0.0,0.0,0.0,0.462057,0.487247,0.431794,0.436361,0.0,0.0,0.0,0.0,0.0,0.0,0.0,0.0,0.0,0.0,0.0,0.0,0.053296,-0.227778,0.099151,0.0,0.0,0.025697,0.0,0.0,0.0,30-39,static,Assistant Sub-Inspector,left-wing extremism area,0
0.239357,0.296697,0.276791,0.309238,0.0,0.0,0.0,0.0,0.5343,0.399307,0.324108,0.347326,0.25,0.25,0.25,0.25,0.571429,0.466667,0.155556,0.155556,0.238157,0.314747,0.351753,0.354144,0.3591,0.3591,0.361997,0.364498,0.0,0.0,0.0,0.0,0.0,0.0,0.0,0.0,-0.069881,0.0,0.186974,0.0,0.415873,-0.115987,-0.005398,0.0,0.0,under-30,static,Constable,law and order deployment,0
0.412829,0.41364,0.399197,0.41835,0.0,0.0,0.0,0.0,0.3159,0.38234,0.435229,0.41188,0.75,0.75,0.75,0.75,0.0,0.0,0.0,0.077778,0.3253,0.30354,0.340576,0.37369,0.3745,0.345973,0.339058,0.372674,0.0,0.0,0.0,0.0,0.0,0.0,0.0,0.0,-0.005521,0.0,-0.09598,0.0,-0.077778,-0.04839,0.001826,0.0,0.0,30-39,static,Assistant Sub-Inspector,left-wing extremism area,0
0.288229,0.312747,0.337582,0.382569,0.0,0.0,0.0,0.194444,0.4063,0.379427,0.384941,0.388324,0.25,0.25,0.25,0.25,0.0,0.0,0.0,0.0,0.4543,0.439003,0.371326,0.351118,0.0,0.0,0.0,0.0,0.0,0.0,0.0,0.0,0.0,0.0,0.0,0.0,-0.09434,-0.194444,0.017976,0.0,0.0,0.103182,0.0,0.0,0.0,40-plus,static,Inspector,group centre,0
0.3047,0.42513,0.424354,0.397867,0.0,0.0,0.0,0.0,0.4448,0.41211,0.395064,0.359449,0.25,0.25,0.25,0.25,0.0,0.0,0.0,0.077778,0.452114,0.500507,0.396283,0.416042,0.0384,0.084267,0.283022,0.378303,0.0,0.0,0.0,0.0,0.0,0.0,0.0,0.0,-0.093167,0.0,0.085351,0.0,-0.077778,0.036073,-0.339903,0.0,0.0,30-39,static,Assistant Sub-Inspector,group centre,0
0.255371,0.24117,0.310786,0.344951,0.0,0.0,0.177778,0.188889,0.470314,0.458333,0.416917,0.406209,0.25,0.25,0.25,0.25,0.0,0.0,0.0,0.0,0.3414,0.342127,0.414014,0.411605,0.3828,0.3828,0.384996,0.299336,0.0,0.0,0.0,0.0,0.0,0.0,0.0,0.0,-0.089579,-0.188889,0.064105,0.0,0.0,-0.070205,0.083464,0.0,0.0,30-39,static,Assistant Sub-Inspector,election duty,0
0.401814,0.417787,0.39113,0.377143,0.0,0.0,0.0,0.194444,0.432743,0.311467,0.369681,0.342757,0.25,0.25,0.25,0.25,0.0,0.0,0.0,0.0,0.364871,0.466467,0.440852,0.401542,0.363243,0.36804,0.368563,0.298082,0.0,0.0,0.0,0.0,0.0,0.0,0.0,0.0,0.024671,-0.194444,0.089986,0.0,0.0,-0.036671,0.065161,0.0,0.0,under-30,static,Head Constable,group centre,0
0.479886,0.430753,0.436182,0.394482,0.0,0.0,0.0,0.144444,0.4861,0.441677,0.431218,0.447668,0.25,0.25,0.25,0.25,0.0,0.0,0.0,0.0,0.341,0.414747,0.359861,0.351531,0.5928,0.5928,0.4983,0.452867,0.439586,0.331617,0.358713,0.357703,0.0,0.0,0.0,0.0,0.085404,-0.144444,0.038432,0.0,0.0,-0.010531,0.139933,0.081883,0.0,under-30,static,Constable,internal security duty,0
0.306043,0.38428,0.416724,0.418208,0.0,0.0,0.0,0.2,0.4604,0.344,0.324403,0.364043,0.75,0.75,0.75,0.75,0.0,0.0,0.0,0.0,0.4986,0.4555,0.395484,0.381446,0.3956,0.402823,0.42754,0.44192,0.0,0.0,0.0,0.0,0.0,0.0,0.0,0.0,-0.112165,-0.2,0.096357,0.0,0.0,0.117154,-0.04632,0.0,0.0,30-39,static,Sub-Inspector,law and order deployment,0
0.400086,0.385213,0.417644,0.419952,0.0,0.0,0.0,0.194444,0.3222,0.380913,0.416418,0.414143,0.25,0.25,0.25,0.25,0.0,0.0,0.0,0.0,0.492543,0.372383,0.35727,0.349153,0.2503,0.2503,0.2503,0.300189,0.351643,0.314293,0.356962,0.354737,0.0,0.0,0.0,0.0,-0.019866,-0.194444,-0.091943,0.0,0.0,0.14339,-0.049889,-0.003094,0.0,30-39,static,Sub-Inspector,internal security duty,0
0.2935,0.315487,0.391372,0.395546,0.0,0.0,0.0,0.2,0.3126,0.389487,0.35374,0.396564,0.25,0.25,0.25,0.25,0.0,0.0,0.0,0.0,0.419114,0.391987,0.334214,0.394876,0.390643,0.38141,0.379537,0.376566,0.0,0.0,0.0,0.0,0.0,0.0,0.0,0.0,-0.102046,-0.2,-0.083964,0.0,0.0,0.024238,0.014077,0.0,0.0,30-39,static,Assistant Sub-Inspector,internal security duty,0
0.407543,0.4673,0.422889,0.42262,0.0,0.0,0.433333,0.216667,0.3282,0.370777,0.367998,0.426024,0.75,0.75,0.75,0.75,0.0,0.0,0.0,0.0,0.4615,0.428967,0.430112,0.407169,0.4427,0.380753,0.387607,0.405987,0.0,0.0,0.0,0.0,0.0,0.0,0.0,0.0,-0.015077,-0.216667,-0.097824,0.0,0.0,0.054331,0.036713,0.0,0.0,30-39,static,Assistant Sub-Inspector,group centre,0
0.378171,0.409867,0.396414,0.362918,0.0,0.0,0.0,0.188889,0.2599,0.39006,0.337362,0.353304,0.25,0.25,0.25,0.25,0.571429,0.466667,0.155556,0.077778,0.295414,0.284343,0.338948,0.346338,0.3898,0.3898,0.38931,0.389105,0.340186,0.368057,0.35538,0.350526,0.0,0.0,0.0,0.0,0.015253,-0.188889,-0.093404,0.0,0.493651,-0.050923,0.000695,-0.01034,0.0,30-39,static,Sub-Inspector,law and order deployment,0
0.2622,0.318277,0.344961,0.369473,0.0,0.1,0.333333,0.166667,0.371786,0.347083,0.321027,0.328465,0.25,0.25,0.25,0.25,0.0,0.0,0.0,0.0,0.2061,0.3108,0.353252,0.355569,0.0,0.0,0.0,0.0,0.0,0.0,0.0,0.0,0.0,0.0,0.0,0.0,-0.107273,-0.166667,0.043321,0.0,0.0,-0.149469,0.0,0.0,0.0,under-30,static,Constable,left-wing extremism area,0
0.4275,0.447517,0.394293,0.366601,0.0,0.0,0.0,0.188889,0.536557,0.384507,0.408424,0.408803,0.25,0.25,0.25,0.25,0.428571,0.466667,0.155556,0.077778,0.3518,0.3837,0.357266,0.362673,0.0,0.0,0.0,0.0,0.327443,0.311947,0.362734,0.356147,0.0,0.0,0.0,0.0,0.060899,-0.188889,0.127754,0.0,0.350794,-0.010873,0.0,-0.028704,0.0,40-plus,static,Assistant Commandant,group centre,0
0.346843,0.373333,0.362304,0.354198,0.0,0.0,0.0,0.172222,0.201729,0.303013,0.321773,0.325471,0.25,0.25,0.25,0.25,0.0,0.0,0.0,0.077778,0.284214,0.267607,0.34154,0.304024,0.3111,0.283837,0.277023,0.297795,0.0,0.0,0.0,0.0,0.0,0.0,0.0,0.0,-0.007355,-0.172222,-0.123742,0.0,-0.077778,-0.01981,0.013305,0.0,0.0,under-30,static,Head Constable,left-wing extremism area,0
0.338714,0.342993,0.31583,0.31328,0.0,0.0,0.044444,0.172222,0.262143,0.399283,0.363841,0.367951,0.25,0.25,0.25,0.25,0.0,0.0,0.155556,0.155556,0.4756,0.41343,0.377277,0.368573,0.3649,0.3649,0.352972,0.324026,0.356229,0.367097,0.346609,0.334543,0.0,0.0,0.0,0.0,0.025434,-0.172222,-0.105808,0.0,-0.155556,0.107027,0.040874,0.021685,0.0,30-39,static,Sub-Inspector,left-wing extremism area,0
0.331,0.306793,0.359146,0.371806,0.0,0.0,0.0,0.0,0.399614,0.401373,0.38776,0.384658,0.25,0.25,0.25,0.25,0.0,0.0,0.0,0.0,0.489586,0.386237,0.385191,0.417305,0.0,0.0,0.0,0.0,0.0,0.0,0.0,0.0,0.0,0.0,0.0,0.0,-0.040806,0.0,0.014957,0.0,0.0,0.072281,0.0,0.0,0.0,40-plus,static,Inspector,internal security duty,0
0.4812,0.411487,0.398757,0.411917,0.0,0.0,0.0,0.166667,0.478414,0.389383,0.380727,0.379779,0.25,0.25,0.25,0.25,0.0,0.0,0.155556,0.077778,0.470143,0.412043,0.391938,0.397537,0.0,0.0,0.0,0.0,0.370429,0.365867,0.386286,0.390638,0.0,0.0,0.0,0.0,0.069283,-0.166667,0.098635,0.0,-0.077778,0.072606,0.0,-0.020209,0.0,40-plus,static,Assistant Commandant,group centre,0
0.405829,0.277793,0.350347,0.337246,0.0,0.0,0.0,0.0,0.182443,0.23661,0.30278,0.313783,0.25,0.25,0.25,0.25,0.0,0.0,0.0,0.155556,0.3855,0.376567,0.304854,0.330647,0.0,0.0,0.0,0.0,0.369271,0.30494,0.324294,0.317803,0.0,0.0,0.0,0.0,0.068582,0.0,-0.13134,0.0,-0.155556,0.054853,0.0,0.051469,0.0,30-39,static,Sub-Inspector,group centre,0
0.313971,0.424127,0.340274,0.361756,0.0,0.0,0.366667,0.183333,0.343714,0.400113,0.339486,0.351206,0.75,0.75,0.75,0.75,0.0,0.0,0.0,0.155556,0.455714,0.37208,0.321093,0.345963,0.0,0.0,0.0,0.0,0.418,0.35965,0.357373,0.357667,0.0,0.0,0.0,0.0,-0.047784,-0.183333,-0.007491,0.0,-0.155556,0.109751,0.0,0.060333,0.0,30-39,static,Assistant Sub-Inspector,left-wing extremism area,0
0.247443,0.332853,0.318218,0.350424,0.0,0.0,0.0,0.177778,0.393657,0.336073,0.389046,0.391408,0.25,0.25,0.25,0.25,0.0,0.0,0.0,0.077778,0.402843,0.347057,0.352092,0.337774,0.0,0.0,0.0,0.0,0.0,0.0,0.0,0.0,0.0,0.0,0.0,0.0,-0.102982,-0.177778,0.002249,0.0,-0.077778,0.065068,0.0,0.0,0.0,30-39,static,Head Constable,law and order deployment,0
0.289614,0.33947,0.370264,0.395464,0.0,0.0,0.0,0.0,0.454171,0.497573,0.443053,0.408815,0.75,0.75,0.75,0.75,0.0,0.0,0.0,0.077778,0.404714,0.451607,0.388324,0.426044,0.4908,0.4908,0.475947,0.456607,0.0,0.0,0.0,0.0,0.0,0.0,0.0,0.0,-0.10585,0.0,0.045356,0.0,-0.077778,-0.02133,0.034193,0.0,0.0,30-39,static,Assistant Sub-Inspector,internal security duty,0
0.482714,0.45951,0.442293,0.446971,0.0,0.0,0.4,0.2,0.293857,0.380103,0.406309,0.391708,0.25,0.25,0.25,0.25,0.0,0.0,0.0,0.0,0.2556,0.315757,0.368204,0.376187,0.4845,0.4845,0.399318,0.436114,0.0,0.0,0.0,0.0,0.0,0.0,0.0,0.0,0.035744,-0.2,-0.097851,0.0,0.0,-0.120587,0.048386,0.0,0.0,under-30,static,Constable,law and order deployment,0
0.3297,0.371193,0.371659,0.383484,0.0,0.0,0.0,0.0,0.260814,0.280767,0.379187,0.373979,0.25,0.25,0.25,0.25,0.0,0.0,0.0,0.0,0.518671,0.50054,0.474528,0.415772,0.0,0.0,0.0,0.0,0.0,0.0,0.0,0.0,0.0,0.0,0.0,0.0,-0.053784,0.0,-0.113165,0.0,0.0,0.102899,0.0,0.0,0.0,30-39,static,Sub-Inspector,law and order deployment,0
0.295757,0.265413,0.29845,0.289126,0.0,0.0,0.322222,0.161111,0.128329,0.334303,0.303256,0.317702,0.25,0.25,0.25,0.25,0.0,0.0,0.0,0.116667,0.2193,0.270003,0.282159,0.269823,0.0,0.0,0.0,0.0,0.0,0.0,0.0,0.0,0.0,0.0,0.0,0.0,0.006632,-0.161111,-0.189374,0.0,-0.116667,-0.050523,0.0,0.0,0.0,under-30,static,Constable,left-wing extremism area,0
0.3725,0.471983,0.385014,0.35948,0.0,0.0,0.0,0.0,0.300686,0.33152,0.326771,0.337368,0.25,0.25,0.25,0.25,0.0,0.0,0.111111,0.077778,0.291471,0.38379,0.367918,0.356526,0.0,0.0,0.0,0.0,0.0,0.0,0.0,0.0,0.0,0.0,0.0,0.0,0.01302,0.0,-0.036682,0.0,-0.077778,-0.065054,0.0,0.0,0.0,under-30,static,Head Constable,election duty,0
0.5094,0.399553,0.45531,0.449145,0.0,0.0,0.0,0.0,0.5543,0.522303,0.491048,0.463034,0.25,0.25,0.25,0.25,0.0,0.0,0.022222,0.155556,0.5528,0.405043,0.427734,0.431461,0.0,0.0,0.0,0.0,0.425171,0.41533,0.413608,0.419422,0.0,0.0,0.0,0.0,0.060255,0.0,0.091266,0.0,-0.155556,0.121339,0.0,0.00575,0.0,40-plus,static,Assistant Commandant,left-wing extremism area,0
0.392086,0.369853,0.424386,0.415052,0.0,0.0,0.0,0.0,0.283,0.46117,0.396266,0.430056,0.75,0.75,0.75,0.75,0.0,0.0,0.0,0.0,0.365371,0.44135,0.424234,0.433612,0.2269,0.2269,0.2269,0.2269,0.383043,0.37565,0.384432,0.387617,0.0,0.0,0.0,0.0,-0.022967,0.0,-0.147056,0.0,0.0,-0.06824,-0.0,-0.004574,0.0,30-39,static,Assistant Sub-Inspector,group centre,0
0.359429,0.347753,0.328833,0.323464,0.0,0.0,0.0,0.166667,0.305986,0.378967,0.325647,0.300928,0.75,0.75,0.75,0.75,0.0,0.0,0.155556,0.155556,0.342043,0.356463,0.375986,0.386989,0.4886,0.4886,0.35308,0.31023,0.389186,0.324533,0.321284,0.33064,0.0,0.0,0.0,0.0,0.035964,-0.166667,0.005058,0.0,-0.155556,-0.044947,0.17837,0.058546,0.0,40-plus,static,Inspector,law and order deployment,0
0.3324,0.390807,0.392108,0.384187,0.0,0.0,0.0,0.222222,0.35,0.382323,0.417291,0.425829,0.75,0.75,0.75,0.75,0.857143,0.466667,0.155556,0.077778,0.496757,0.456617,0.446994,0.441149,0.1941,0.21697,0.35419,0.388237,0.0,0.0,0.0,0.0,0.0,0.0,0.0,0.0,-0.051787,-0.222222,-0.075829,0.0,0.779365,0.055608,-0.194137,0.0,0.0,30-39,static,Assistant Sub-Inspector,law and order deployment,0
0.3938,0.384127,0.343609,0.354798,0.0,0.0,0.0,0.177778,0.226271,0.36611,0.342592,0.330313,0.75,0.75,0.75,0.75,0.0,0.0,0.155556,0.077778,0.4596,0.354267,0.336481,0.332715,0.0,0.0,0.0,0.0,0.0,0.0,0.0,0.0,0.0,0.0,0.0,0.0,0.039002,-0.177778,-0.104041,0.0,-0.077778,0.126885,0.0,0.0,0.0,40-plus,static,Inspector,election duty,0
0.2241,0.24885,0.329868,0.375923,0.0,0.533333,0.355556,0.177778,0.3068,0.39559,0.359651,0.342585,0.25,0.25,0.25,0.25,0.0,0.0,0.0,0.0,0.443,0.364333,0.323868,0.320441,0.3782,0.3782,0.368612,0.416471,0.0,0.0,0.0,0.0,0.0,0.0,0.0,0.0,-0.151823,-0.177778,-0.035785,0.0,0.0,0.122559,-0.038271,0.0,0.0,30-39,static,Assistant Sub-Inspector,law and order deployment,0
0.312657,0.38104,0.323551,0.323489,0.0,0.466667,0.333333,0.166667,0.440743,0.457883,0.325792,0.327493,0.25,0.25,0.25,0.25,0.0,0.0,0.0,0.0,0.324771,0.276813,0.340091,0.346209,0.1468,0.138467,0.188673,0.23521,0.0,0.0,0.0,0.0,0.0,0.0,0.0,0.0,-0.010832,-0.166667,0.11325,0.0,0.0,-0.021438,-0.08841,0.0,0.0,30-39,static,Assistant Sub-Inspector,group centre,0
0.4435,0.390783,0.373633,0.345539,0.0,0.333333,0.355556,0.177778,0.297286,0.292033,0.364526,0.371644,0.75,0.75,0.75,0.75,0.0,0.0,0.0,0.077778,0.374071,0.276633,0.32927,0.337446,0.0,0.0,0.0,0.0,0.336029,0.292613,0.332738,0.321914,0.0,0.0,0.0,0.0,0.097961,-0.177778,-0.074358,0.0,-0.077778,0.036626,0.0,0.014114,0.0,30-39,static,Head Constable,law and order deployment,0
0.207757,0.29484,0.352041,0.335837,0.0,0.0,0.333333,0.166667,0.315371,0.383,0.29819,0.297298,0.25,0.25,0.25,0.25,0.0,0.0,0.0,0.0,0.2275,0.29692,0.356896,0.377916,0.3405,0.3405,0.256002,0.272181,0.0,0.0,0.0,0.0,0.0,0.0,0.0,0.0,-0.12808,-0.166667,0.018074,0.0,0.0,-0.150416,0.068319,0.0,0.0,40-plus,static,Inspector,election duty,0
0.312671,0.35122,0.343548,0.353296,0.0,0.0,0.011111,0.183333,0.364014,0.441223,0.442547,0.417349,0.75,0.75,0.75,0.75,0.0,0.0,0.077778,0.077778,0.290986,0.427077,0.395647,0.37399,0.5249,0.5249,0.477248,0.471562,0.3694,0.34579,0.349881,0.342541,0.0,0.0,0.0,0.0,-0.040624,-0.183333,-0.053335,0.0,-0.077778,-0.083004,0.053338,0.026859,0.0,30-39,static,Assistant Sub-Inspector,left-wing extremism area,0
0.377757,0.39207,0.415306,0.408573,0.0,0.0,0.0,0.2,0.4937,0.39579,0.372169,0.410579,0.25,0.25,0.25,0.25,0.0,0.0,0.0,0.0,0.3373,0.33622,0.371084,0.370828,0.3944,0.383733,0.36685,0.383976,0.418743,0.360043,0.377461,0.363831,0.0,0.0,0.0,0.0,-0.030816,-0.2,0.083121,0.0,0.0,-0.033528,0.010424,0.054912,0.0,30-39,static,Sub-Inspector,group centre,0
0.3356,0.384833,0.389802,0.397154,0.0,0.0,0.0,0.0,0.3004,0.33729,0.355147,0.338713,0.25,0.25,0.25,0.25,0.0,0.0,0.0,0.077778,0.386843,0.386557,0.391584,0.414082,0.6109,0.573007,0.503536,0.439963,0.0,0.0,0.0,0.0,0.0,0.0,0.0,0.0,-0.061554,0.0,-0.038313,0.0,-0.077778,-0.027239,0.170937,0.0,0.0,under-30,static,Head Constable,left-wing extremism area,0
0.280486,0.302707,0.351292,0.310046,0.0,0.0,0.333333,0.166667,0.4343,0.385613,0.348672,0.313731,0.25,0.25,0.25,0.25,0.0,0.0,0.0,0.077778,0.449643,0.399147,0.334461,0.34671,0.435,0.435,0.287327,0.293392,0.310771,0.312227,0.327591,0.324274,0.0,0.0,0.0,0.0,-0.02956,-0.166667,0.120569,0.0,-0.077778,0.102933,0.141608,-0.013503,0.0,under-30,static,Head Constable,internal security duty,0
0.2954,0.38001,0.370038,0.363521,0.0,0.0,0.0,0.0,0.2265,0.292567,0.313392,0.332078,0.75,0.75,0.75,0.75,0.0,0.0,0.0,0.0,0.29,0.44024,0.374891,0.360547,0.2139,0.2139,0.161669,0.242686,0.323029,0.35517,0.324801,0.331517,0.0,0.0,0.0,0.0,-0.068121,0.0,-0.105578,0.0,0.0,-0.070547,-0.028786,-0.008489,0.0,40-plus,static,Assistant Commandant,internal security duty,0
0.461143,0.442183,0.339873,0.341303,0.0,0.0,0.0,0.166667,0.2271,0.315557,0.356801,0.387539,0.75,0.75,0.75,0.75,0.571429,0.666667,0.311111,0.155556,0.367643,0.33479,0.336401,0.350248,0.2338,0.298567,0.268882,0.260116,0.355243,0.277677,0.296106,0.304704,0.0,0.0,0.0,0.0,0.11984,-0.166667,-0.160439,0.0,0.415873,0.017395,-0.026316,0.050539,0.0,40-plus,static,Assistant Commandant,group centre,0
0.291057,0.28579,0.331149,0.320675,0.0,0.0,0.344444,0.172222,0.4511,0.359483,0.322072,0.321992,0.75,0.75,0.75,0.75,0.0,0.0,0.0,0.05,0.310943,0.387907,0.375194,0.364554,0.0,0.0,0.0,0.0,0.0,0.0,0.0,0.0,0.0,0.0,0.0,0.0,-0.029618,-0.172222,0.129108,0.0,-0.05,-0.053612,0.0,0.0,0.0,under-30,static,Constable,internal security duty,0
0.2376,0.36929,0.443877,0.428591,0.0,0.0,0.0,0.227778,0.3427,0.3942,0.456308,0.465981,0.25,0.25,0.25,0.25,0.0,0.0,0.0,0.0,0.3867,0.442543,0.420523,0.433235,0.0,0.0,0.0,0.0,0.0,0.0,0.0,0.0,0.0,0.0,0.0,0.0,-0.190991,-0.227778,-0.123281,0.0,0.0,-0.046535,0.0,0.0,0.0,under-30,static,Head Constable,election duty,0
0.2771,0.41641,0.353164,0.358256,0.0,0.0,0.0,0.0,0.330157,0.288463,0.317418,0.317704,0.25,0.25,0.25,0.25,0.0,0.0,0.033333,0.155556,0.290514,0.281003,0.36194,0.348221,0.3865,0.3865,0.34802,0.34166,0.0,0.0,0.0,0.0,0.0,0.0,0.0,0.0,-0.081156,0.0,0.012453,0.0,-0.155556,-0.057707,0.04484,0.0,0.0,40-plus,static,Inspector,law and order deployment,0
0.631786,0.599463,0.510639,0.437394,0.2487,0.2487,0.513181,0.256591,0.4478,0.61726,0.556317,0.447913,0.25,0.25,0.25,0.25,0.0,0.1,0.188889,0.155556,0.664043,0.657057,0.63092,0.513706,0.4178,0.4178,0.4178,0.378979,0.0,0.0,0.0,0.0,0.0,0.0,0.0,0.0,0.194392,-0.007891,-0.000113,0.0,-0.155556,0.150337,0.038821,0.0,0.0,30-39,surged,Assistant Sub-Inspector,internal security duty,0
0.603271,0.593363,0.483461,0.426979,0.2299,0.2299,0.155821,0.183466,0.699371,0.648907,0.553007,0.458624,0.25,0.25,0.25,0.25,0.0,0.0,0.155556,0.155556,0.580614,0.56275,0.540918,0.446852,0.3863,0.234807,0.210789,0.195812,0.3302,0.297967,0.33451,0.349796,0.0,0.0,0.0,0.0,0.176292,0.046434,0.240747,0.0,-0.155556,0.133762,0.190488,-0.019596,0.0,40-plus,surged,Assistant Commandant,internal security duty,0
0.6652,0.43722,0.418647,0.398848,0.093,0.093,0.396111,0.198056,0.497843,0.40126,0.337029,0.352957,0.25,0.25,0.25,0.25,0.0,0.0,0.0,0.0,0.412029,0.366297,0.418063,0.373562,0.0,0.0,0.0,0.0,0.0,0.0,0.0,0.0,0.0,0.0,0.0,0.0,0.266352,-0.105056,0.144886,0.0,0.0,0.038466,0.0,0.0,0.0,30-39,surged,Assistant Sub-Inspector,internal security duty,0
0.365643,0.441727,0.406822,0.406412,0.0,0.0,0.0,0.0,0.359929,0.39122,0.394413,0.400201,0.25,0.25,0.25,0.25,0.857143,0.466667,0.311111,0.155556,0.3663,0.356667,0.376292,0.372961,0.0,0.0,0.0,0.0,0.0,0.0,0.0,0.0,0.0,0.0,0.0,0.0,-0.040769,0.0,-0.040272,0.0,0.701587,-0.006661,0.0,0.0,0.0,40-plus,static,Assistant Commandant,left-wing extremism area,0
0.457514,0.28938,0.302536,0.289969,0.0,0.7,0.322222,0.161111,0.4527,0.358127,0.360767,0.351703,0.25,0.25,0.25,0.25,0.0,0.0,0.0,0.0,0.2833,0.302487,0.283214,0.302678,0.0,0.0,0.0,0.0,0.0,0.0,0.0,0.0,0.0,0.0,0.0,0.0,0.167545,-0.161111,0.100997,0.0,0.0,-0.019378,0.0,0.0,0.0,40-plus,static,Assistant Commandant,election duty,0
0.427914,0.403177,0.353903,0.360077,0.0,0.0,0.0,0.166667,0.237086,0.403203,0.362837,0.346754,0.75,0.75,0.75,0.75,0.0,0.0,0.0,0.0,0.2719,0.369093,0.362186,0.366486,0.2792,0.2792,0.326101,0.331854,0.373514,0.336067,0.333841,0.327672,0.0,0.0,0.0,0.0,0.067837,-0.166667,-0.109668,0.0,0.0,-0.094586,-0.052654,0.045842,0.0,under-30,static,Head Constable,election duty,0
0.3053,0.394043,0.35613,0.374449,0.0,0.0,0.0,0.0,0.278414,0.403373,0.392286,0.384477,0.75,0.75,0.75,0.75,0.0,0.466667,0.155556,0.155556,0.2869,0.37039,0.43437,0.434257,0.392729,0.4083,0.431633,0.45576,0.377557,0.302057,0.364508,0.363682,0.0,0.0,0.0,0.0,-0.069149,0.0,-0.106062,0.0,-0.155556,-0.147357,-0.063031,0.013875,0.0,under-30,static,Constable,internal security duty,0
0.265143,0.35387,0.352508,0.358204,0.0,0.0,0.0,0.194444,0.364529,0.38284,0.403799,0.397946,0.25,0.25,0.25,0.25,0.0,0.0,0.0,0.0,0.467557,0.411223,0.388606,0.409758,0.1747,0.197667,0.412022,0.429158,0.384929,0.356083,0.36368,0.367095,0.0,0.0,0.0,0.0,-0.093062,-0.194444,-0.033417,0.0,0.0,0.057799,-0.254458,0.017834,0.0,40-plus,static,Inspector,election duty,0
0.2928,0.334083,0.39581,0.409671,0.0,0.0,0.0,0.111111,0.363843,0.329283,0.387933,0.412998,0.75,0.75,0.75,0.75,0.0,0.466667,0.155556,0.077778,0.512643,0.52775,0.483609,0.431128,0.1813,0.1813,0.1813,0.298171,0.0,0.0,0.0,0.0,0.0,0.0,0.0,0.0,-0.116871,-0.111111,-0.049155,0.0,-0.077778,0.081515,-0.116871,0.0,0.0,40-plus,static,Assistant Commandant,internal security duty,0
0.527,0.582067,0.531539,0.518888,0.0,0.0,0.0,0.238889,0.440643,0.489523,0.505299,0.459948,0.25,0.25,0.25,0.25,0.0,0.0,0.0,0.0,0.5877,0.55946,0.524774,0.492592,0.0,0.0,0.0,0.0,0.455371,0.439277,0.452648,0.438397,0.0,0.0,0.0,0.0,0.008112,-0.238889,-0.019305,0.0,0.0,0.095108,0.0,0.016975,0.0,40-plus,static,Assistant Commandant,election duty,0
0.2038,0.303217,0.300568,0.322676,0.0,0.0,0.0,0.166667,0.4514,0.284277,0.312944,0.310331,0.25,0.25,0.25,0.25,0.0,0.233333,0.311111,0.155556,0.243129,0.248403,0.293117,0.330028,0.0,0.0,0.0,0.0,0.0,0.0,0.0,0.0,0.0,0.0,0.0,0.0,-0.118876,-0.166667,0.141069,0.0,-0.155556,-0.086899,0.0,0.0,0.0,30-39,static,Sub-Inspector,left-wing extremism area,0
0.342529,0.33427,0.366367,0.38704,0.0526,0.0526,0.035651,0.21227,0.458071,0.344427,0.419391,0.403617,0.75,0.75,0.75,0.75,0.0,0.0,0.0,0.077778,0.527257,0.543767,0.447042,0.403024,0.3899,0.3899,0.362099,0.360049,0.0,0.0,0.0,0.0,0.0,0.0,0.0,0.0,-0.044511,-0.15967,0.054454,0.0,-0.077778,0.124233,0.029851,0.0,0.0,30-39,surged,Assistant Sub-Inspector,internal security duty,0
0.695071,0.674287,0.537423,0.443922,0.2602,0.2602,0.176358,0.260401,0.7254,0.59145,0.534057,0.448724,0.75,0.75,0.75,0.75,0.0,0.0,0.155556,0.155556,0.615157,0.655193,0.534682,0.441226,0.1544,0.1544,0.185866,0.201299,0.317814,0.28358,0.307714,0.305514,0.0,0.0,0.0,0.0,0.251149,-0.000201,0.276676,0.0,-0.155556,0.173931,-0.046899,0.0123,0.0,30-39,surged,Head Constable,internal security duty,0
0.7026,0.67675,0.551372,0.46439,0.1795,0.20685,0.435617,0.217808,0.641286,0.537677,0.424837,0.405614,0.75,0.75,0.75,0.75,0.0,0.0,0.0,0.0,0.427814,0.494527,0.481726,0.397299,0.6429,0.444973,0.396991,0.435067,0.0,0.0,0.0,0.0,0.0,0.0,0.0,0.0,0.23821,-0.038308,0.235672,0.0,0.0,0.030515,0.207833,0.0,0.0,under-30,surged,Constable,internal security duty,0
0.246471,0.410307,0.420553,0.391348,0.0,0.0,0.355556,0.177778,0.339486,0.266827,0.326686,0.354759,0.25,0.25,0.25,0.25,0.0,0.0,0.077778,0.077778,0.4405,0.327137,0.329004,0.34436,0.224257,0.29904,0.314213,0.29989,0.0,0.0,0.0,0.0,0.0,0.0,0.0,0.0,-0.144877,-0.177778,-0.015274,0.0,-0.077778,0.09614,-0.075633,0.0,0.0,30-39,static,Sub-Inspector,left-wing extremism area,0
0.276643,0.361813,0.441764,0.386362,0.0,0.0,0.355556,0.177778,0.262786,0.432617,0.414259,0.380854,0.25,0.25,0.25,0.25,0.0,0.0,0.155556,0.094444,0.277429,0.310553,0.301166,0.320961,0.0,0.0,0.0,0.0,0.360443,0.312907,0.324784,0.328433,0.0,0.0,0.0,0.0,-0.109719,-0.177778,-0.118069,0.0,-0.094444,-0.043532,0.0,0.03201,0.0,40-plus,static,Assistant Commandant,law and order deployment,0
0.421686,0.386337,0.347214,0.354847,0.428571,0.866667,0.355556,0.177778,0.399814,0.43516,0.346594,0.352059,0.75,0.75,0.75,0.75,0.0,0.0,0.0,0.0,0.353743,0.42968,0.342406,0.324708,0.0,0.0,0.0,0.0,0.0,0.0,0.0,0.0,0.0,0.0,0.0,0.0,0.066838,0.250794,0.047755,0.0,0.0,0.029035,0.0,0.0,0.0,under-30,static,Constable,law and order deployment,0
0.437243,0.41276,0.356924,0.344762,0.0,0.0,0.0,0.0,0.231829,0.30696,0.307308,0.317883,0.25,0.25,0.25,0.25,0.0,0.0,0.0,0.016667,0.312686,0.36204,0.328461,0.343707,0.0,0.0,0.0,0.0,0.0,0.0,0.0,0.0,0.0,0.0,0.0,0.0,0.092481,0.0,-0.086054,0.0,-0.016667,-0.031022,0.0,0.0,0.0,under-30,static,Constable,internal security duty,0
0.4561,0.388307,0.362526,0.381396,0.0,0.0,0.0,0.183333,0.465071,0.372033,0.391227,0.359074,0.75,0.75,0.75,0.75,0.0,0.0,0.0,0.138889,0.4022,0.37894,0.389196,0.375409,0.3332,0.31305,0.295483,0.333484,0.382414,0.305837,0.34849,0.344904,0.0,0.0,0.0,0.0,0.074704,-0.183333,0.105998,0.0,-0.138889,0.026791,-0.000284,0.03751,0.0,under-30,static,Constable,internal security duty,0
0.344243,0.33615,0.411956,0.395865,0.0,0.0,0.0,0.188889,0.291529,0.336033,0.393972,0.377705,0.25,0.25,0.25,0.25,0.0,0.0,0.155556,0.077778,0.4146,0.43345,0.391516,0.371799,0.3434,0.3434,0.3434,0.361542,0.337157,0.33649,0.361577,0.374852,0.0,0.0,0.0,0.0,-0.051622,-0.188889,-0.086176,0.0,-0.077778,0.042801,-0.018142,-0.037695,0.0,40-plus,static,Inspector,law and order deployment,0
0.280329,0.327533,0.288728,0.326256,0.0,0.0,0.0,0.161111,0.338471,0.28915,0.343171,0.361731,0.25,0.25,0.25,0.25,0.0,0.466667,0.155556,0.077778,0.333,0.215867,0.281091,0.288593,0.3881,0.3881,0.2591,0.181834,0.382571,0.280293,0.316702,0.318471,0.0,0.0,0.0,0.0,-0.045928,-0.161111,-0.02326,0.0,-0.077778,0.044407,0.206266,0.064101,0.0,40-plus,static,Inspector,left-wing extremism area,0
0.296657,0.343613,0.387042,0.359608,0.571429,0.9,0.355556,0.177778,0.2617,0.33777,0.356806,0.358362,0.25,0.25,0.25,0.25,0.0,0.0,0.0,0.0,0.3606,0.351097,0.386877,0.377622,0.2536,0.2536,0.2536,0.307825,0.0,0.0,0.0,0.0,0.0,0.0,0.0,0.0,-0.062951,0.393651,-0.096662,0.0,0.0,-0.017022,-0.054225,0.0,0.0,under-30,static,Head Constable,left-wing extremism area,0
0.206129,0.23486,0.233752,0.279228,0.0,0.0,0.0,0.161111,0.3283,0.35382,0.344771,0.330263,0.25,0.25,0.25,0.25,0.0,0.3,0.311111,0.155556,0.477157,0.319287,0.295597,0.315304,0.0,0.0,0.0,0.0,0.328243,0.29628,0.314517,0.321453,0.0,0.0,0.0,0.0,-0.0731,-0.161111,-0.001963,0.0,-0.155556,0.161853,0.0,0.00679,0.0,30-39,static,Assistant Sub-Inspector,left-wing extremism area,0
0.284414,0.371973,0.378378,0.383482,0.0,0.0,0.0,0.172222,0.267029,0.256873,0.293781,0.304157,0.25,0.25,0.25,0.25,0.0,0.0,0.0,0.0,0.333257,0.307233,0.33883,0.311293,0.0,0.0,0.0,0.0,0.2474,0.280717,0.32756,0.325996,0.0,0.0,0.0,0.0,-0.099067,-0.172222,-0.037129,0.0,0.0,0.021964,0.0,-0.078596,0.0,under-30,static,Constable,election duty,0
0.399529,0.432437,0.403722,0.403763,0.0,0.0,0.0,0.0,0.500629,0.367327,0.40833,0.372641,0.75,0.75,0.75,0.75,0.0,0.0,0.0,0.155556,0.436329,0.390033,0.4053,0.393459,0.3278,0.3278,0.299884,0.335153,0.322814,0.343127,0.351759,0.351289,0.0,0.0,0.0,0.0,-0.004234,0.0,0.127988,0.0,-0.155556,0.04287,-0.007353,-0.028475,0.0,30-39,static,Sub-Inspector,law and order deployment,0
0.4888,0.39169,0.399256,0.412098,0.0,0.0,0.0,0.2,0.529871,0.380893,0.410742,0.403077,0.25,0.25,0.25,0.25,0.0,0.0,0.0,0.016667,0.4281,0.35803,0.439973,0.409451,0.4705,0.496353,0.441736,0.403343,0.0,0.0,0.0,0.0,0.0,0.0,0.0,0.0,0.076702,-0.2,0.126794,0.0,-0.016667,0.018649,0.067157,0.0,0.0,40-plus,static,Assistant Commandant,law and order deployment,0
0.4364,0.43754,0.407414,0.399171,0.0,0.0,0.0,0.0,0.416214,0.362353,0.364772,0.35201,0.25,0.25,0.25,0.25,0.0,0.0,0.011111,0.116667,0.323314,0.354843,0.378891,0.343312,0.247729,0.4004,0.25812,0.23434,0.364143,0.321463,0.327027,0.321448,0.0,0.0,0.0,0.0,0.037229,0.0,0.064204,0.0,-0.116667,-0.019998,0.013389,0.042695,0.0,30-39,static,Assistant Sub-Inspector,left-wing extremism area,0
0.342971,0.309513,0.307242,0.342183,0.0,0.0,0.0,0.0,0.274686,0.33844,0.34958,0.333638,0.25,0.25,0.25,0.25,0.0,0.0,0.0,0.077778,0.4281,0.379833,0.357902,0.351737,0.0,0.0,0.0,0.0,0.420729,0.336023,0.345061,0.345403,0.0,0.0,0.0,0.0,0.000788,0.0,-0.058953,0.0,-0.077778,0.076363,0.0,0.075326,0.0,30-39,static,Assistant Sub-Inspector,group centre,0
0.385857,0.475437,0.452223,0.416732,0.0,0.0,0.0,0.222222,0.4922,0.527777,0.499403,0.478602,0.75,0.75,0.75,0.75,0.0,0.0,0.0,0.077778,0.3239,0.434277,0.456081,0.438549,0.0,0.0,0.0,0.0,0.441271,0.404333,0.408313,0.413683,0.0,0.0,0.0,0.0,-0.030875,-0.222222,0.013598,0.0,-0.077778,-0.114649,0.0,0.027588,0.0,under-30,static,Constable,law and order deployment,0
0.4228,0.336677,0.335108,0.357866,0.0,0.0,0.0,0.061111,0.4063,0.409723,0.366628,0.3611,0.25,0.25,0.25,0.25,0.0,0.0,0.0,0.0,0.2976,0.297943,0.372872,0.398596,0.2409,0.2409,0.32922,0.367639,0.0,0.0,0.0,0.0,0.0,0.0,0.0,0.0,0.064934,-0.061111,0.0452,0.0,0.0,-0.100996,-0.126739,0.0,0.0,under-30,static,Constable,internal security duty,0
0.487171,0.56063,0.496972,0.469017,0.2242,0.2242,0.151958,0.264868,0.6475,0.635513,0.530454,0.466315,0.25,0.25,0.25,0.25,0.0,0.0,0.0,0.0,0.4694,0.590777,0.522734,0.444609,0.633,0.5648,0.382933,0.332104,0.453571,0.359377,0.376766,0.367721,0.0,0.0,0.0,0.0,0.018155,-0.040668,0.181185,0.0,0.0,0.024791,0.300896,0.085851,0.0,30-39,surged,Head Constable,internal security duty,0
0.1736,0.331917,0.301164,0.314632,0.0,0.0,0.0,0.172222,0.1968,0.231913,0.288141,0.325487,0.25,0.25,0.25,0.25,0.0,0.0,0.0,0.0,0.255929,0.281297,0.363013,0.377048,0.1759,0.1759,0.231597,0.283125,0.386457,0.3344,0.338148,0.324797,0.0,0.0,0.0,0.0,-0.141032,-0.172222,-0.128687,0.0,0.0,-0.121119,-0.107225,0.06166,0.0,30-39,static,Head Constable,left-wing extremism area,0
0.451129,0.40446,0.409728,0.396554,0.0,0.0,0.3,0.166667,0.411157,0.362273,0.36898,0.365461,0.25,0.25,0.25,0.25,0.0,0.0,0.0,0.0,0.4429,0.351653,0.361836,0.356658,0.0,0.0,0.0,0.0,0.0,0.0,0.0,0.0,0.0,0.0,0.0,0.0,0.054574,-0.166667,0.045697,0.0,0.0,0.086242,0.0,0.0,0.0,30-39,static,Sub-Inspector,group centre,0
0.5005,0.46271,0.464608,0.437083,0.0,0.0,0.0,0.0,0.4549,0.43836,0.411102,0.426661,0.25,0.25,0.25,0.25,0.0,0.0,0.0,0.0,0.422243,0.4296,0.387878,0.377273,0.0,0.0,0.0,0.0,0.0,0.0,0.0,0.0,0.0,0.0,0.0,0.0,0.063417,0.0,0.028239,0.0,0.0,0.04497,0.0,0.0,0.0,30-39,static,Assistant Sub-Inspector,left-wing extremism area,0
0.478829,0.453177,0.378036,0.352408,0.0,0.0,0.0,0.177778,0.3399,0.385343,0.391287,0.347024,0.25,0.25,0.25,0.25,0.0,0.0,0.0,0.0,0.4604,0.353387,0.359184,0.365927,0.4347,0.4347,0.367442,0.31341,0.374671,0.302703,0.323042,0.342028,0.0,0.0,0.0,0.0,0.126421,-0.177778,-0.007124,0.0,0.0,0.094473,0.12129,0.032643,0.0,40-plus,static,Inspector,left-wing extremism area,0
0.3493,0.379313,0.399306,0.396869,0.0,0.0,0.088889,0.205556,0.372286,0.358063,0.378243,0.386701,0.25,0.25,0.25,0.25,0.0,0.0,0.0,0.0,0.534229,0.41516,0.423794,0.420177,0.431486,0.3617,0.305356,0.348327,0.354629,0.344933,0.367448,0.384267,0.0,0.0,0.0,0.0,-0.047569,-0.205556,-0.014415,0.0,0.0,0.114051,0.083159,-0.029638,0.0,40-plus,static,Assistant Commandant,group centre,0
0.2303,0.362267,0.388411,0.425675,0.0,0.0,0.0,0.0,0.455171,0.396997,0.380024,0.407218,0.25,0.25,0.25,0.25,0.0,0.0,0.0,0.0,0.310929,0.42896,0.39839,0.407913,0.0,0.0,0.0,0.0,0.460314,0.39128,0.40079,0.408747,0.0,0.0,0.0,0.0,-0.195375,0.0,0.047954,0.0,0.0,-0.096985,0.0,0.051567,0.0,30-39,static,Assistant Sub-Inspector,group centre,0
0.3833,0.29363,0.285849,0.300616,0.0,0.0,0.0,0.138889,0.2758,0.312543,0.379868,0.350477,0.25,0.25,0.25,0.25,0.0,0.0,0.0,0.077778,0.277671,0.32712,0.313892,0.31806,0.169686,0.11879,0.13875,0.244653,0.277857,0.305607,0.31692,0.319324,0.0,0.0,0.0,0.0,0.082684,-0.138889,-0.074677,0.0,-0.077778,-0.040389,-0.074967,-0.041467,0.0,30-39,static,Assistant Sub-Inspector,election duty,0
0.5492,0.366477,0.384498,0.399238,0.142857,0.8,0.366667,0.183333,0.412714,0.34348,0.354343,0.358403,0.25,0.25,0.25,0.25,0.0,0.0,0.0,0.0,0.427557,0.354783,0.33391,0.340771,0.0,0.0,0.0,0.0,0.3596,0.350533,0.339878,0.338989,0.0,0.0,0.0,0.0,0.149962,-0.040476,0.054311,0.0,0.0,0.086787,0.0,0.020611,0.0,40-plus,static,Assistant Commandant,group centre,0
0.357214,0.435537,0.42102,0.419708,0.0,0.0,0.0,0.183333,0.429943,0.30039,0.367894,0.368437,0.25,0.25,0.25,0.25,0.0,0.0,0.0,0.0,0.4392,0.322477,0.349194,0.362464,0.0,0.0,0.0,0.0,0.0,0.0,0.0,0.0,0.0,0.0,0.0,0.0,-0.062494,-0.183333,0.061506,0.0,0.0,0.076736,0.0,0.0,0.0,under-30,static,Head Constable,law and order deployment,0
0.421714,0.42304,0.406174,0.381906,0.0,0.0,0.0,0.0,0.408114,0.464167,0.461612,0.406946,0.25,0.25,0.25,0.25,0.0,0.0,0.0,0.0,0.410514,0.4108,0.465383,0.439221,0.484457,0.50772,0.50068,0.472681,0.3912,0.355897,0.386327,0.3721,0.0,0.0,0.0,0.0,0.039809,0.0,0.001169,0.0,0.0,-0.028706,0.011776,0.0191,0.0,under-30,static,Constable,left-wing extremism area,0
0.411514,0.371263,0.322233,0.346753,0.0,0.0,0.0,0.161111,0.1542,0.17421,0.319436,0.338065,0.75,0.75,0.75,0.75,0.0,0.066667,0.155556,0.077778,0.4663,0.39325,0.383679,0.339995,0.2911,0.35494,0.315873,0.26217,0.0,0.0,0.0,0.0,0.0,0.0,0.0,0.0,0.064761,-0.161111,-0.183865,0.0,-0.077778,0.126305,0.02893,0.0,0.0,40-plus,static,Sub-Inspector,left-wing extremism area,0
0.43,0.379853,0.414587,0.400144,0.0,0.0,0.0,0.2,0.2964,0.396517,0.398098,0.407122,0.75,0.75,0.75,0.75,0.0,0.0,0.044444,0.077778,0.5477,0.538313,0.446038,0.422634,0.463,0.463,0.470458,0.455061,0.0,0.0,0.0,0.0,0.0,0.0,0.0,0.0,0.029856,-0.2,-0.110722,0.0,-0.077778,0.125066,0.007939,0.0,0.0,40-plus,static,Inspector,group centre,0
0.491286,0.522013,0.513772,0.516341,0.0,0.0,0.0,0.25,0.408129,0.57142,0.477692,0.475438,0.25,0.25,0.25,0.25,0.0,0.0,0.0,0.0,0.602543,0.53634,0.527262,0.491098,0.609871,0.61204,0.595249,0.559774,0.0,0.0,0.0,0.0,0.0,0.0,0.0,0.0,-0.025055,-0.25,-0.067309,0.0,0.0,0.111445,0.050097,0.0,0.0,30-39,static,Head Constable,law and order deployment,1
0.379114,0.358707,0.346818,0.3548,0.0,0.0,0.0,0.172222,0.2963,0.38315,0.324894,0.324735,0.25,0.25,0.25,0.25,0.0,0.0,0.0,0.0,0.309014,0.31119,0.319523,0.325386,0.3668,0.40334,0.342174,0.332792,0.0,0.0,0.0,0.0,0.0,0.0,0.0,0.0,0.024314,-0.172222,-0.028435,0.0,0.0,-0.016372,0.034008,0.0,0.0,30-39,static,Sub-Inspector,group centre,0
0.2839,0.386117,0.387299,0.362617,0.0,0.0,0.0,0.116667,0.374743,0.36267,0.367849,0.404311,0.25,0.25,0.25,0.25,0.0,0.0,0.0,0.0,0.312371,0.33784,0.419132,0.393422,0.0,0.0,0.0,0.0,0.444414,0.406373,0.398274,0.395396,0.0,0.0,0.0,0.0,-0.078717,-0.116667,-0.029568,0.0,0.0,-0.081051,0.0,0.049019,0.0,30-39,static,Head Constable,election duty,0
0.431729,0.385927,0.388503,0.374461,0.0,0.0,0.0,0.0,0.446514,0.472363,0.437102,0.405345,0.75,0.75,0.75,0.75,0.0,0.0,0.0,0.077778,0.4351,0.357957,0.376989,0.374526,0.0,0.0,0.0,0.0,0.0,0.0,0.0,0.0,0.0,0.0,0.0,0.0,0.057267,0.0,0.041169,0.0,-0.077778,0.060574,0.0,0.0,0.0,40-plus,static,Sub-Inspector,left-wing extremism area,0
0.2443,0.28007,0.355994,0.360784,0.0,0.0,0.0,0.016667,0.4148,0.351097,0.381811,0.36218,0.75,0.75,0.75,0.75,0.0,0.0,0.155556,0.105556,0.273457,0.311083,0.362169,0.365961,0.5236,0.442343,0.318089,0.345156,0.0,0.0,0.0,0.0,0.0,0.0,0.0,0.0,-0.116484,-0.016667,0.05262,0.0,-0.105556,-0.092503,0.178444,0.0,0.0,40-plus,static,Assistant Commandant,law and order deployment,0
0.408729,0.39205,0.382288,0.371885,0.0,0.166667,0.355556,0.177778,0.4286,0.316807,0.344319,0.375657,0.75,0.75,0.75,0.75,0.0,0.0,0.0,0.0,0.5421,0.346927,0.32062,0.332547,0.241371,0.22248,0.250152,0.275775,0.3688,0.324547,0.357987,0.356492,0.0,0.0,0.0,0.0,0.036844,-0.177778,0.052943,0.0,0.0,0.209553,-0.034404,0.012308,0.0,under-30,static,Constable,election duty,0
0.409943,0.427787,0.427693,0.415071,0.0,0.0,0.422222,0.211111,0.5524,0.411077,0.348899,0.385936,0.25,0.25,0.25,0.25,0.0,0.0,0.0,0.0,0.309086,0.358,0.38854,0.387415,0.0,0.0,0.0,0.0,0.4311,0.36642,0.378387,0.381325,0.0,0.0,0.0,0.0,-0.005128,-0.211111,0.166464,0.0,0.0,-0.078329,0.0,0.049775,0.0,30-39,static,Assistant Sub-Inspector,left-wing extremism area,0
0.2828,0.286423,0.35134,0.368264,0.0,0.0,0.0,0.0,0.5592,0.485293,0.40339,0.382447,0.75,0.75,0.75,0.75,0.0,0.0,0.0,0.0,0.3905,0.277763,0.366358,0.355449,0.2109,0.2109,0.2109,0.273786,0.288643,0.31715,0.342806,0.343301,0.0,0.0,0.0,0.0,-0.085464,0.0,0.176753,0.0,0.0,0.035051,-0.062886,-0.054658,0.0,under-30,static,Head Constable,left-wing extremism area,0
0.354457,0.33589,0.342838,0.360617,0.0,0.0,0.155556,0.188889,0.2843,0.283313,0.344216,0.358942,0.25,0.25,0.25,0.25,0.0,0.0,0.0,0.0,0.2828,0.39131,0.357413,0.338613,0.2648,0.2648,0.30503,0.366776,0.0,0.0,0.0,0.0,0.0,0.0,0.0,0.0,-0.00616,-0.188889,-0.074642,0.0,0.0,-0.055813,-0.101976,0.0,0.0,30-39,static,Assistant Sub-Inspector,law and order deployment,0
0.2979,0.382317,0.413329,0.396099,0.0,0.0,0.0,0.0,0.336943,0.44465,0.443696,0.400778,0.25,0.25,0.25,0.25,0.0,0.0,0.022222,0.077778,0.251429,0.33902,0.344514,0.36667,0.4102,0.4102,0.344613,0.398276,0.0,0.0,0.0,0.0,0.0,0.0,0.0,0.0,-0.098199,0.0,-0.063835,0.0,-0.077778,-0.115241,0.011924,0.0,0.0,under-30,static,Constable,internal security duty,0
0.2113,0.326327,0.366116,0.386689,0.0,0.0,0.266667,0.205556,0.307271,0.40547,0.42132,0.408201,0.75,0.75,0.75,0.75,0.0,0.0,0.0,0.0,0.512357,0.450437,0.451804,0.427943,0.3926,0.3926,0.462182,0.436551,0.0,0.0,0.0,0.0,0.0,0.0,0.0,0.0,-0.175389,-0.205556,-0.10093,0.0,0.0,0.084414,-0.043951,0.0,0.0,40-plus,static,Assistant Commandant,election duty,0
0.2313,0.34512,0.311157,0.341442,0.0,0.0,0.333333,0.166667,0.239571,0.30625,0.302429,0.298787,0.25,0.25,0.25,0.25,0.0,0.0,0.0,0.0,0.381143,0.393083,0.40071,0.371862,0.4337,0.4337,0.320436,0.311015,0.368771,0.30252,0.321947,0.331641,0.0,0.0,0.0,0.0,-0.110142,-0.166667,-0.059216,0.0,0.0,0.009281,0.122685,0.03713,0.0,40-plus,static,Sub-Inspector,election duty,0
0.462486,0.434697,0.426256,0.428199,0.0,0.0,0.0,0.0,0.4472,0.418213,0.389156,0.393503,0.25,0.25,0.25,0.25,0.0,0.0,0.0,0.077778,0.4993,0.404007,0.362068,0.386825,0.3425,0.3425,0.316705,0.316705,0.0,0.0,0.0,0.0,0.0,0.0,0.0,0.0,0.034286,0.0,0.053697,0.0,-0.077778,0.112475,0.025795,0.0,0.0,40-plus,static,Assistant Commandant,law and order deployment,0
0.225,0.297003,0.260224,0.290112,0.714286,0.933333,0.322222,0.161111,0.361214,0.324563,0.271524,0.322425,0.25,0.25,0.25,0.25,0.0,0.0,0.0,0.0,0.3032,0.369653,0.326048,0.319689,0.2523,0.2523,0.265429,0.279486,0.0,0.0,0.0,0.0,0.0,0.0,0.0,0.0,-0.065112,0.553175,0.038789,0.0,0.0,-0.016489,-0.027186,0.0,0.0,30-39,static,Head Constable,group centre,0
0.372243,0.34126,0.289669,0.310458,0.0,0.0,0.0,0.127778,0.364614,0.360257,0.327418,0.312757,0.25,0.25,0.25,0.25,0.0,0.0,0.0,0.0,0.2712,0.298937,0.318147,0.322044,0.1392,0.1392,0.1392,0.158445,0.0,0.0,0.0,0.0,0.0,0.0,0.0,0.0,0.061785,-0.127778,0.051857,0.0,0.0,-0.050844,-0.019245,0.0,0.0,40-plus,static,Assistant Commandant,group centre,0
0.399743,0.27925,0.365376,0.351011,0.0,0.0,0.0,0.0,0.2583,0.269887,0.294593,0.326804,0.25,0.25,0.25,0.25,0.0,0.366667,0.155556,0.077778,0.249614,0.29905,0.297348,0.321878,0.0,0.0,0.0,0.0,0.298743,0.309507,0.317851,0.319328,0.0,0.0,0.0,0.0,0.048732,0.0,-0.068504,0.0,-0.077778,-0.072263,0.0,-0.020585,0.0,under-30,static,Constable,election duty,0
0.374057,0.294877,0.387323,0.372888,0.0,0.0,0.0,0.194444,0.306814,0.3152,0.323449,0.360037,0.25,0.25,0.25,0.25,0.0,0.0,0.0,0.0,0.442343,0.372407,0.351232,0.408962,0.3817,0.38863,0.350843,0.375688,0.311914,0.305813,0.339036,0.3521,0.0,0.0,0.0,0.0,0.001169,-0.194444,-0.053223,0.0,0.0,0.033381,0.006012,-0.040186,0.0,under-30,static,Constable,left-wing extremism area,0
0.3096,0.315813,0.290891,0.290671,0.0,0.633333,0.311111,0.155556,0.2477,0.2086,0.244722,0.287661,0.75,0.75,0.75,0.75,0.0,0.0,0.0,0.0,0.4202,0.446013,0.405999,0.363161,0.2747,0.2747,0.256702,0.230418,0.284557,0.272023,0.290088,0.294418,0.0,0.0,0.0,0.0,0.018929,-0.155556,-0.039961,0.0,0.0,0.057039,0.044282,-0.009861,0.0,30-39,static,Assistant Sub-Inspector,left-wing extremism area,0
0.369729,0.440313,0.489548,0.448336,0.0,0.0,0.466667,0.233333,0.566314,0.50221,0.497203,0.510382,0.25,0.25,0.25,0.25,0.0,0.0,0.0,0.077778,0.32,0.4229,0.502522,0.474448,0.3414,0.321467,0.47786,0.49023,0.505129,0.44135,0.439312,0.433053,0.0,0.0,0.0,0.0,-0.078607,-0.233333,0.055933,0.0,-0.077778,-0.154448,-0.14883,0.072076,0.0,under-30,static,Constable,election duty,0
0.360657,0.456513,0.466351,0.433266,0.0,0.0,0.0,0.0,0.490714,0.41394,0.396491,0.388184,0.25,0.25,0.25,0.25,0.0,0.466667,0.155556,0.077778,0.456186,0.398657,0.377134,0.430124,0.0,0.0,0.0,0.0,0.413357,0.37182,0.395331,0.386797,0.0,0.0,0.0,0.0,-0.072608,0.0,0.10253,0.0,-0.077778,0.026061,0.0,0.02656,0.0,30-39,static,Head Constable,internal security duty,0
0.5418,0.54109,0.539207,0.530705,0.0,0.0,0.422222,0.322222,0.549843,0.48658,0.50632,0.508522,0.75,0.75,0.75,0.75,0.0,0.0,0.0,0.0,0.6009,0.53824,0.544923,0.547938,0.6564,0.6564,0.56944,0.594222,0.0,0.0,0.0,0.0,0.0,0.0,0.0,0.0,0.011095,-0.322222,0.041321,0.0,0.0,0.052962,0.062178,0.0,0.0,40-plus,static,Inspector,group centre,1
0.2514,0.368903,0.374901,0.370709,0.428571,0.866667,0.366667,0.183333,0.371457,0.440597,0.398836,0.413616,0.25,0.25,0.25,0.25,0.0,0.0,0.0,0.038889,0.342771,0.428033,0.400412,0.387713,0.0,0.0,0.0,0.0,0.0,0.0,0.0,0.0,0.0,0.0,0.0,0.0,-0.119309,0.245238,-0.042158,0.0,-0.038889,-0.044942,0.0,0.0,0.0,40-plus,static,Inspector,group centre,0
0.373171,0.37705,0.386082,0.397298,0.0,0.0,0.0,0.0,0.479186,0.448,0.434726,0.404082,0.25,0.25,0.25,0.25,0.0,0.0,0.0,0.077778,0.5413,0.4249,0.417892,0.418461,0.6255,0.33294,0.340512,0.443358,0.0,0.0,0.0,0.0,0.0,0.0,0.0,0.0,-0.024127,0.0,0.075103,0.0,-0.077778,0.122839,0.182142,0.0,0.0,under-30,static,Constable,internal security duty,0
0.3208,0.39934,0.416664,0.387689,0.0,0.0,0.0,0.144444,0.3907,0.461753,0.426776,0.384008,0.25,0.25,0.25,0.25,0.0,0.0,0.0,0.072222,0.490057,0.38333,0.339558,0.339897,0.3404,0.3404,0.353806,0.297698,0.298557,0.308407,0.353323,0.352454,0.0,0.0,0.0,0.0,-0.066889,-0.144444,0.006692,0.0,-0.072222,0.15016,0.042702,-0.053897,0.0,40-plus,static,Inspector,election duty,0
0.3401,0.37594,0.491676,0.53115,0.0,0.566667,0.833333,0.416667,0.4455,0.463713,0.509576,0.540126,0.75,0.75,0.75,0.75,0.0,0.0,0.0,0.0,0.538671,0.551213,0.547783,0.562596,0.6138,0.6138,0.564192,0.576614,0.0,0.0,0.0,0.0,0.0,0.0,0.0,0.0,-0.19105,-0.416667,-0.094626,0.0,0.0,-0.023925,0.037186,0.0,0.0,under-30,static,Constable,group centre,1
0.4197,0.467033,0.444001,0.422718,0.0,0.0,0.211111,0.211111,0.4092,0.469103,0.452098,0.425365,0.25,0.25,0.25,0.25,0.0,0.0,0.0,0.0,0.281814,0.363047,0.449657,0.46154,0.0,0.0,0.0,0.0,0.0,0.0,0.0,0.0,0.0,0.0,0.0,0.0,-0.003018,-0.211111,-0.016165,0.0,0.0,-0.179726,0.0,0.0,0.0,40-plus,static,Inspector,election duty,0
0.299614,0.341183,0.315708,0.354408,0.0,0.0,0.0,0.005556,0.3063,0.342937,0.346936,0.314219,0.25,0.25,0.25,0.25,0.0,0.0,0.0,0.0,0.353657,0.34875,0.361514,0.375046,0.0,0.0,0.0,0.0,0.0,0.0,0.0,0.0,0.0,0.0,0.0,0.0,-0.054793,-0.005556,-0.007919,0.0,0.0,-0.021388,0.0,0.0,0.0,40-plus,static,Assistant Commandant,internal security duty,0
0.321,0.382307,0.378229,0.404717,0.0,0.0,0.444444,0.222222,0.6053,0.382783,0.409714,0.445238,0.25,0.25,0.25,0.25,0.0,0.0,0.0,0.0,0.377829,0.474267,0.429658,0.452773,0.0,0.0,0.0,0.0,0.0,0.0,0.0,0.0,0.0,0.0,0.0,0.0,-0.083717,-0.222222,0.160062,0.0,0.0,-0.074945,0.0,0.0,0.0,40-plus,static,Assistant Commandant,election duty,0
0.459257,0.369123,0.316298,0.328377,0.0,0.0,0.0,0.0,0.307529,0.364867,0.33023,0.335403,0.25,0.25,0.25,0.25,0.0,0.0,0.0,0.0,0.464286,0.320693,0.346678,0.359367,0.3127,0.3127,0.3127,0.3127,0.0,0.0,0.0,0.0,0.0,0.0,0.0,0.0,0.13088,0.0,-0.027874,0.0,0.0,0.104918,0.0,0.0,0.0,30-39,static,Sub-Inspector,left-wing extremism area,0
0.434,0.425073,0.387368,0.381793,0.0,0.0,0.366667,0.183333,0.4811,0.380597,0.357421,0.367348,0.25,0.25,0.25,0.25,0.0,0.0,0.155556,0.077778,0.475386,0.471553,0.386742,0.396717,0.2193,0.2193,0.2193,0.2193,0.366629,0.34558,0.358844,0.352832,0.0,0.0,0.0,0.0,0.052207,-0.183333,0.113752,0.0,-0.077778,0.078668,0.0,0.013796,0.0,40-plus,static,Sub-Inspector,left-wing extremism area,0
0.5567,0.480393,0.494176,0.474465,0.0,0.0,0.466667,0.233333,0.522514,0.55147,0.493162,0.472209,0.25,0.25,0.25,0.25,0.0,0.0,0.0,0.077778,0.495771,0.487403,0.429439,0.415984,0.0,0.0,0.0,0.0,0.372614,0.413017,0.409837,0.406513,0.0,0.0,0.0,0.0,0.082235,-0.233333,0.050305,0.0,-0.077778,0.079787,0.0,-0.033899,0.0,under-30,static,Head Constable,election duty,0
0.463986,0.39262,0.36866,0.347027,0.0,0.0,0.0,0.166667,0.337543,0.40296,0.345201,0.336587,0.25,0.25,0.25,0.25,0.0,0.0,0.155556,0.077778,0.237786,0.340303,0.297592,0.314937,0.238743,0.37372,0.378857,0.356778,0.0,0.0,0.0,0.0,0.0,0.0,0.0,0.0,0.116958,-0.166667,0.000956,0.0,-0.077778,-0.077152,-0.118035,0.0,0.0,40-plus,static,Assistant Commandant,law and order deployment,0
0.4151,0.30034,0.272516,0.316264,0.0,0.0,0.322222,0.161111,0.3755,0.34922,0.311171,0.303896,0.25,0.25,0.25,0.25,0.0,0.0,0.0,0.016667,0.329143,0.36113,0.373027,0.34803,0.0,0.0,0.0,0.0,0.354343,0.262253,0.323836,0.314587,0.0,0.0,0.0,0.0,0.098836,-0.161111,0.071604,0.0,-0.016667,-0.018887,0.0,0.039756,0.0,40-plus,static,Inspector,group centre,0
0.409386,0.454163,0.513783,0.516929,0.0,0.0,0.6,0.4,0.4327,0.49816,0.525031,0.496942,0.25,0.25,0.25,0.25,0.0,0.0,0.155556,0.15,0.4842,0.5052,0.559454,0.532933,0.6972,0.6972,0.669787,0.650124,0.4423,0.397407,0.454314,0.476671,0.0,0.0,0.0,0.0,-0.107544,-0.4,-0.064242,0.0,-0.15,-0.048733,0.047076,-0.034371,0.0,30-39,static,Assistant Sub-Inspector,group centre,1
0.503686,0.43854,0.403622,0.418367,0.0,0.233333,0.422222,0.211111,0.4231,0.348977,0.353357,0.369069,0.25,0.25,0.25,0.25,0.0,0.466667,0.155556,0.077778,0.386314,0.36155,0.400701,0.405433,0.421,0.421,0.42538,0.42684,0.0,0.0,0.0,0.0,0.0,0.0,0.0,0.0,0.085319,-0.211111,0.054031,0.0,-0.077778,-0.019119,-0.00584,0.0,0.0,under-30,static,Constable,election duty,0
0.4884,0.477917,0.468508,0.426046,0.0,0.0,0.377778,0.188889,0.378357,0.388893,0.376771,0.369403,0.25,0.25,0.25,0.25,0.0,0.133333,0.155556,0.077778,0.467786,0.399067,0.406096,0.387226,0.2009,0.2009,0.2009,0.259422,0.0,0.0,0.0,0.0,0.0,0.0,0.0,0.0,0.062354,-0.188889,0.008954,0.0,-0.077778,0.08056,-0.058522,0.0,0.0,under-30,static,Head Constable,election duty,0
0.407829,0.388953,0.332712,0.361677,0.0,0.0,0.355556,0.177778,0.279414,0.324407,0.341454,0.340614,0.75,0.75,0.75,0.75,0.0,0.0,0.0,0.077778,0.1939,0.238407,0.300152,0.305477,0.3342,0.3342,0.380402,0.368007,0.0,0.0,0.0,0.0,0.0,0.0,0.0,0.0,0.046151,-0.177778,-0.0612,0.0,-0.077778,-0.111577,-0.033807,0.0,0.0,30-39,static,Assistant Sub-Inspector,left-wing extremism area,0
0.4586,0.454473,0.393643,0.394864,0.0,0.0,0.0,0.0,0.2538,0.291587,0.356052,0.366376,0.25,0.25,0.25,0.25,0.0,0.0,0.011111,0.077778,0.5261,0.410453,0.365549,0.349169,0.0,0.0,0.0,0.0,0.0,0.0,0.0,0.0,0.0,0.0,0.0,0.0,0.063736,0.0,-0.112576,0.0,-0.077778,0.176931,0.0,0.0,0.0,under-30,static,Head Constable,election duty,0
0.487571,0.3648,0.375611,0.358507,0.0,0.0,0.388889,0.194444,0.279043,0.41328,0.3968,0.401061,0.25,0.25,0.25,0.25,0.0,0.0,0.188889,0.122222,0.399114,0.325807,0.380313,0.376809,0.0,0.0,0.0,0.0,0.392514,0.341227,0.36453,0.36423,0.0,0.0,0.0,0.0,0.129065,-0.194444,-0.122018,0.0,-0.122222,0.022305,0.0,0.028284,0.0,30-39,static,Head Constable,left-wing extremism area,0
0.3705,0.429153,0.409718,0.426961,0.0,0.0,0.433333,0.216667,0.5162,0.48671,0.413262,0.449827,0.25,0.25,0.25,0.25,0.0,0.0,0.0,0.0,0.491257,0.386917,0.392111,0.441006,0.27,0.27,0.27,0.340125,0.0,0.0,0.0,0.0,0.0,0.0,0.0,0.0,-0.056461,-0.216667,0.066373,0.0,0.0,0.050251,-0.070125,0.0,0.0,40-plus,static,Assistant Commandant,law and order deployment,0
0.4121,0.448513,0.36542,0.353898,0.0,0.0,0.0,0.083333,0.3991,0.31497,0.342329,0.316618,0.25,0.25,0.25,0.25,0.0,0.0,0.033333,0.077778,0.3286,0.25594,0.293513,0.320701,0.4201,0.39375,0.386878,0.380538,0.0,0.0,0.0,0.0,0.0,0.0,0.0,0.0,0.058202,-0.083333,0.082482,0.0,-0.077778,0.007899,0.039562,0.0,0.0,30-39,static,Assistant Sub-Inspector,election duty,0
0.4553,0.4211,0.390803,0.382974,0.0,0.0,0.277778,0.2,0.243514,0.374273,0.416078,0.405516,0.75,0.75,0.75,0.75,0.0,0.366667,0.155556,0.077778,0.233443,0.370317,0.390939,0.401262,0.5914,0.5914,0.5914,0.5914,0.0,0.0,0.0,0.0,0.0,0.0,0.0,0.0,0.072326,-0.2,-0.162002,0.0,-0.077778,-0.167819,0.0,0.0,0.0,30-39,static,Head Constable,law and order deployment,0
0.6726,0.65988,0.649471,0.582359,0.2877,0.2877,0.589661,0.311497,0.828043,0.74718,0.627234,0.529453,0.75,0.75,0.75,0.75,0.0,0.0,0.155556,0.155556,0.779986,0.675707,0.647682,0.575032,0.0,0.0,0.0,0.0,0.0,0.0,0.0,0.0,0.0,0.0,0.0,0.0,0.090241,-0.023797,0.29859,0.0,-0.155556,0.204953,0.0,0.0,0.0,under-30,surged,Constable,internal security duty,0
0.2237,0.285317,0.369244,0.344965,0.0,0.0,0.177778,0.172222,0.2238,0.228147,0.320061,0.319276,0.25,0.25,0.25,0.25,0.0,0.0,0.0,0.0,0.376257,0.338453,0.360464,0.364282,0.0,0.0,0.0,0.0,0.0,0.0,0.0,0.0,0.0,0.0,0.0,0.0,-0.121265,-0.172222,-0.095476,0.0,0.0,0.011975,0.0,0.0,0.0,under-30,static,Head Constable,election duty,0
0.289386,0.239193,0.297882,0.335393,0.0,0.0,0.0,0.166667,0.397814,0.426377,0.391692,0.367378,0.25,0.25,0.25,0.25,0.0,0.0,0.0,0.144444,0.202171,0.310987,0.339839,0.335349,0.4646,0.464063,0.426888,0.392265,0.305929,0.301427,0.316487,0.327709,0.0,0.0,0.0,0.0,-0.046008,-0.166667,0.030436,0.0,-0.144444,-0.133178,0.072335,-0.02178,0.0,40-plus,static,Assistant Commandant,internal security duty,0
0.715143,0.704033,0.587811,0.426562,0.279,0.279,0.1891,0.255661,0.609357,0.582207,0.521474,0.436854,0.75,0.75,0.75,0.75,0.0,0.0,0.0,0.077778,0.663857,0.55482,0.504111,0.430888,0.3655,0.3655,0.3655,0.386558,0.343471,0.298853,0.329221,0.329309,0.0,0.0,0.0,0.0,0.288581,0.023339,0.172503,0.0,-0.077778,0.232969,-0.021058,0.014162,0.0,40-plus,surged,Assistant Commandant,internal security duty,0
0.3077,0.347837,0.430233,0.452889,0.0,0.0,0.433333,0.227778,0.3555,0.390587,0.389847,0.437525,0.25,0.25,0.25,0.25,0.0,0.0,0.0,0.077778,0.404857,0.345417,0.368978,0.402428,0.3926,0.3926,0.3926,0.3976,0.374414,0.349097,0.399978,0.400448,0.0,0.0,0.0,0.0,-0.145189,-0.227778,-0.082025,0.0,-0.077778,0.002429,-0.005,-0.026034,0.0,40-plus,static,Assistant Commandant,election duty,0
0.4415,0.436577,0.369569,0.373254,0.0,0.0,0.0,0.022222,0.486571,0.455873,0.399649,0.373114,0.25,0.25,0.25,0.25,0.0,0.0,0.155556,0.077778,0.358614,0.44595,0.426997,0.382356,0.0,0.0,0.0,0.0,0.0,0.0,0.0,0.0,0.0,0.0,0.0,0.0,0.068246,-0.022222,0.113458,0.0,-0.077778,-0.023741,0.0,0.0,0.0,30-39,static,Head Constable,law and order deployment,0
0.348414,0.387067,0.399743,0.409504,0.0,0.0,0.0,0.188889,0.395543,0.446753,0.351826,0.364668,0.25,0.25,0.25,0.25,0.0,0.0,0.0,0.077778,0.282271,0.304783,0.384572,0.403259,0.3743,0.3743,0.3743,0.3743,0.403029,0.355667,0.36798,0.360581,0.0,0.0,0.0,0.0,-0.06109,-0.188889,0.030875,0.0,-0.077778,-0.120988,-0.0,0.042447,0.0,30-39,static,Head Constable,left-wing extremism area,0
0.2875,0.261903,0.33977,0.323628,0.0,0.0,0.0,0.0,0.266843,0.24648,0.311604,0.333978,0.25,0.25,0.25,0.25,0.0,0.0,0.155556,0.077778,0.306014,0.332493,0.336161,0.345456,0.4548,0.401487,0.3412,0.308611,0.2829,0.274857,0.338612,0.335648,0.0,0.0,0.0,0.0,-0.036128,0.0,-0.067135,0.0,-0.077778,-0.039442,0.146189,-0.052748,0.0,40-plus,static,Assistant Commandant,left-wing extremism area,0
0.374843,0.463873,0.422939,0.436546,0.0,0.0,0.455556,0.227778,0.524114,0.521363,0.476901,0.450406,0.75,0.75,0.75,0.75,0.0,0.0,0.0,0.077778,0.4291,0.378307,0.416296,0.430322,0.0,0.0,0.0,0.0,0.337957,0.392333,0.406021,0.411792,0.0,0.0,0.0,0.0,-0.061703,-0.227778,0.073709,0.0,-0.077778,-0.001222,0.0,-0.073835,0.0,40-plus,static,Inspector,law and order deployment,0
0.528129,0.546117,0.529297,0.452641,0.2215,0.2215,0.427906,0.269508,0.505029,0.61813,0.509322,0.434662,0.25,0.25,0.25,0.25,0.0,0.0,0.155556,0.155556,0.737157,0.727547,0.560698,0.462338,0.0,0.0,0.0,0.0,0.330514,0.37014,0.374344,0.370829,0.0,0.0,0.0,0.0,0.075488,-0.048008,0.070366,0.0,-0.155556,0.274819,0.0,-0.040315,0.0,30-39,surged,Sub-Inspector,internal security duty,0
0.2758,0.31598,0.367963,0.362125,0.0,0.0,0.233333,0.222222,0.401771,0.37627,0.452179,0.461381,0.75,0.75,0.75,0.75,0.0,0.0,0.0,0.077778,0.5477,0.546043,0.511884,0.461906,0.5762,0.5762,0.498326,0.452008,0.0,0.0,0.0,0.0,0.0,0.0,0.0,0.0,-0.086325,-0.222222,-0.059609,0.0,-0.077778,0.085794,0.124192,0.0,0.0,30-39,static,Assistant Sub-Inspector,law and order deployment,0
0.2567,0.2448,0.294137,0.301089,0.0,0.0,0.233333,0.161111,0.359029,0.302437,0.315372,0.32341,0.25,0.25,0.25,0.25,0.0,0.166667,0.155556,0.077778,0.198686,0.29766,0.284046,0.329407,0.0956,0.10101,0.195411,0.242799,0.0,0.0,0.0,0.0,0.0,0.0,0.0,0.0,-0.044389,-0.161111,0.035619,0.0,-0.077778,-0.130721,-0.147199,0.0,0.0,30-39,static,Sub-Inspector,law and order deployment,0
0.464757,0.475167,0.39188,0.394412,0.0,0.0,0.3,0.188889,0.526,0.422153,0.432261,0.433566,0.25,0.25,0.25,0.25,0.0,0.0,0.0,0.0,0.3032,0.313017,0.360781,0.374106,0.327,0.32185,0.369139,0.398781,0.0,0.0,0.0,0.0,0.0,0.0,0.0,0.0,0.070345,-0.188889,0.092434,0.0,0.0,-0.070906,-0.071781,0.0,0.0,under-30,static,Head Constable,internal security duty,0
0.203971,0.250893,0.355923,0.340402,0.0,0.0,0.0,0.0,0.404029,0.298427,0.346746,0.370228,0.25,0.25,0.25,0.25,0.0,0.0,0.155556,0.077778,0.377171,0.345453,0.341987,0.336173,0.1628,0.1628,0.1628,0.169618,0.2887,0.325073,0.332987,0.316571,0.0,0.0,0.0,0.0,-0.13643,0.0,0.033801,0.0,-0.077778,0.040998,-0.006818,-0.027871,0.0,under-30,static,Head Constable,law and order deployment,0
0.472457,0.453547,0.369104,0.363945,0.0,0.0,0.0,0.205556,0.368357,0.429473,0.41276,0.406464,0.75,0.75,0.75,0.75,0.0,0.366667,0.155556,0.077778,0.340614,0.325623,0.353224,0.392598,0.0,0.0,0.0,0.0,0.442343,0.355013,0.375731,0.380708,0.0,0.0,0.0,0.0,0.108512,-0.205556,-0.038107,0.0,-0.077778,-0.051984,0.0,0.061635,0.0,30-39,static,Sub-Inspector,left-wing extremism area,0
0.3257,0.40656,0.351904,0.349361,0.0,0.0,0.0,0.0,0.372171,0.381493,0.35425,0.300033,0.25,0.25,0.25,0.25,0.0,0.0,0.133333,0.077778,0.2775,0.40028,0.273843,0.331997,0.1506,0.1506,0.183476,0.182638,0.0,0.0,0.0,0.0,0.0,0.0,0.0,0.0,-0.023661,0.0,0.072139,0.0,-0.077778,-0.054497,-0.032038,0.0,0.0,30-39,static,Assistant Sub-Inspector,left-wing extremism area,0
0.4549,0.408113,0.410848,0.427774,0.0,0.0,0.0,0.0,0.569471,0.508007,0.489981,0.463616,0.25,0.25,0.25,0.25,0.0,0.0,0.155556,0.077778,0.5182,0.40706,0.465659,0.446008,0.3967,0.54097,0.533701,0.495766,0.390186,0.39076,0.412503,0.41061,0.0,0.0,0.0,0.0,0.027126,0.0,0.105855,0.0,-0.077778,0.072192,-0.099066,-0.020424,0.0,40-plus,static,Assistant Commandant,left-wing extremism area,0
0.232871,0.303227,0.291269,0.310769,0.0,0.0,0.222222,0.161111,0.276357,0.285107,0.321749,0.336934,0.75,0.75,0.75,0.75,0.0,0.333333,0.155556,0.155556,0.396486,0.40941,0.315841,0.310909,0.1972,0.1972,0.1972,0.214351,0.0,0.0,0.0,0.0,0.0,0.0,0.0,0.0,-0.077898,-0.161111,-0.060577,0.0,-0.155556,0.085577,-0.017151,0.0,0.0,30-39,static,Sub-Inspector,left-wing extremism area,0
0.337229,0.23477,0.31149,0.31083,0.0,0.0,0.344444,0.172222,0.5208,0.389407,0.332543,0.354294,0.25,0.25,0.25,0.25,0.0,0.0,0.0,0.0,0.4171,0.408137,0.373011,0.367766,0.2357,0.2357,0.2357,0.414676,0.281943,0.265397,0.310354,0.328559,0.0,0.0,0.0,0.0,0.026399,-0.172222,0.166506,0.0,0.0,0.049334,-0.178976,-0.046617,0.0,30-39,static,Assistant Sub-Inspector,internal security duty,0
0.4839,0.37866,0.412184,0.40688,0.0,0.0,0.0,0.172222,0.449171,0.409053,0.449056,0.439119,0.25,0.25,0.25,0.25,0.0,0.0,0.0,0.0,0.359786,0.342477,0.374726,0.390071,0.3186,0.3186,0.35185,0.395075,0.440114,0.40771,0.383138,0.382083,0.0,0.0,0.0,0.0,0.07702,-0.172222,0.010053,0.0,0.0,-0.030285,-0.076475,0.058032,0.0,40-plus,static,Sub-Inspector,election duty,0
0.457129,0.540837,0.457463,0.411229,0.0675,0.409417,0.366944,0.183472,0.489629,0.43,0.33331,0.346469,0.25,0.25,0.25,0.25,0.0,0.033333,0.155556,0.077778,0.550671,0.49728,0.396663,0.362626,0.2236,0.2236,0.266368,0.30507,0.0,0.0,0.0,0.0,0.0,0.0,0.0,0.0,0.045899,-0.115972,0.143159,0.0,-0.077778,0.188046,-0.08147,0.0,0.0,40-plus,surged,Inspector,internal security duty,0
0.438829,0.401983,0.418168,0.432063,0.0,0.0,0.0,0.0,0.536,0.409473,0.441064,0.454366,0.25,0.25,0.25,0.25,0.0,0.0,0.0,0.0,0.502,0.48866,0.427951,0.426528,0.5008,0.5008,0.444927,0.40986,0.4479,0.389893,0.376852,0.390808,0.0,0.0,0.0,0.0,0.006765,0.0,0.081634,0.0,0.0,0.075472,0.09094,0.057092,0.0,30-39,static,Assistant Sub-Inspector,law and order deployment,0
0.607986,0.545387,0.487373,0.480764,0.0,0.0,0.155556,0.3,0.5508,0.472027,0.532172,0.506467,0.75,0.75,0.75,0.75,0.0,0.0,0.0,0.0,0.477929,0.58868,0.483307,0.459586,0.0,0.0,0.0,0.0,0.4777,0.451067,0.456908,0.452544,0.0,0.0,0.0,0.0,0.127222,-0.3,0.044333,0.0,0.0,0.018342,0.0,0.025156,0.0,under-30,static,Constable,law and order deployment,1
0.490729,0.487333,0.495242,0.497582,0.0,0.0,0.0,0.233333,0.5532,0.474333,0.512527,0.487866,0.75,0.75,0.75,0.75,0.0,0.466667,0.155556,0.077778,0.3785,0.443803,0.455107,0.465193,0.5477,0.502807,0.463669,0.450398,0.0,0.0,0.0,0.0,0.0,0.0,0.0,0.0,-0.006853,-0.233333,0.065334,0.0,-0.077778,-0.086693,0.097302,0.0,0.0,40-plus,static,Assistant Commandant,left-wing extremism area,1
0.247871,0.28305,0.350986,0.339329,0.0,0.0,0.344444,0.172222,0.2689,0.379233,0.388609,0.356215,0.25,0.25,0.25,0.25,0.0,0.0,0.155556,0.077778,0.242114,0.37596,0.349177,0.356052,0.0,0.0,0.0,0.0,0.2522,0.303923,0.316067,0.324558,0.0,0.0,0.0,0.0,-0.091458,-0.172222,-0.087315,0.0,-0.077778,-0.113938,0.0,-0.072358,0.0,30-39,static,Head Constable,internal security duty,0
0.800657,0.705727,0.600069,0.500152,0.2204,0.2204,0.558227,0.284669,0.7241,0.63755,0.564152,0.479629,0.75,0.75,0.75,0.75,0.0,0.0,0.0,0.0,0.799957,0.7182,0.63518,0.528993,0.0,0.0,0.0,0.0,0.475586,0.40972,0.411957,0.411399,0.0,0.0,0.0,0.0,0.300505,-0.064269,0.244471,0.0,0.0,0.270964,0.0,0.064187,0.0,40-plus,surged,Inspector,internal security duty,0
0.253086,0.25013,0.353427,0.363551,0.0,0.0,0.0,0.194444,0.3847,0.405583,0.424204,0.390122,0.25,0.25,0.25,0.25,0.0,0.0,0.0,0.0,0.456957,0.516487,0.381356,0.385114,0.2251,0.2251,0.318989,0.343326,0.0,0.0,0.0,0.0,0.0,0.0,0.0,0.0,-0.110465,-0.194444,-0.005422,0.0,0.0,0.071843,-0.118226,0.0,0.0,40-plus,static,Assistant Commandant,left-wing extremism area,0
0.208371,0.237333,0.3149,0.314947,0.0,0.0,0.0,0.155556,0.28,0.393027,0.31013,0.320422,0.25,0.25,0.25,0.25,0.0,0.0,0.0,0.0,0.2732,0.36924,0.333606,0.338408,0.0,0.0,0.0,0.0,0.0,0.0,0.0,0.0,0.0,0.0,0.0,0.0,-0.106575,-0.155556,-0.040422,0.0,0.0,-0.065208,0.0,0.0,0.0,30-39,static,Head Constable,election duty,0
0.493571,0.389703,0.338878,0.356759,0.0,0.0,0.0,0.194444,0.4717,0.391547,0.360877,0.381788,0.25,0.25,0.25,0.25,0.0,0.0,0.0,0.044444,0.469914,0.356453,0.3709,0.378093,0.0872,0.0872,0.208089,0.331998,0.379071,0.340113,0.352653,0.363278,0.0,0.0,0.0,0.0,0.136812,-0.194444,0.089912,0.0,-0.044444,0.091822,-0.244798,0.015794,0.0,30-39,static,Assistant Sub-Inspector,group centre,0
0.391614,0.38238,0.337113,0.326801,0.0,0.0,0.333333,0.166667,0.4811,0.336353,0.314538,0.318022,0.25,0.25,0.25,0.25,0.0,0.0,0.0,0.0,0.407643,0.392817,0.359602,0.37076,0.1428,0.1428,0.15657,0.156099,0.271329,0.280327,0.309364,0.311605,0.0,0.0,0.0,0.0,0.064813,-0.166667,0.163078,0.0,0.0,0.036883,-0.013299,-0.040276,0.0,under-30,static,Head Constable,election duty,0
0.518729,0.419543,0.486634,0.44002,0.0,0.2,0.444444,0.222222,0.3979,0.383093,0.465393,0.460526,0.75,0.75,0.75,0.75,0.0,0.266667,0.155556,0.155556,0.376586,0.420357,0.414339,0.427357,0.6586,0.547067,0.509889,0.500594,0.0,0.0,0.0,0.0,0.0,0.0,0.0,0.0,0.078709,-0.222222,-0.062626,0.0,-0.155556,-0.050772,0.158006,0.0,0.0,40-plus,static,Inspector,left-wing extremism area,0
0.3213,0.30524,0.383822,0.376145,0.0,0.0,0.0,0.2,0.271743,0.394553,0.389547,0.381462,0.25,0.25,0.25,0.25,0.0,0.0,0.0,0.0,0.2459,0.34281,0.381746,0.398274,0.0,0.0,0.0,0.0,0.452143,0.379647,0.397912,0.38048,0.0,0.0,0.0,0.0,-0.054845,-0.2,-0.109719,0.0,0.0,-0.152374,0.0,0.071663,0.0,under-30,static,Constable,group centre,0
0.261271,0.300137,0.321729,0.313241,0.0,0.0,0.0,0.0,0.348543,0.32082,0.33643,0.336976,0.25,0.25,0.25,0.25,0.0,0.0,0.0,0.077778,0.281429,0.303087,0.345207,0.303832,0.2009,0.2009,0.224871,0.223779,0.414829,0.311163,0.319462,0.314831,0.0,0.0,0.0,0.0,-0.051969,0.0,0.011567,0.0,-0.077778,-0.022404,-0.022879,0.099997,0.0,40-plus,static,Assistant Commandant,left-wing extremism area,0
0.4622,0.436817,0.474813,0.433175,0.0,0.0,0.0,0.2,0.4007,0.325427,0.422112,0.423031,0.75,0.75,0.75,0.75,0.0,0.0,0.0,0.0,0.397171,0.4095,0.454136,0.404271,0.307,0.307,0.307,0.307,0.343457,0.361373,0.379099,0.373043,0.0,0.0,0.0,0.0,0.029025,-0.2,-0.022331,0.0,0.0,-0.0071,0.0,-0.029586,0.0,40-plus,static,Assistant Commandant,election duty,0
0.301257,0.420453,0.405746,0.405077,0.0,0.0,0.0,0.0,0.5248,0.399277,0.41325,0.416852,0.75,0.75,0.75,0.75,0.0,0.0,0.0,0.077778,0.410414,0.455117,0.437202,0.42763,0.0,0.0,0.0,0.0,0.0,0.0,0.0,0.0,0.0,0.0,0.0,0.0,-0.10382,0.0,0.107948,0.0,-0.077778,-0.017216,0.0,0.0,0.0,30-39,static,Sub-Inspector,internal security duty,0
0.4179,0.40933,0.435752,0.449353,0.0,0.0,0.4,0.25,0.4498,0.437543,0.457512,0.501044,0.25,0.25,0.25,0.25,0.0,0.0,0.0,0.0,0.3905,0.44648,0.489652,0.473117,0.6945,0.66168,0.564078,0.58564,0.446843,0.435517,0.44511,0.446979,0.0,0.0,0.0,0.0,-0.031453,-0.25,-0.051244,0.0,0.0,-0.082617,0.10886,-0.000136,0.0,30-39,static,Assistant Sub-Inspector,left-wing extremism area,1
0.418986,0.362523,0.416798,0.388249,0.0,0.0,0.0,0.022222,0.319743,0.353747,0.361323,0.377513,0.25,0.25,0.25,0.25,0.0,0.0,0.0,0.077778,0.454243,0.354487,0.36818,0.418202,0.3857,0.3857,0.3857,0.383264,0.425014,0.35718,0.373834,0.368844,0.0,0.0,0.0,0.0,0.030737,-0.022222,-0.05777,0.0,-0.077778,0.036041,0.002436,0.05617,0.0,30-39,static,Sub-Inspector,left-wing extremism area,0
0.5071,0.425933,0.36802,0.348369,0.0,0.0,0.0,0.0,0.404614,0.39717,0.451908,0.424716,0.25,0.25,0.25,0.25,0.0,0.0,0.0,0.0,0.488671,0.34587,0.362509,0.341359,0.0,0.0,0.0,0.0,0.0,0.0,0.0,0.0,0.0,0.0,0.0,0.0,0.158731,0.0,-0.020101,0.0,0.0,0.147313,0.0,0.0,0.0,40-plus,static,Assistant Commandant,group centre,0
0.340971,0.391227,0.337274,0.327919,0.0,0.0,0.0,0.072222,0.400086,0.410727,0.376137,0.340008,0.25,0.25,0.25,0.25,0.0,0.0,0.0,0.0,0.226443,0.32614,0.328388,0.305344,0.3513,0.37644,0.255211,0.237858,0.0,0.0,0.0,0.0,0.0,0.0,0.0,0.0,0.013053,-0.072222,0.060078,0.0,0.0,-0.078901,0.113442,0.0,0.0,under-30,static,Head Constable,internal security duty,0
0.418457,0.374153,0.3303,0.339063,0.0,0.0,0.0,0.0,0.3046,0.283813,0.354286,0.362371,0.25,0.25,0.25,0.25,0.0,0.0,0.0,0.077778,0.3465,0.381717,0.37926,0.361495,0.1932,0.201417,0.133539,0.117674,0.0,0.0,0.0,0.0,0.0,0.0,0.0,0.0,0.079394,0.0,-0.057771,0.0,-0.077778,-0.014995,0.075526,0.0,0.0,under-30,static,Constable,law and order deployment,0
0.317829,0.347093,0.393432,0.340556,0.0,0.0,0.0,0.161111,0.208857,0.314067,0.338496,0.322238,0.25,0.25,0.25,0.25,0.0,0.0,0.0,0.077778,0.3037,0.227867,0.272664,0.297611,0.0,0.0,0.0,0.0,0.331957,0.284113,0.318439,0.319777,0.0,0.0,0.0,0.0,-0.022727,-0.161111,-0.113381,0.0,-0.077778,0.006089,0.0,0.01218,0.0,40-plus,static,Sub-Inspector,election duty,0
0.250929,0.322083,0.348049,0.377277,0.0,0.0,0.055556,0.188889,0.460629,0.39227,0.360411,0.355076,0.75,0.75,0.75,0.75,0.0,0.0,0.0,0.0,0.280757,0.35095,0.399639,0.404362,0.4154,0.4154,0.333467,0.33914,0.0,0.0,0.0,0.0,0.0,0.0,0.0,0.0,-0.126348,-0.188889,0.105553,0.0,0.0,-0.123605,0.07626,0.0,0.0,40-plus,static,Inspector,left-wing extremism area,0
0.4618,0.34708,0.358433,0.396454,0.0,0.0,0.0,0.011111,0.4846,0.524357,0.48622,0.481757,0.25,0.25,0.25,0.25,0.0,0.0,0.0,0.0,0.5741,0.439453,0.463756,0.43012,0.0,0.0,0.0,0.0,0.0,0.0,0.0,0.0,0.0,0.0,0.0,0.0,0.065346,-0.011111,0.002843,0.0,0.0,0.14398,0.0,0.0,0.0,40-plus,static,Sub-Inspector,left-wing extremism area,0
0.2853,0.333507,0.426383,0.434089,0.0,0.0,0.0,0.05,0.490971,0.44565,0.504506,0.460653,0.25,0.25,0.25,0.25,0.0,0.0,0.0,0.0,0.308371,0.3667,0.424077,0.440692,0.4293,0.4293,0.459913,0.459645,0.0,0.0,0.0,0.0,0.0,0.0,0.0,0.0,-0.148789,-0.05,0.030318,0.0,0.0,-0.13232,-0.030345,0.0,0.0,40-plus,static,Sub-Inspector,group centre,0
0.332886,0.375523,0.38821,0.399783,0.0,0.0,0.0,0.094444,0.5488,0.420513,0.364432,0.397497,0.25,0.25,0.25,0.25,0.0,0.0,0.0,0.077778,0.2891,0.398633,0.377697,0.381108,0.0,0.0,0.0,0.0,0.0,0.0,0.0,0.0,0.0,0.0,0.0,0.0,-0.066897,-0.094444,0.151303,0.0,-0.077778,-0.092008,0.0,0.0,0.0,30-39,static,Assistant Sub-Inspector,left-wing extremism area,0
0.206657,0.313837,0.369948,0.377906,0.0,0.0,0.0,0.0,0.2751,0.414493,0.42485,0.385216,0.25,0.25,0.25,0.25,0.0,0.1,0.155556,0.077778,0.4053,0.462217,0.453787,0.409983,0.227,0.227,0.269899,0.269899,0.0,0.0,0.0,0.0,0.0,0.0,0.0,0.0,-0.171248,0.0,-0.110116,0.0,-0.077778,-0.004683,-0.042899,0.0,0.0,30-39,static,Sub-Inspector,law and order deployment,0
0.1884,0.224017,0.300152,0.330279,0.0,0.266667,0.311111,0.155556,0.351257,0.319407,0.328946,0.328171,0.25,0.25,0.25,0.25,0.0,0.0,0.088889,0.077778,0.357386,0.356883,0.341654,0.331213,0.2453,0.19921,0.158216,0.217875,0.329071,0.288753,0.312923,0.308676,0.0,0.0,0.0,0.0,-0.141879,-0.155556,0.023086,0.0,-0.077778,0.026172,0.027425,0.020396,0.0,40-plus,static,Sub-Inspector,law and order deployment,0
0.2947,0.305193,0.39244,0.378728,0.0,0.2,0.366667,0.183333,0.482871,0.45352,0.386114,0.389164,0.25,0.25,0.25,0.25,0.0,0.0,0.0,0.077778,0.1905,0.32918,0.35733,0.359523,0.4935,0.4847,0.467927,0.413818,0.0,0.0,0.0,0.0,0.0,0.0,0.0,0.0,-0.084028,-0.183333,0.093707,0.0,-0.077778,-0.169023,0.079682,0.0,0.0,40-plus,static,Assistant Commandant,law and order deployment,0
0.4766,0.389807,0.371066,0.378688,0.0,0.1,0.4,0.2,0.429429,0.422193,0.456732,0.451602,0.75,0.75,0.75,0.75,0.0,0.0,0.0,0.0,0.5222,0.460257,0.380663,0.384713,0.0,0.0,0.0,0.0,0.0,0.0,0.0,0.0,0.0,0.0,0.0,0.0,0.097912,-0.2,-0.022173,0.0,0.0,0.137487,0.0,0.0,0.0,40-plus,static,Inspector,law and order deployment,0
0.309671,0.256367,0.310706,0.343787,0.0,0.0,0.0,0.072222,0.1968,0.296523,0.328406,0.355471,0.75,0.75,0.75,0.75,0.0,0.0,0.0,0.0,0.485771,0.447907,0.396452,0.399536,0.4127,0.446,0.41738,0.413783,0.0,0.0,0.0,0.0,0.0,0.0,0.0,0.0,-0.034116,-0.072222,-0.158671,0.0,0.0,0.086235,-0.001083,0.0,0.0,30-39,static,Sub-Inspector,group centre,0
0.475143,0.4811,0.457418,0.444982,0.0,0.0,0.0,0.144444,0.333129,0.348123,0.412247,0.425367,0.25,0.25,0.25,0.25,0.0,0.0,0.0,0.0,0.296057,0.462023,0.457832,0.438834,0.0,0.0,0.0,0.0,0.0,0.0,0.0,0.0,0.0,0.0,0.0,0.0,0.030161,-0.144444,-0.092238,0.0,0.0,-0.142777,0.0,0.0,0.0,under-30,static,Constable,group centre,0
0.395814,0.339793,0.383101,0.372028,0.0,0.0,0.422222,0.211111,0.508086,0.47174,0.381651,0.368608,0.75,0.75,0.75,0.75,0.0,0.0,0.0,0.0,0.349671,0.374057,0.395744,0.423256,0.1355,0.1355,0.1355,0.244781,0.0,0.0,0.0,0.0,0.0,0.0,0.0,0.0,0.023786,-0.211111,0.139477,0.0,0.0,-0.073585,-0.109281,0.0,0.0,30-39,static,Sub-Inspector,law and order deployment,0
0.338043,0.397607,0.395919,0.35139,0.0,0.0,0.0,0.177778,0.4585,0.38594,0.386677,0.373868,0.75,0.75,0.75,0.75,0.0,0.0,0.155556,0.077778,0.3953,0.35222,0.316084,0.334531,0.3558,0.336733,0.351749,0.374473,0.0,0.0,0.0,0.0,0.0,0.0,0.0,0.0,-0.013347,-0.177778,0.084632,0.0,-0.077778,0.060769,-0.018673,0.0,0.0,40-plus,static,Assistant Commandant,law and order deployment,0
0.461,0.364427,0.323572,0.344114,0.0,0.0,0.0,0.183333,0.2982,0.314933,0.284642,0.325576,0.25,0.25,0.25,0.25,0.0,0.0,0.0,0.0,0.2416,0.33732,0.330997,0.359916,0.3263,0.3263,0.337422,0.352797,0.0,0.0,0.0,0.0,0.0,0.0,0.0,0.0,0.116886,-0.183333,-0.027376,0.0,0.0,-0.118316,-0.026497,0.0,0.0,30-39,static,Sub-Inspector,election duty,0
0.3733,0.32576,0.374644,0.41674,0.0,0.0,0.0,0.216667,0.504329,0.39216,0.40007,0.404613,0.25,0.25,0.25,0.25,0.714286,0.466667,0.155556,0.077778,0.404743,0.45887,0.419871,0.416104,0.371129,0.485267,0.516328,0.491071,0.0,0.0,0.0,0.0,0.0,0.0,0.0,0.0,-0.04344,-0.216667,0.099716,0.0,0.636508,-0.011362,-0.119942,0.0,0.0,40-plus,static,Inspector,left-wing extremism area,0
0.376514,0.351183,0.367952,0.340118,0.0,0.0,0.266667,0.172222,0.402471,0.387737,0.355548,0.317298,0.25,0.25,0.25,0.25,0.0,0.0,0.0,0.077778,0.438743,0.35477,0.338314,0.355653,0.0,0.0,0.0,0.0,0.250457,0.2938,0.315746,0.31642,0.0,0.0,0.0,0.0,0.036396,-0.172222,0.085173,0.0,-0.077778,0.08309,0.0,-0.065963,0.0,30-39,static,Assistant Sub-Inspector,law and order deployment,0
0.441071,0.410963,0.410812,0.389388,0.0,0.0,0.144444,0.222222,0.5667,0.48918,0.411057,0.427604,0.25,0.25,0.25,0.25,0.0,0.0,0.0,0.0,0.467043,0.440663,0.48179,0.461737,0.0,0.0,0.0,0.0,0.0,0.0,0.0,0.0,0.0,0.0,0.0,0.0,0.051684,-0.222222,0.139096,0.0,0.0,0.005306,0.0,0.0,0.0,30-39,static,Assistant Sub-Inspector,internal security duty,0
0.525971,0.44941,0.422123,0.418833,0.0,0.466667,0.366667,0.183333,0.467586,0.39266,0.398641,0.378139,0.25,0.25,0.25,0.25,0.0,0.0,0.0,0.0,0.3735,0.404923,0.394559,0.394017,0.2226,0.24295,0.310783,0.322169,0.0,0.0,0.0,0.0,0.0,0.0,0.0,0.0,0.107139,-0.183333,0.089447,0.0,0.0,-0.020517,-0.099569,0.0,0.0,30-39,static,Assistant Sub-Inspector,left-wing extremism area,0
0.4957,0.456097,0.422021,0.387987,0.857143,0.966667,0.355556,0.177778,0.269614,0.414767,0.371233,0.388284,0.25,0.25,0.25,0.25,0.0,0.0,0.0,0.0,0.395329,0.315567,0.3783,0.342432,0.0,0.0,0.0,0.0,0.332443,0.318447,0.347658,0.338989,0.0,0.0,0.0,0.0,0.107713,0.679365,-0.11867,0.0,0.0,0.052896,0.0,-0.006546,0.0,40-plus,static,Assistant Commandant,internal security duty,0
0.2444,0.29359,0.391561,0.351854,0.0,0.0,0.0,0.144444,0.4804,0.382847,0.310507,0.301784,0.25,0.25,0.25,0.25,0.0,0.0,0.155556,0.077778,0.411943,0.41378,0.392856,0.392017,0.341157,0.28903,0.31601,0.298671,0.0,0.0,0.0,0.0,0.0,0.0,0.0,0.0,-0.107454,-0.144444,0.178616,0.0,-0.077778,0.019926,0.042486,0.0,0.0,30-39,static,Assistant Sub-Inspector,election duty,0
0.2356,0.352553,0.306277,0.306766,0.0,0.0,0.0,0.072222,0.407986,0.32165,0.271181,0.295143,0.25,0.25,0.25,0.25,0.0,0.0,0.0,0.0,0.229014,0.26251,0.311123,0.317554,0.0376,0.0376,0.0376,0.075634,0.274414,0.265353,0.298719,0.310529,0.0,0.0,0.0,0.0,-0.071166,-0.072222,0.112842,0.0,0.0,-0.08854,-0.038034,-0.036115,0.0,40-plus,static,Inspector,election duty,0
0.2751,0.382327,0.400398,0.393555,0.0,0.0,0.0,0.0,0.546214,0.432573,0.40745,0.393539,0.25,0.25,0.25,0.25,0.0,0.0,0.0,0.0,0.371,0.39869,0.371844,0.406375,0.0,0.0,0.0,0.0,0.450186,0.362763,0.39014,0.381858,0.0,0.0,0.0,0.0,-0.118455,0.0,0.152675,0.0,0.0,-0.035375,0.0,0.068328,0.0,under-30,static,Constable,group centre,0
0.390443,0.44236,0.451928,0.4578,0.0,0.2,0.455556,0.227778,0.5723,0.415207,0.448867,0.436358,0.75,0.75,0.75,0.75,0.0,0.0,0.0,0.077778,0.614829,0.51602,0.429659,0.437461,0.5321,0.5321,0.534393,0.488396,0.384243,0.365183,0.414809,0.411114,0.0,0.0,0.0,0.0,-0.067357,-0.227778,0.135942,0.0,-0.077778,0.177367,0.043704,-0.026872,0.0,30-39,static,Head Constable,law and order deployment,0
0.373,0.433493,0.400316,0.415458,0.0,0.0,0.0,0.133333,0.2439,0.369927,0.405554,0.414233,0.25,0.25,0.25,0.25,0.0,0.0,0.0,0.077778,0.347,0.360183,0.384894,0.39532,0.5414,0.5414,0.529227,0.407,0.4192,0.360073,0.377312,0.372716,0.0,0.0,0.0,0.0,-0.042458,-0.133333,-0.170333,0.0,-0.077778,-0.04832,0.1344,0.046484,0.0,under-30,static,Constable,group centre,0
0.337129,0.402237,0.500584,0.464761,0.0,0.1,0.7,0.466667,0.397671,0.433487,0.456019,0.469821,0.25,0.25,0.25,0.25,0.0,0.0,0.0,0.077778,0.433886,0.512307,0.464666,0.456098,0.3986,0.3986,0.3986,0.475399,0.395114,0.393777,0.426677,0.433653,0.0,0.0,0.0,0.0,-0.127632,-0.466667,-0.072149,0.0,-0.077778,-0.022213,-0.076799,-0.038539,0.0,under-30,static,Head Constable,law and order deployment,0
0.406543,0.261697,0.358901,0.383578,0.0,0.3,0.355556,0.177778,0.3311,0.267727,0.330049,0.336249,0.25,0.25,0.25,0.25,0.0,0.0,0.155556,0.077778,0.356629,0.246603,0.313137,0.31094,0.0,0.0,0.0,0.0,0.3451,0.349693,0.339148,0.339788,0.0,0.0,0.0,0.0,0.022965,-0.177778,-0.005149,0.0,-0.077778,0.045689,0.0,0.005312,0.0,40-plus,static,Assistant Commandant,group centre,0
0.5357,0.41786,0.376046,0.387231,0.0,0.0,0.0,0.0,0.398629,0.39192,0.440626,0.413543,0.25,0.25,0.25,0.25,0.0,0.0,0.155556,0.138889,0.3368,0.425037,0.399067,0.398046,0.0,0.0,0.0,0.0,0.0,0.0,0.0,0.0,0.0,0.0,0.0,0.0,0.148469,0.0,-0.014915,0.0,-0.138889,-0.061246,0.0,0.0,0.0,30-39,static,Assistant Sub-Inspector,internal security duty,0
0.619357,0.58616,0.52001,0.515224,0.0,0.0,0.0,0.133333,0.541114,0.500643,0.513319,0.511371,0.75,0.75,0.75,0.75,0.0,0.0,0.155556,0.077778,0.436271,0.550757,0.543264,0.517824,0.0,0.0,0.0,0.0,0.3959,0.434173,0.44744,0.443715,0.0,0.0,0.0,0.0,0.104133,-0.133333,0.029744,0.0,-0.077778,-0.081553,0.0,-0.047815,0.0,30-39,static,Sub-Inspector,left-wing extremism area,1
0.347671,0.407173,0.378562,0.365671,0.142857,0.8,0.377778,0.188889,0.4268,0.442813,0.420306,0.405972,0.25,0.25,0.25,0.25,0.0,0.0,0.0,0.0,0.278457,0.39064,0.362544,0.366166,0.3748,0.3748,0.4154,0.4473,0.408714,0.34437,0.350561,0.351874,0.0,0.0,0.0,0.0,-0.018,-0.046032,0.020828,0.0,0.0,-0.087708,-0.0725,0.05684,0.0,40-plus,static,Assistant Commandant,group centre,0
0.232457,0.326507,0.335624,0.369976,0.0,0.0,0.0,0.022222,0.435129,0.391357,0.438521,0.400688,0.25,0.25,0.25,0.25,0.0,0.0,0.0,0.0,0.396329,0.334797,0.313778,0.313121,0.3638,0.3638,0.325129,0.261302,0.0,0.0,0.0,0.0,0.0,0.0,0.0,0.0,-0.137518,-0.022222,0.03444,0.0,0.0,0.083208,0.102498,0.0,0.0,30-39,static,Assistant Sub-Inspector,left-wing extremism area,0
0.464171,0.371313,0.38752,0.391671,0.0,0.0,0.411111,0.205556,0.4677,0.462927,0.453373,0.423021,0.25,0.25,0.25,0.25,0.0,0.0,0.0,0.0,0.414586,0.390107,0.403992,0.398649,0.0,0.0,0.0,0.0,0.364957,0.34435,0.364934,0.378582,0.0,0.0,0.0,0.0,0.0725,-0.205556,0.044679,0.0,0.0,0.015937,0.0,-0.013625,0.0,40-plus,static,Assistant Commandant,group centre,0
0.242743,0.349693,0.369867,0.374774,0.0,0.0,0.0,0.05,0.2755,0.3592,0.31955,0.313521,0.75,0.75,0.75,0.75,0.0,0.0,0.0,0.0,0.351314,0.42899,0.357969,0.343236,0.0,0.0,0.0,0.0,0.397029,0.307543,0.342304,0.333996,0.0,0.0,0.0,0.0,-0.132031,-0.05,-0.038021,0.0,0.0,0.008078,0.0,0.063033,0.0,40-plus,static,Assistant Commandant,left-wing extremism area,0
0.3758,0.3449,0.349696,0.332111,0.0,0.0,0.0,0.0,0.2367,0.317213,0.266996,0.281514,0.25,0.25,0.25,0.25,0.0,0.0,0.0,0.077778,0.470086,0.404743,0.348082,0.323802,0.2179,0.2179,0.246226,0.23311,0.0,0.0,0.0,0.0,0.0,0.0,0.0,0.0,0.043689,0.0,-0.044814,0.0,-0.077778,0.146283,-0.01521,0.0,0.0,under-30,static,Head Constable,law and order deployment,0
0.315429,0.318503,0.336783,0.354462,0.0,0.0,0.0,0.0,0.284586,0.359213,0.306887,0.315163,0.25,0.25,0.25,0.25,0.0,0.0,0.0,0.0,0.2888,0.24721,0.289647,0.328916,0.0,0.0,0.0,0.0,0.335043,0.285387,0.300779,0.303556,0.0,0.0,0.0,0.0,-0.039034,0.0,-0.030578,0.0,0.0,-0.040116,0.0,0.031487,0.0,under-30,static,Constable,internal security duty,0
0.272257,0.337297,0.336767,0.384072,0.0,0.0,0.0,0.0,0.267943,0.322923,0.392272,0.390496,0.75,0.75,0.75,0.75,0.0,0.0,0.0,0.0,0.431029,0.438097,0.398546,0.359971,0.0,0.0,0.0,0.0,0.0,0.0,0.0,0.0,0.0,0.0,0.0,0.0,-0.111815,0.0,-0.122553,0.0,0.0,0.071057,0.0,0.0,0.0,30-39,static,Head Constable,law and order deployment,0
0.435514,0.465253,0.407608,0.387949,0.0,0.5,0.377778,0.188889,0.505214,0.382703,0.377334,0.372844,0.25,0.25,0.25,0.25,0.0,0.0,0.155556,0.077778,0.461643,0.447383,0.355483,0.34907,0.0,0.0,0.0,0.0,0.407443,0.350043,0.349139,0.344607,0.0,0.0,0.0,0.0,0.047565,-0.188889,0.13237,0.0,-0.077778,0.112573,0.0,0.062836,0.0,40-plus,static,Assistant Commandant,law and order deployment,0
0.350443,0.357393,0.360142,0.358292,0.0,0.0,0.0,0.011111,0.451,0.378687,0.38573,0.354429,0.25,0.25,0.25,0.25,0.0,0.0,0.0,0.111111,0.367429,0.40556,0.394972,0.372334,0.2495,0.20558,0.1907,0.197269,0.0,0.0,0.0,0.0,0.0,0.0,0.0,0.0,-0.007849,-0.011111,0.096571,0.0,-0.111111,-0.004906,0.052231,0.0,0.0,30-39,static,Assistant Sub-Inspector,law and order deployment,0
0.4314,0.44813,0.415531,0.432037,0.0,0.0,0.0,0.227778,0.5125,0.428273,0.381913,0.378974,0.25,0.25,0.25,0.25,0.0,0.0,0.311111,0.155556,0.3977,0.428217,0.421276,0.452773,0.4431,0.4431,0.4431,0.479907,0.394429,0.40005,0.401882,0.39809,0.0,0.0,0.0,0.0,-0.000637,-0.227778,0.133526,0.0,-0.155556,-0.055073,-0.036807,-0.003661,0.0,30-39,static,Assistant Sub-Inspector,election duty,0
0.364629,0.251767,0.265638,0.280198,0.0,0.0,0.322222,0.161111,0.2461,0.29329,0.344307,0.345644,0.75,0.75,0.75,0.75,0.0,0.0,0.0,0.0,0.2898,0.317467,0.283442,0.289101,0.0,0.0,0.0,0.0,0.301386,0.26138,0.298649,0.311423,0.0,0.0,0.0,0.0,0.084431,-0.161111,-0.099544,0.0,0.0,0.000699,0.0,-0.010037,0.0,30-39,static,Head Constable,internal security duty,0
0.224557,0.28106,0.356706,0.370598,0.0,0.0,0.0,0.0,0.427329,0.42853,0.391346,0.390173,0.25,0.25,0.25,0.25,0.0,0.233333,0.311111,0.155556,0.471486,0.355613,0.341757,0.345867,0.0,0.0,0.0,0.0,0.0,0.0,0.0,0.0,0.0,0.0,0.0,0.0,-0.146041,0.0,0.037155,0.0,-0.155556,0.125619,0.0,0.0,0.0,under-30,static,Constable,internal security duty,0
0.450614,0.391483,0.385897,0.352582,0.0,0.0,0.0,0.0,0.470871,0.45777,0.355241,0.324043,0.25,0.25,0.25,0.25,0.0,0.0,0.0,0.0,0.423729,0.421787,0.378654,0.385414,0.3545,0.3545,0.398903,0.418459,0.0,0.0,0.0,0.0,0.0,0.0,0.0,0.0,0.098033,0.0,0.146828,0.0,0.0,0.038314,-0.063959,0.0,0.0,40-plus,static,Sub-Inspector,internal security duty,0
0.400371,0.36081,0.335508,0.337859,0.0,0.0,0.0,0.155556,0.358343,0.23099,0.31715,0.332759,0.25,0.25,0.25,0.25,0.0,0.0,0.311111,0.155556,0.309957,0.323183,0.301967,0.311732,0.0,0.0,0.0,0.0,0.421471,0.332993,0.333898,0.319914,0.0,0.0,0.0,0.0,0.062513,-0.155556,0.025584,0.0,-0.155556,-0.001775,0.0,0.101557,0.0,40-plus,static,Assistant Commandant,group centre,0
0.2726,0.322313,0.351234,0.371077,0.0,0.0,0.0,0.177778,0.285929,0.290973,0.364947,0.375493,0.75,0.75,0.75,0.75,0.0,0.0,0.0,0.016667,0.287843,0.25696,0.316739,0.337471,0.0,0.0,0.0,0.0,0.3567,0.33287,0.319856,0.325663,0.0,0.0,0.0,0.0,-0.098477,-0.177778,-0.089564,0.0,-0.016667,-0.049628,0.0,0.031037,0.0,30-39,static,Assistant Sub-Inspector,law and order deployment,0
0.6096,0.500157,0.469576,0.420953,0.0786,0.570013,0.421833,0.210917,0.548057,0.53258,0.455357,0.415033,0.25,0.25,0.25,0.25,0.0,0.0,0.0,0.0,0.4733,0.54134,0.50331,0.431581,0.5407,0.5407,0.494478,0.442812,0.3179,0.319937,0.361323,0.359947,0.0,0.0,0.0,0.0,0.188647,-0.132317,0.133024,0.0,0.0,0.041719,0.097888,-0.042047,0.0,30-39,surged,Sub-Inspector,internal security duty,0
0.3344,0.339317,0.403711,0.388927,0.0,0.0,0.433333,0.216667,0.441243,0.431857,0.435449,0.426003,0.75,0.75,0.75,0.75,0.0,0.0,0.0,0.0,0.428,0.456823,0.420992,0.421949,0.485043,0.47949,0.44767,0.328585,0.0,0.0,0.0,0.0,0.0,0.0,0.0,0.0,-0.054527,-0.216667,0.01524,0.0,0.0,0.006051,0.156458,0.0,0.0,40-plus,static,Inspector,election duty,0
0.565814,0.48298,0.404193,0.431042,0.0,0.0,0.344444,0.35,0.527843,0.516653,0.494397,0.484542,0.75,0.75,0.75,0.75,0.0,0.0,0.0,0.022222,0.395843,0.40727,0.452054,0.422123,0.428,0.428,0.36295,0.324219,0.425329,0.409433,0.43181,0.419726,0.0,0.0,0.0,0.0,0.134772,-0.35,0.043301,0.0,-0.022222,-0.02628,0.103781,0.005603,0.0,under-30,static,Head Constable,internal security duty,0
0.308786,0.315343,0.401143,0.406115,0.0,0.0,0.0,0.211111,0.299114,0.369027,0.416744,0.413606,0.75,0.75,0.75,0.75,0.0,0.4,0.155556,0.077778,0.3353,0.33488,0.447818,0.429377,0.0,0.0,0.0,0.0,0.496614,0.422017,0.409092,0.391979,0.0,0.0,0.0,0.0,-0.097329,-0.211111,-0.114492,0.0,-0.077778,-0.094077,0.0,0.104635,0.0,30-39,static,Sub-Inspector,group centre,0
0.389186,0.343027,0.310544,0.361288,0.0,0.266667,0.344444,0.172222,0.313829,0.403187,0.357842,0.32781,0.25,0.25,0.25,0.25,0.0,0.0,0.0,0.077778,0.378386,0.34941,0.33678,0.358307,0.1975,0.22174,0.316236,0.393988,0.0,0.0,0.0,0.0,0.0,0.0,0.0,0.0,0.027898,-0.172222,-0.013981,0.0,-0.077778,0.020078,-0.196488,0.0,0.0,30-39,static,Assistant Sub-Inspector,election duty,0
0.371329,0.358873,0.383428,0.370736,0.0,0.0,0.333333,0.166667,0.363343,0.355153,0.263833,0.308321,0.25,0.25,0.25,0.25,0.0,0.0,0.0,0.0,0.371014,0.368377,0.372649,0.342867,0.4208,0.4208,0.322841,0.283277,0.0,0.0,0.0,0.0,0.0,0.0,0.0,0.0,0.000593,-0.166667,0.055022,0.0,0.0,0.028148,0.137523,0.0,0.0,under-30,static,Head Constable,internal security duty,0
0.577271,0.456007,0.449697,0.452553,0.0,0.5,0.444444,0.222222,0.6429,0.551993,0.458914,0.421191,0.25,0.25,0.25,0.25,0.0,0.066667,0.155556,0.155556,0.323,0.346427,0.351569,0.390839,0.0,0.0,0.0,0.0,0.378986,0.37159,0.396052,0.398584,0.0,0.0,0.0,0.0,0.124719,-0.222222,0.221709,0.0,-0.155556,-0.067839,0.0,-0.019598,0.0,30-39,static,Assistant Sub-Inspector,left-wing extremism area,0
0.375271,0.247753,0.302221,0.295698,0.0,0.0,0.0,0.155556,0.220814,0.34123,0.347252,0.352634,0.25,0.25,0.25,0.25,0.0,0.0,0.277778,0.155556,0.3474,0.30947,0.319866,0.303952,0.0,0.0,0.0,0.0,0.2757,0.278433,0.304123,0.316839,0.0,0.0,0.0,0.0,0.079573,-0.155556,-0.13182,0.0,-0.155556,0.043448,0.0,-0.041139,0.0,30-39,static,Sub-Inspector,left-wing extremism area,0
0.4111,0.39923,0.411016,0.408842,0.0,0.0,0.0,0.188889,0.296986,0.29497,0.369584,0.347466,0.25,0.25,0.25,0.25,0.0,0.0,0.0,0.0,0.392286,0.351703,0.365096,0.340451,0.0,0.0,0.0,0.0,0.0,0.0,0.0,0.0,0.0,0.0,0.0,0.0,0.002258,-0.188889,-0.05048,0.0,0.0,0.051835,0.0,0.0,0.0,under-30,static,Constable,law and order deployment,0
0.602886,0.614297,0.4197,0.362947,0.2026,0.2026,0.137318,0.22977,0.4354,0.503043,0.415923,0.37142,0.25,0.25,0.25,0.25,0.0,0.0,0.0,0.077778,0.548829,0.52565,0.511982,0.403694,0.2528,0.311987,0.348649,0.312673,0.328986,0.3231,0.32148,0.308895,0.0,0.0,0.0,0.0,0.239939,-0.02717,0.06398,0.0,-0.077778,0.145134,-0.059873,0.020091,0.0,under-30,surged,Head Constable,internal security duty,0
0.301457,0.389207,0.394118,0.394264,0.0,0.0,0.0,0.0,0.518871,0.378507,0.445106,0.445208,0.25,0.25,0.25,0.25,0.0,0.0,0.0,0.077778,0.498343,0.441643,0.358277,0.385582,0.5873,0.54209,0.471763,0.400626,0.0,0.0,0.0,0.0,0.0,0.0,0.0,0.0,-0.092807,0.0,0.073663,0.0,-0.077778,0.112761,0.186674,0.0,0.0,30-39,static,Assistant Sub-Inspector,group centre,0
0.479057,0.42833,0.353307,0.358268,0.142857,0.8,0.377778,0.188889,0.427243,0.430617,0.3932,0.381792,0.25,0.25,0.25,0.25,0.0,0.0,0.155556,0.077778,0.475357,0.436897,0.423384,0.409537,0.0,0.0,0.0,0.0,0.0,0.0,0.0,0.0,0.0,0.0,0.0,0.0,0.120789,-0.046032,0.045451,0.0,-0.077778,0.06582,0.0,0.0,0.0,40-plus,static,Assistant Commandant,law and order deployment,0
0.360829,0.3764,0.469168,0.439654,0.0,0.433333,0.455556,0.227778,0.484657,0.519297,0.458987,0.460456,0.75,0.75,0.75,0.75,0.0,0.0,0.0,0.077778,0.5566,0.53079,0.524383,0.472641,0.7463,0.7463,0.700327,0.63462,0.378314,0.384687,0.392242,0.402113,0.0,0.0,0.0,0.0,-0.078825,-0.227778,0.024201,0.0,-0.077778,0.083959,0.11168,-0.023798,0.0,40-plus,static,Inspector,election duty,0
0.3588,0.36612,0.304016,0.330083,0.0,0.0,0.077778,0.183333,0.290486,0.32861,0.374338,0.391393,0.25,0.25,0.25,0.25,0.0,0.0,0.0,0.077778,0.2169,0.309763,0.333516,0.37358,0.0,0.0,0.0,0.0,0.347943,0.36533,0.370402,0.369554,0.0,0.0,0.0,0.0,0.028717,-0.183333,-0.100907,0.0,-0.077778,-0.15668,0.0,-0.021611,0.0,under-30,static,Constable,internal security duty,0
0.273629,0.322153,0.345178,0.333249,0.0,0.0,0.044444,0.161111,0.316614,0.369977,0.298421,0.287585,0.25,0.25,0.25,0.25,0.0,0.0,0.0,0.077778,0.4485,0.374207,0.333877,0.349291,0.0,0.0,0.0,0.0,0.0,0.0,0.0,0.0,0.0,0.0,0.0,0.0,-0.05962,-0.161111,0.029029,0.0,-0.077778,0.099209,0.0,0.0,0.0,under-30,static,Head Constable,group centre,0
0.405943,0.374193,0.378501,0.387231,0.0,0.0,0.0,0.083333,0.213443,0.320273,0.327639,0.322637,0.25,0.25,0.25,0.25,0.0,0.0,0.0,0.0,0.392,0.419627,0.360848,0.372114,0.0,0.0,0.0,0.0,0.0,0.0,0.0,0.0,0.0,0.0,0.0,0.0,0.018712,-0.083333,-0.109194,0.0,0.0,0.019886,0.0,0.0,0.0,under-30,static,Constable,election duty,0
0.2392,0.329333,0.358349,0.380981,0.0,0.0,0.433333,0.216667,0.3423,0.395937,0.40059,0.442873,0.25,0.25,0.25,0.25,0.0,0.0,0.0,0.122222,0.368829,0.36038,0.366771,0.399479,0.314,0.314,0.431217,0.457469,0.455571,0.392917,0.421141,0.414561,0.0,0.0,0.0,0.0,-0.141781,-0.216667,-0.100573,0.0,-0.122222,-0.030651,-0.143469,0.041011,0.0,30-39,static,Sub-Inspector,internal security duty,0
0.2528,0.37955,0.376709,0.385827,0.0,0.0,0.0,0.172222,0.430057,0.316933,0.381296,0.385733,0.75,0.75,0.75,0.75,0.0,0.0,0.0,0.061111,0.3978,0.417807,0.398303,0.355094,0.0,0.0,0.0,0.0,0.0,0.0,0.0,0.0,0.0,0.0,0.0,0.0,-0.133027,-0.172222,0.044324,0.0,-0.061111,0.042706,0.0,0.0,0.0,40-plus,static,Inspector,left-wing extremism area,0
0.2936,0.306073,0.388376,0.393118,0.0,0.0,0.233333,0.183333,0.502343,0.326333,0.406922,0.395563,0.25,0.25,0.25,0.25,0.0,0.0,0.155556,0.077778,0.3716,0.39699,0.422873,0.439441,0.0,0.0,0.0,0.0,0.250143,0.30347,0.340372,0.338263,0.0,0.0,0.0,0.0,-0.099518,-0.183333,0.10678,0.0,-0.077778,-0.067841,0.0,-0.08812,0.0,40-plus,static,Assistant Commandant,left-wing extremism area,0
0.347857,0.411787,0.394664,0.349198,0.0,0.0,0.0,0.094444,0.282957,0.31528,0.32593,0.335818,0.25,0.25,0.25,0.25,0.0,0.0,0.0,0.0,0.2399,0.326373,0.333343,0.338403,0.2804,0.28889,0.344142,0.365191,0.0,0.0,0.0,0.0,0.0,0.0,0.0,0.0,-0.001341,-0.094444,-0.052861,0.0,0.0,-0.098503,-0.084791,0.0,0.0,40-plus,static,Assistant Commandant,left-wing extremism area,0
0.493257,0.594203,0.490297,0.417055,0.1771,0.1771,0.120034,0.126684,0.6571,0.67803,0.59031,0.489373,0.25,0.25,0.25,0.25,0.0,0.0,0.0,0.0,0.6726,0.69861,0.605113,0.525915,0.0,0.0,0.0,0.0,0.395957,0.362523,0.382604,0.370729,0.0,0.0,0.0,0.0,0.076202,0.050416,0.167727,0.0,0.0,0.146685,0.0,0.025228,0.0,40-plus,surged,Sub-Inspector,internal security duty,0
0.4019,0.38024,0.42653,0.440898,0.0,0.0,0.277778,0.438889,0.427629,0.44346,0.4283,0.459682,0.25,0.25,0.25,0.25,0.0,0.0,0.0,0.077778,0.4554,0.487147,0.448907,0.451684,0.51,0.51813,0.530777,0.622057,0.498357,0.415793,0.420491,0.415349,0.0,0.0,0.0,0.0,-0.038998,-0.438889,-0.032053,0.0,-0.077778,0.003716,-0.112057,0.083008,0.0,30-39,static,Assistant Sub-Inspector,law and order deployment,0
0.276943,0.35376,0.346088,0.349374,0.0,0.0,0.333333,0.166667,0.436429,0.316143,0.347736,0.348979,0.25,0.25,0.25,0.25,0.0,0.0,0.155556,0.077778,0.4193,0.346843,0.343977,0.339036,0.1963,0.1963,0.1963,0.343523,0.313386,0.27358,0.328713,0.323876,0.0,0.0,0.0,0.0,-0.072432,-0.166667,0.08745,0.0,-0.077778,0.080264,-0.147223,-0.01049,0.0,30-39,static,Assistant Sub-Inspector,internal security duty,0
0.5321,0.394133,0.420121,0.400692,0.0,0.7,0.422222,0.211111,0.440343,0.45719,0.414997,0.417122,0.25,0.25,0.25,0.25,0.0,0.0,0.0,0.077778,0.277871,0.36653,0.385092,0.397569,0.0,0.0,0.0,0.0,0.391514,0.339067,0.380392,0.388912,0.0,0.0,0.0,0.0,0.131408,-0.211111,0.023221,0.0,-0.077778,-0.119698,0.0,0.002602,0.0,under-30,static,Head Constable,left-wing extremism area,0
0.2899,0.408363,0.392536,0.406579,0.0,0.0,0.111111,0.183333,0.2352,0.301153,0.373064,0.371293,0.25,0.25,0.25,0.25,0.0,0.0,0.0,0.0,0.3038,0.3894,0.404464,0.388632,0.2458,0.40393,0.44911,0.443771,0.0,0.0,0.0,0.0,0.0,0.0,0.0,0.0,-0.116679,-0.183333,-0.136093,0.0,0.0,-0.084832,-0.197971,0.0,0.0,under-30,static,Constable,group centre,0
0.2538,0.318203,0.266777,0.281793,0.0,0.0,0.0,0.094444,0.427,0.34661,0.318576,0.33361,0.25,0.25,0.25,0.25,0.0,0.0,0.0,0.0,0.318386,0.313503,0.315751,0.297657,0.2237,0.2237,0.2237,0.238052,0.0,0.0,0.0,0.0,0.0,0.0,0.0,0.0,-0.027993,-0.094444,0.09339,0.0,0.0,0.020729,-0.014352,0.0,0.0,30-39,static,Head Constable,group centre,0
0.350529,0.372053,0.419139,0.392094,0.0,0.0,0.0,0.005556,0.326571,0.377913,0.378909,0.394719,0.25,0.25,0.25,0.25,0.0,0.0,0.155556,0.077778,0.408014,0.401723,0.424034,0.411259,0.2767,0.3191,0.33679,0.289443,0.419014,0.3815,0.381907,0.374556,0.0,0.0,0.0,0.0,-0.041565,-0.005556,-0.068148,0.0,-0.077778,-0.003245,-0.012743,0.044458,0.0,40-plus,static,Sub-Inspector,group centre,0
0.2523,0.339097,0.327188,0.344086,0.0,0.0,0.1,0.183333,0.460743,0.426153,0.398456,0.365296,0.75,0.75,0.75,0.75,0.0,0.0,0.0,0.0,0.366029,0.39716,0.396036,0.370248,0.0,0.0,0.0,0.0,0.0,0.0,0.0,0.0,0.0,0.0,0.0,0.0,-0.091786,-0.183333,0.095447,0.0,0.0,-0.004219,0.0,0.0,0.0,30-39,static,Sub-Inspector,election duty,0
0.483086,0.422537,0.425698,0.409503,0.0,0.0,0.0,0.188889,0.2279,0.380687,0.375161,0.333255,0.25,0.25,0.25,0.25,0.0,0.0,0.0,0.0,0.363286,0.37498,0.346591,0.367708,0.4121,0.4121,0.422249,0.409933,0.457529,0.352537,0.361647,0.349346,0.0,0.0,0.0,0.0,0.073583,-0.188889,-0.105355,0.0,0.0,-0.004423,0.002167,0.108182,0.0,30-39,static,Sub-Inspector,group centre,0
0.3878,0.43762,0.367839,0.347786,0.0,0.6,0.344444,0.172222,0.383486,0.3221,0.323661,0.311112,0.25,0.25,0.25,0.25,0.0,0.0,0.0,0.038889,0.1932,0.240007,0.301364,0.329101,0.0,0.0,0.0,0.0,0.0,0.0,0.0,0.0,0.0,0.0,0.0,0.0,0.040014,-0.172222,0.072373,0.0,-0.038889,-0.135901,0.0,0.0,0.0,under-30,static,Constable,law and order deployment,0
0.409829,0.331627,0.350811,0.387707,0.0,0.0,0.0,0.0,0.266,0.341887,0.360044,0.384214,0.25,0.25,0.25,0.25,0.0,0.0,0.0,0.038889,0.304543,0.364843,0.400669,0.3872,0.2476,0.271193,0.358689,0.407493,0.0,0.0,0.0,0.0,0.0,0.0,0.0,0.0,0.022122,0.0,-0.118214,0.0,-0.038889,-0.082657,-0.159893,0.0,0.0,under-30,static,Constable,group centre,0
0.302686,0.2734,0.345029,0.345542,0.0,0.0,0.0,0.0,0.1979,0.2502,0.292371,0.313719,0.75,0.75,0.75,0.75,0.0,0.0,0.0,0.077778,0.263329,0.324583,0.378654,0.359594,0.0,0.0,0.0,0.0,0.0,0.0,0.0,0.0,0.0,0.0,0.0,0.0,-0.042857,0.0,-0.115819,0.0,-0.077778,-0.096265,0.0,0.0,0.0,40-plus,static,Inspector,internal security duty,0
0.2337,0.338943,0.371203,0.403662,0.0,0.0,0.0,0.216667,0.390086,0.36729,0.369402,0.391551,0.25,0.25,0.25,0.25,0.0,0.0,0.0,0.0,0.429343,0.3772,0.447491,0.402703,0.3907,0.3907,0.46206,0.523246,0.412057,0.377473,0.407134,0.397147,0.0,0.0,0.0,0.0,-0.169962,-0.216667,-0.001465,0.0,0.0,0.02664,-0.132546,0.01491,0.0,40-plus,static,Inspector,left-wing extremism area,0
0.630414,0.674783,0.622281,0.535034,0.2859,0.2859,0.193777,0.169111,0.787286,0.684773,0.57138,0.487447,0.25,0.25,0.25,0.25,0.0,0.0,0.0,0.0,0.655271,0.685173,0.635619,0.593694,0.4336,0.405667,0.396356,0.381944,0.0,0.0,0.0,0.0,0.0,0.0,0.0,0.0,0.09538,0.116789,0.299838,0.0,0.0,0.061578,0.051656,0.0,0.0,under-30,surged,Head Constable,internal security duty,0
0.427514,0.41523,0.367039,0.376583,0.0,0.0,0.0,0.172222,0.178786,0.280703,0.295548,0.307308,0.75,0.75,0.75,0.75,0.0,0.0,0.0,0.05,0.368229,0.38415,0.365927,0.387298,0.4536,0.37451,0.3628,0.306309,0.0,0.0,0.0,0.0,0.0,0.0,0.0,0.0,0.050932,-0.172222,-0.128522,0.0,-0.05,-0.019069,0.147291,0.0,0.0,40-plus,static,Sub-Inspector,internal security duty,0
0.6922,0.618067,0.496316,0.414863,0.2404,0.2404,0.162938,0.081469,0.566,0.59024,0.51527,0.391088,0.75,0.75,0.75,0.75,0.0,0.0,0.0,0.0,0.5812,0.626767,0.505534,0.407719,0.4163,0.394583,0.322194,0.279225,0.0,0.0,0.0,0.0,0.0,0.0,0.0,0.0,0.277337,0.158931,0.174912,0.0,0.0,0.173481,0.137075,0.0,0.0,40-plus,surged,Assistant Commandant,internal security duty,0
0.3364,0.406873,0.417428,0.439546,0.0,0.0,0.0,0.105556,0.5291,0.474827,0.478639,0.433535,0.25,0.25,0.25,0.25,0.0,0.0,0.0,0.0,0.5687,0.43765,0.396453,0.389219,0.0,0.0,0.0,0.0,0.0,0.0,0.0,0.0,0.0,0.0,0.0,0.0,-0.103146,-0.105556,0.095565,0.0,0.0,0.179481,0.0,0.0,0.0,40-plus,static,Sub-Inspector,law and order deployment,0
0.421986,0.35169,0.369062,0.373132,0.0,0.633333,0.433333,0.216667,0.3607,0.38896,0.386448,0.422859,0.75,0.75,0.75,0.75,0.0,0.0,0.311111,0.155556,0.3785,0.408317,0.441738,0.433167,0.3039,0.3039,0.293154,0.36097,0.429071,0.360543,0.378662,0.390699,0.0,0.0,0.0,0.0,0.048854,-0.216667,-0.062159,0.0,-0.155556,-0.054667,-0.05707,0.038372,0.0,30-39,static,Assistant Sub-Inspector,group centre,0
0.401,0.38976,0.342704,0.386147,0.0,0.0,0.0,0.194444,0.268071,0.44516,0.387172,0.378574,0.25,0.25,0.25,0.25,0.285714,0.466667,0.155556,0.077778,0.340629,0.446683,0.387747,0.39806,0.5737,0.5737,0.383806,0.375687,0.360914,0.32674,0.348196,0.354916,0.0,0.0,0.0,0.0,0.014853,-0.194444,-0.110502,0.0,0.207937,-0.057431,0.198013,0.005999,0.0,40-plus,static,Sub-Inspector,election duty,0
0.505586,0.3805,0.406399,0.441681,0.0,0.0,0.0,0.216667,0.2423,0.416627,0.425223,0.40008,0.25,0.25,0.25,0.25,0.0,0.0,0.0,0.0,0.3229,0.36262,0.358682,0.375521,0.4054,0.4054,0.430577,0.480793,0.390257,0.373887,0.384363,0.391844,0.0,0.0,0.0,0.0,0.063905,-0.216667,-0.15778,0.0,0.0,-0.052621,-0.075393,-0.001587,0.0,30-39,static,Assistant Sub-Inspector,election duty,0
0.3944,0.43909,0.446804,0.441977,0.0,0.0,0.455556,0.227778,0.507557,0.40172,0.420962,0.460502,0.25,0.25,0.25,0.25,0.0,0.0,0.0,0.0,0.447,0.51484,0.513834,0.486551,0.3837,0.3837,0.341638,0.457533,0.4607,0.391987,0.406609,0.414961,0.0,0.0,0.0,0.0,-0.047577,-0.227778,0.047055,0.0,0.0,-0.039551,-0.073833,0.045739,0.0,30-39,static,Sub-Inspector,law and order deployment,0
0.452443,0.43617,0.398071,0.39852,0.0,0.0,0.0,0.188889,0.5146,0.422683,0.460961,0.417059,0.75,0.75,0.75,0.75,0.0,0.0,0.0,0.155556,0.413114,0.404073,0.400707,0.35498,0.5881,0.511133,0.408511,0.355925,0.226643,0.284723,0.348464,0.351908,0.0,0.0,0.0,0.0,0.053923,-0.188889,0.097541,0.0,-0.155556,0.058134,0.232175,-0.125265,0.0,30-39,static,Sub-Inspector,group centre,0
0.3376,0.481607,0.466553,0.502816,0.0,0.266667,0.5,0.25,0.617186,0.547863,0.515763,0.502834,0.25,0.25,0.25,0.25,0.0,0.0,0.0,0.0,0.4926,0.49406,0.47354,0.457492,0.3854,0.3854,0.472177,0.510938,0.464886,0.417187,0.438069,0.438669,0.0,0.0,0.0,0.0,-0.165216,-0.25,0.114351,0.0,0.0,0.035108,-0.125538,0.026216,0.0,30-39,static,Assistant Sub-Inspector,left-wing extremism area,1
0.268443,0.34732,0.357772,0.340473,0.0,0.0,0.0,0.0,0.235929,0.327763,0.377233,0.341694,0.25,0.25,0.25,0.25,0.0,0.0,0.0,0.0,0.1975,0.26458,0.367161,0.386651,0.0,0.0,0.0,0.0,0.375486,0.325637,0.33529,0.339301,0.0,0.0,0.0,0.0,-0.07203,0.0,-0.105766,0.0,0.0,-0.189151,0.0,0.036185,0.0,40-plus,static,Assistant Commandant,left-wing extremism area,0
0.374029,0.351627,0.378249,0.397987,0.0,0.0,0.2,0.211111,0.346771,0.41573,0.390682,0.408169,0.25,0.25,0.25,0.25,0.0,0.0,0.0,0.0,0.4127,0.495327,0.457693,0.463956,0.3873,0.471107,0.387036,0.451991,0.560114,0.426567,0.380597,0.392072,0.0,0.0,0.0,0.0,-0.023959,-0.211111,-0.061398,0.0,0.0,-0.051256,-0.064691,0.168042,0.0,40-plus,static,Inspector,internal security duty,0
0.4529,0.364763,0.320416,0.335718,0.0,0.0,0.0,0.0,0.475743,0.434173,0.399014,0.374326,0.25,0.25,0.25,0.25,0.0,0.0,0.0,0.0,0.5172,0.372313,0.402624,0.386068,0.323957,0.37965,0.355179,0.40353,0.0,0.0,0.0,0.0,0.0,0.0,0.0,0.0,0.117182,0.0,0.101417,0.0,0.0,0.131132,-0.079573,0.0,0.0,40-plus,static,Inspector,law and order deployment,0
0.418629,0.394153,0.384122,0.386682,0.0,0.0,0.0,0.133333,0.5094,0.432557,0.422311,0.417579,0.25,0.25,0.25,0.25,0.0,0.0,0.0,0.077778,0.431286,0.464493,0.388896,0.390723,0.3375,0.31726,0.313153,0.316671,0.0,0.0,0.0,0.0,0.0,0.0,0.0,0.0,0.031947,-0.133333,0.091821,0.0,-0.077778,0.040562,0.020829,0.0,0.0,30-39,static,Assistant Sub-Inspector,group centre,0
0.2449,0.378687,0.430529,0.423706,0.0,0.0,0.166667,0.211111,0.474057,0.4596,0.42318,0.384468,0.75,0.75,0.75,0.75,0.0,0.0,0.0,0.0,0.4662,0.364043,0.363829,0.390693,0.5067,0.5067,0.5067,0.470837,0.0,0.0,0.0,0.0,0.0,0.0,0.0,0.0,-0.178806,-0.211111,0.089589,0.0,0.0,0.075507,0.035863,0.0,0.0,under-30,static,Constable,left-wing extremism area,0
0.4484,0.40432,0.326862,0.367093,0.0,0.0,0.0,0.0,0.4444,0.461187,0.380004,0.379266,0.75,0.75,0.75,0.75,0.0,0.0,0.0,0.077778,0.311129,0.35243,0.320097,0.318654,0.4384,0.4105,0.3175,0.369009,0.0,0.0,0.0,0.0,0.0,0.0,0.0,0.0,0.081307,0.0,0.065134,0.0,-0.077778,-0.007525,0.069391,0.0,0.0,40-plus,static,Inspector,group centre,0
0.289514,0.412923,0.35613,0.362125,0.0,0.0,0.366667,0.183333,0.404929,0.34651,0.327578,0.363056,0.25,0.25,0.25,0.25,0.0,0.0,0.0,0.0,0.290157,0.3937,0.361433,0.364034,0.5624,0.5624,0.473461,0.387024,0.0,0.0,0.0,0.0,0.0,0.0,0.0,0.0,-0.072611,-0.183333,0.041873,0.0,0.0,-0.073877,0.175376,0.0,0.0,40-plus,static,Assistant Commandant,group centre,0
0.524143,0.458,0.417168,0.391553,0.0,0.0,0.0,0.211111,0.4557,0.347057,0.416216,0.427077,0.25,0.25,0.25,0.25,0.0,0.0,0.0,0.0,0.593471,0.498103,0.44602,0.402954,0.6222,0.6052,0.447447,0.438876,0.432843,0.353227,0.393834,0.386869,0.0,0.0,0.0,0.0,0.13259,-0.211111,0.028623,0.0,0.0,0.190517,0.183324,0.045974,0.0,30-39,static,Sub-Inspector,group centre,0
0.563057,0.485307,0.450431,0.485413,0.0,0.0,0.0,0.0,0.5553,0.511613,0.421059,0.440908,0.25,0.25,0.25,0.25,0.0,0.0,0.155556,0.155556,0.470771,0.517537,0.461937,0.432101,0.4074,0.4074,0.455436,0.469107,0.443286,0.3904,0.389052,0.392523,0.0,0.0,0.0,0.0,0.077644,0.0,0.114392,0.0,-0.155556,0.038671,-0.061707,0.050762,0.0,40-plus,static,Inspector,left-wing extremism area,0
0.3987,0.389513,0.366468,0.380523,0.0,0.0,0.0,0.2,0.3972,0.385343,0.382198,0.380525,0.25,0.25,0.25,0.25,0.0,0.0,0.0,0.0,0.4141,0.417607,0.416407,0.400032,0.1244,0.1244,0.275058,0.330716,0.324829,0.335717,0.374573,0.38843,0.0,0.0,0.0,0.0,0.018177,-0.2,0.016675,0.0,0.0,0.014068,-0.206316,-0.063601,0.0,40-plus,static,Assistant Commandant,group centre,0
0.2607,0.347987,0.349933,0.353415,0.0,0.0,0.0,0.194444,0.4404,0.442373,0.401623,0.396684,0.25,0.25,0.25,0.25,0.0,0.0,0.0,0.0,0.361486,0.327413,0.336041,0.361366,0.2738,0.2738,0.37204,0.414349,0.0,0.0,0.0,0.0,0.0,0.0,0.0,0.0,-0.092715,-0.194444,0.043716,0.0,0.0,0.00012,-0.140549,0.0,0.0,40-plus,static,Inspector,election duty,0
0.409486,0.369677,0.366256,0.344853,0.0,0.0,0.0,0.161111,0.3879,0.29092,0.337747,0.355273,0.75,0.75,0.75,0.75,0.0,0.0,0.0,0.0,0.4777,0.388213,0.346559,0.360896,0.0,0.0,0.0,0.0,0.0,0.0,0.0,0.0,0.0,0.0,0.0,0.0,0.064632,-0.161111,0.032627,0.0,0.0,0.116804,0.0,0.0,0.0,under-30,static,Constable,left-wing extremism area,0
0.660157,0.69944,0.595598,0.503539,0.2758,0.2758,0.186931,0.249021,0.666886,0.647593,0.586187,0.473403,0.25,0.25,0.25,0.25,0.0,0.0,0.0,0.0,0.6946,0.670783,0.515728,0.444906,0.0,0.0,0.0,0.0,0.372929,0.31063,0.330607,0.338508,0.0,0.0,0.0,0.0,0.156618,0.026779,0.193483,0.0,0.0,0.249694,0.0,0.03442,0.0,40-plus,surged,Assistant Commandant,internal security duty,0
0.274171,0.404087,0.400192,0.403541,0.0,0.0,0.0,0.088889,0.351786,0.34377,0.338596,0.369108,0.25,0.25,0.25,0.25,0.0,0.0,0.0,0.0,0.342486,0.3316,0.389948,0.392499,0.0,0.0,0.0,0.0,0.325757,0.33232,0.36928,0.363364,0.0,0.0,0.0,0.0,-0.12937,-0.088889,-0.017323,0.0,0.0,-0.050013,0.0,-0.037607,0.0,30-39,static,Sub-Inspector,internal security duty,0
0.5479,0.52142,0.444193,0.438343,0.0,0.0,0.0,0.2,0.299514,0.310627,0.369321,0.369106,0.25,0.25,0.25,0.25,0.0,0.0,0.0,0.0,0.4506,0.43349,0.418604,0.411236,0.0,0.0,0.0,0.0,0.0,0.0,0.0,0.0,0.0,0.0,0.0,0.0,0.109557,-0.2,-0.069591,0.0,0.0,0.039364,0.0,0.0,0.0,40-plus,static,Assistant Commandant,group centre,0
0.394786,0.421457,0.417404,0.374851,0.0,0.0,0.0,0.183333,0.458357,0.466727,0.401224,0.385056,0.25,0.25,0.25,0.25,0.0,0.0,0.0,0.077778,0.510286,0.334537,0.31301,0.348402,0.2221,0.2221,0.233333,0.363222,0.0,0.0,0.0,0.0,0.0,0.0,0.0,0.0,0.019935,-0.183333,0.073302,0.0,-0.077778,0.161884,-0.141122,0.0,0.0,40-plus,static,Assistant Commandant,left-wing extremism area,0
0.264457,0.344323,0.39203,0.380089,0.0,0.0,0.0,0.188889,0.4871,0.3826,0.407528,0.384373,0.75,0.75,0.75,0.75,0.0,0.0,0.0,0.0,0.441943,0.28903,0.369043,0.356281,0.414743,0.357743,0.256994,0.326443,0.0,0.0,0.0,0.0,0.0,0.0,0.0,0.0,-0.115632,-0.188889,0.102727,0.0,0.0,0.085662,0.0883,0.0,0.0,30-39,static,Assistant Sub-Inspector,internal security duty,0
0.455429,0.32446,0.362877,0.341273,0.0,0.366667,0.377778,0.188889,0.2451,0.426957,0.390209,0.355605,0.25,0.25,0.25,0.25,0.0,0.0,0.0,0.0,0.437643,0.29565,0.300342,0.304357,0.0,0.0,0.0,0.0,0.4156,0.312153,0.345784,0.361771,0.0,0.0,0.0,0.0,0.114156,-0.188889,-0.110505,0.0,0.0,0.133286,0.0,0.053829,0.0,under-30,static,Head Constable,left-wing extremism area,0
0.296,0.342733,0.330301,0.339874,0.0,0.0,0.0,0.188889,0.4084,0.310253,0.324348,0.354252,0.25,0.25,0.25,0.25,0.0,0.0,0.0,0.0,0.491914,0.47438,0.367634,0.389919,0.4362,0.44182,0.470918,0.364626,0.0,0.0,0.0,0.0,0.0,0.0,0.0,0.0,-0.043874,-0.188889,0.054148,0.0,0.0,0.101995,0.071574,0.0,0.0,under-30,static,Constable,law and order deployment,0
0.447271,0.412167,0.399356,0.347833,0.0,0.0,0.0,0.177778,0.231457,0.274647,0.334167,0.355222,0.25,0.25,0.25,0.25,0.0,0.0,0.0,0.077778,0.399429,0.37526,0.381254,0.342007,0.3796,0.3796,0.3796,0.40381,0.0,0.0,0.0,0.0,0.0,0.0,0.0,0.0,0.099438,-0.177778,-0.123765,0.0,-0.077778,0.057421,-0.02421,0.0,0.0,40-plus,static,Inspector,internal security duty,0
0.263,0.365943,0.414492,0.393456,0.857143,0.966667,0.4,0.2,0.5284,0.492983,0.453352,0.442696,0.25,0.25,0.25,0.25,0.0,0.0,0.0,0.077778,0.360614,0.32006,0.357879,0.358504,0.0,0.0,0.0,0.0,0.383414,0.37323,0.3816,0.378768,0.0,0.0,0.0,0.0,-0.130456,0.657143,0.085704,0.0,-0.077778,0.00211,0.0,0.004646,0.0,30-39,static,Head Constable,internal security duty,0
0.5871,0.590087,0.532164,0.450133,0.2193,0.2193,0.148637,0.074318,0.5729,0.55131,0.484759,0.399397,0.75,0.75,0.75,0.75,0.0,0.0,0.0,0.0,0.7366,0.598567,0.54141,0.469688,0.3613,0.352727,0.268948,0.316474,0.0,0.0,0.0,0.0,0.0,0.0,0.0,0.0,0.136967,0.144982,0.173503,0.0,0.0,0.266912,0.044826,0.0,0.0,under-30,surged,Head Constable,internal security duty,0
0.1472,0.25843,0.322242,0.350867,0.0,0.0,0.022222,0.172222,0.495,0.42336,0.399678,0.379662,0.25,0.25,0.25,0.25,0.0,0.0,0.0,0.0,0.4194,0.26126,0.321951,0.328682,0.2069,0.2069,0.2069,0.2069,0.3025,0.280283,0.318651,0.323942,0.0,0.0,0.0,0.0,-0.203667,-0.172222,0.115338,0.0,0.0,0.090718,0.0,-0.021442,0.0,30-39,static,Sub-Inspector,left-wing extremism area,0
0.2266,0.276053,0.296933,0.319693,0.0,0.0,0.0,0.0,0.2039,0.401393,0.377633,0.32597,0.25,0.25,0.25,0.25,0.0,0.0,0.0,0.077778,0.399157,0.312143,0.358142,0.323282,0.0,0.0,0.0,0.0,0.312286,0.26469,0.314307,0.314858,0.0,0.0,0.0,0.0,-0.093093,0.0,-0.12207,0.0,-0.077778,0.075875,0.0,-0.002572,0.0,under-30,static,Head Constable,law and order deployment,0
0.4569,0.420763,0.376633,0.394828,0.0,0.0,0.366667,0.183333,0.504471,0.373133,0.369936,0.356265,0.25,0.25,0.25,0.25,0.142857,0.466667,0.155556,0.077778,0.1755,0.30415,0.3308,0.354148,0.0,0.0,0.0,0.0,0.0,0.0,0.0,0.0,0.0,0.0,0.0,0.0,0.062072,-0.183333,0.148206,0.0,0.065079,-0.178648,0.0,0.0,0.0,under-30,static,Head Constable,law and order deployment,0
0.2857,0.351897,0.32987,0.341234,0.0,0.0,0.333333,0.166667,0.276786,0.246313,0.320752,0.353557,0.25,0.25,0.25,0.25,0.0,0.0,0.255556,0.155556,0.326771,0.34506,0.340462,0.346958,0.436229,0.343393,0.388918,0.397269,0.0,0.0,0.0,0.0,0.0,0.0,0.0,0.0,-0.055534,-0.166667,-0.076772,0.0,-0.155556,-0.020186,0.03896,0.0,0.0,40-plus,static,Sub-Inspector,group centre,0
0.464186,0.391823,0.368017,0.354921,0.0,0.0,0.0,0.0,0.4158,0.44009,0.35013,0.320569,0.75,0.75,0.75,0.75,0.0,0.0,0.0,0.105556,0.285314,0.402193,0.347552,0.351022,0.3474,0.3474,0.32231,0.335586,0.0,0.0,0.0,0.0,0.0,0.0,0.0,0.0,0.109265,0.0,0.095231,0.0,-0.105556,-0.065708,0.011814,0.0,0.0,40-plus,static,Assistant Commandant,left-wing extremism area,0
0.355714,0.357763,0.349643,0.326337,0.0,0.0,0.366667,0.183333,0.3561,0.350743,0.356446,0.362624,0.25,0.25,0.25,0.25,0.0,0.0,0.133333,0.155556,0.424086,0.34773,0.397998,0.392287,0.3646,0.3646,0.3646,0.3646,0.0,0.0,0.0,0.0,0.0,0.0,0.0,0.0,0.029378,-0.183333,-0.006524,0.0,-0.155556,0.031799,0.0,0.0,0.0,40-plus,static,Inspector,left-wing extremism area,0
0.311929,0.442933,0.443956,0.429772,0.0,0.0,0.0,0.0,0.296714,0.31756,0.366514,0.375482,0.75,0.75,0.75,0.75,0.0,0.0,0.155556,0.155556,0.444429,0.366527,0.38182,0.423568,0.0,0.0,0.0,0.0,0.393971,0.343653,0.407637,0.400351,0.0,0.0,0.0,0.0,-0.117843,0.0,-0.078767,0.0,-0.155556,0.02086,0.0,-0.006379,0.0,40-plus,static,Assistant Commandant,law and order deployment,0
0.4794,0.349217,0.351118,0.378553,0.0,0.0,0.344444,0.2,0.195586,0.35124,0.41405,0.405482,0.25,0.25,0.25,0.25,0.0,0.466667,0.155556,0.077778,0.450771,0.37098,0.393033,0.373638,0.4249,0.4249,0.302701,0.324588,0.419386,0.37125,0.35992,0.354703,0.0,0.0,0.0,0.0,0.100847,-0.2,-0.209896,0.0,-0.077778,0.077133,0.100312,0.064683,0.0,under-30,static,Constable,law and order deployment,0
0.377171,0.425223,0.447738,0.475817,0.0,0.0,0.0,0.222222,0.466314,0.44907,0.410673,0.417545,0.75,0.75,0.75,0.75,0.0,0.1,0.3,0.155556,0.5603,0.441813,0.428192,0.444659,0.3245,0.442807,0.488469,0.493382,0.0,0.0,0.0,0.0,0.0,0.0,0.0,0.0,-0.098646,-0.222222,0.048769,0.0,-0.155556,0.115641,-0.168882,0.0,0.0,30-39,static,Sub-Inspector,left-wing extremism area,0
0.3174,0.41314,0.369639,0.367539,0.0,0.666667,0.377778,0.188889,0.479271,0.372067,0.392394,0.385869,0.25,0.25,0.25,0.25,0.0,0.0,0.0,0.0,0.435514,0.43354,0.441687,0.404684,0.0,0.0,0.0,0.0,0.420714,0.36321,0.35788,0.356638,0.0,0.0,0.0,0.0,-0.050139,-0.188889,0.093403,0.0,0.0,0.03083,0.0,0.064077,0.0,40-plus,static,Inspector,election duty,0
0.300071,0.36702,0.333671,0.349776,0.0,0.0,0.0,0.0,0.424214,0.370533,0.358781,0.331874,0.25,0.25,0.25,0.25,0.0,0.466667,0.155556,0.155556,0.413843,0.36649,0.334308,0.298815,0.0,0.0,0.0,0.0,0.0,0.0,0.0,0.0,0.0,0.0,0.0,0.0,-0.049704,0.0,0.09234,0.0,-0.155556,0.115028,0.0,0.0,0.0,40-plus,static,Assistant Commandant,left-wing extremism area,0
0.360314,0.339467,0.301528,0.344186,0.0,0.0,0.0,0.0,0.417057,0.455727,0.400613,0.371623,0.75,0.75,0.75,0.75,0.0,0.0,0.155556,0.077778,0.4044,0.35975,0.328806,0.346693,0.1904,0.1904,0.1904,0.1904,0.365471,0.298337,0.333429,0.335843,0.0,0.0,0.0,0.0,0.016129,0.0,0.045434,0.0,-0.077778,0.057707,0.0,0.029628,0.0,under-30,static,Head Constable,law and order deployment,0
0.261243,0.33122,0.271018,0.305313,0.0,0.0,0.0,0.172222,0.1907,0.33118,0.314253,0.331753,0.75,0.75,0.75,0.75,0.0,0.0,0.155556,0.094444,0.5093,0.437263,0.435257,0.391366,0.4608,0.4608,0.35991,0.355533,0.3749,0.371033,0.361397,0.344632,0.0,0.0,0.0,0.0,-0.04407,-0.172222,-0.141053,0.0,-0.094444,0.117934,0.105267,0.030268,0.0,40-plus,static,Inspector,group centre,0
0.4278,0.471093,0.412563,0.362549,0.0,0.0,0.0,0.161111,0.219529,0.28014,0.301758,0.296909,0.25,0.25,0.25,0.25,0.0,0.0,0.0,0.077778,0.3788,0.370113,0.346549,0.352399,0.2435,0.3499,0.393367,0.327469,0.0,0.0,0.0,0.0,0.0,0.0,0.0,0.0,0.065251,-0.161111,-0.07738,0.0,-0.077778,0.026401,-0.083969,0.0,0.0,40-plus,static,Assistant Commandant,election duty,0
0.5287,0.445793,0.395082,0.365754,0.0,0.0,0.0,0.188889,0.3286,0.43484,0.380989,0.386677,0.25,0.25,0.25,0.25,0.0,0.0,0.0,0.0,0.435771,0.41341,0.379127,0.371352,0.0,0.0,0.0,0.0,0.0,0.0,0.0,0.0,0.0,0.0,0.0,0.0,0.162946,-0.188889,-0.058077,0.0,0.0,0.064419,0.0,0.0,0.0,40-plus,static,Inspector,left-wing extremism area,0
0.558971,0.504757,0.485548,0.459888,0.0,0.0,0.466667,0.25,0.426443,0.403463,0.484197,0.489006,0.25,0.25,0.25,0.25,0.0,0.0,0.0,0.0,0.374129,0.450803,0.473864,0.516563,0.5017,0.502867,0.53263,0.575444,0.0,0.0,0.0,0.0,0.0,0.0,0.0,0.0,0.099084,-0.25,-0.062563,0.0,0.0,-0.142434,-0.073744,0.0,0.0,40-plus,static,Inspector,internal security duty,1
0.400043,0.332087,0.357478,0.412757,0.0,0.0,0.411111,0.205556,0.355271,0.465923,0.422211,0.436871,0.25,0.25,0.25,0.25,0.0,0.0,0.0,0.072222,0.492814,0.45608,0.461676,0.411789,0.3161,0.28761,0.27947,0.285913,0.0,0.0,0.0,0.0,0.0,0.0,0.0,0.0,-0.012714,-0.205556,-0.0816,0.0,-0.072222,0.081025,0.030187,0.0,0.0,30-39,static,Sub-Inspector,left-wing extremism area,0
0.293343,0.322247,0.382849,0.402904,0.0,0.0,0.0,0.211111,0.454829,0.466573,0.446807,0.431401,0.25,0.25,0.25,0.25,0.0,0.0,0.0,0.077778,0.236629,0.339183,0.456816,0.427271,0.519057,0.441213,0.492582,0.461789,0.0,0.0,0.0,0.0,0.0,0.0,0.0,0.0,-0.109562,-0.211111,0.023427,0.0,-0.077778,-0.190642,0.057268,0.0,0.0,30-39,static,Head Constable,internal security duty,0
0.314529,0.302253,0.2944,0.327196,0.0,0.0,0.333333,0.166667,0.152057,0.2526,0.306496,0.279187,0.75,0.75,0.75,0.75,0.0,0.0,0.0,0.0,0.297029,0.39018,0.330253,0.331746,0.2773,0.279013,0.321893,0.373807,0.0,0.0,0.0,0.0,0.0,0.0,0.0,0.0,-0.012668,-0.166667,-0.12713,0.0,0.0,-0.034717,-0.096507,0.0,0.0,30-39,static,Assistant Sub-Inspector,group centre,0
0.446414,0.348057,0.331457,0.324187,0.0,0.0,0.0,0.0,0.268429,0.30525,0.32057,0.330765,0.25,0.25,0.25,0.25,0.0,0.0,0.0,0.155556,0.4764,0.336073,0.356414,0.335242,0.3925,0.3925,0.217213,0.246382,0.287886,0.293267,0.308356,0.318447,0.0,0.0,0.0,0.0,0.122228,0.0,-0.062336,0.0,-0.155556,0.141158,0.146118,-0.030562,0.0,40-plus,static,Assistant Commandant,group centre,0
0.665757,0.618797,0.530923,0.478983,0.235,0.235,0.159278,0.079639,0.5452,0.53558,0.550153,0.515414,0.25,0.25,0.25,0.25,0.0,0.0,0.0,0.077778,0.7206,0.611317,0.559751,0.495607,0.0,0.0,0.0,0.0,0.0,0.0,0.0,0.0,0.0,0.0,0.0,0.0,0.186774,0.155361,0.029786,0.0,-0.077778,0.224993,0.0,0.0,0.0,under-30,surged,Head Constable,internal security duty,0
0.7566,0.67136,0.586604,0.493858,0.2616,0.2616,0.482933,0.241467,0.551729,0.56333,0.538557,0.459729,0.25,0.25,0.25,0.25,0.0,0.0,0.0,0.0,0.6746,0.5827,0.568458,0.472732,0.3711,0.38388,0.32927,0.328001,0.0,0.0,0.0,0.0,0.0,0.0,0.0,0.0,0.262742,0.020133,0.092,0.0,0.0,0.201868,0.043099,0.0,0.0,30-39,surged,Sub-Inspector,internal security duty,0
0.2777,0.408237,0.431797,0.426136,0.0,0.0,0.0,0.227778,0.5942,0.493513,0.470547,0.454493,0.25,0.25,0.25,0.25,0.0,0.0,0.0,0.155556,0.502257,0.46894,0.43517,0.456495,0.4377,0.4377,0.471961,0.446081,0.0,0.0,0.0,0.0,0.0,0.0,0.0,0.0,-0.148436,-0.227778,0.139707,0.0,-0.155556,0.045762,-0.008381,0.0,0.0,30-39,static,Head Constable,internal security duty,0
0.5663,0.47011,0.476532,0.454298,0.0,0.0,0.0,0.211111,0.5402,0.524433,0.461491,0.427465,0.25,0.25,0.25,0.25,0.0,0.0,0.155556,0.155556,0.4609,0.36392,0.397544,0.393434,0.0,0.0,0.0,0.0,0.0,0.0,0.0,0.0,0.0,0.0,0.0,0.0,0.112002,-0.211111,0.112735,0.0,-0.155556,0.067466,0.0,0.0,0.0,30-39,static,Sub-Inspector,left-wing extremism area,0
0.584514,0.489393,0.470793,0.45649,0.0,0.0,0.0,0.172222,0.540686,0.538727,0.466627,0.438364,0.75,0.75,0.75,0.75,0.0,0.0,0.155556,0.077778,0.521443,0.532283,0.455097,0.452647,0.0,0.0,0.0,0.0,0.0,0.0,0.0,0.0,0.0,0.0,0.0,0.0,0.128024,-0.172222,0.102321,0.0,-0.077778,0.068796,0.0,0.0,0.0,under-30,static,Head Constable,left-wing extremism area,0
0.393357,0.353633,0.354886,0.356893,0.0,0.0,0.388889,0.194444,0.269071,0.25413,0.319464,0.363329,0.25,0.25,0.25,0.25,0.0,0.0,0.155556,0.077778,0.285543,0.30986,0.395836,0.418586,0.305,0.305,0.381109,0.441271,0.384829,0.33735,0.350296,0.374145,0.0,0.0,0.0,0.0,0.036464,-0.194444,-0.094257,0.0,-0.077778,-0.133043,-0.136271,0.010684,0.0,40-plus,static,Sub-Inspector,left-wing extremism area,0
0.4433,0.36577,0.353071,0.349002,0.0,0.0,0.311111,0.155556,0.4267,0.44976,0.373768,0.365685,0.75,0.75,0.75,0.75,0.0,0.4,0.155556,0.155556,0.2078,0.259477,0.294883,0.327377,0.0,0.0,0.0,0.0,0.0,0.0,0.0,0.0,0.0,0.0,0.0,0.0,0.094298,-0.155556,0.061015,0.0,-0.155556,-0.119577,0.0,0.0,0.0,under-30,static,Constable,law and order deployment,0
0.473029,0.416923,0.381882,0.380057,0.0,0.0,0.377778,0.188889,0.520414,0.367877,0.41064,0.423996,0.75,0.75,0.75,0.75,0.0,0.0,0.0,0.0,0.536371,0.447,0.406073,0.361062,0.2985,0.2985,0.304924,0.346662,0.0,0.0,0.0,0.0,0.0,0.0,0.0,0.0,0.092972,-0.188889,0.096419,0.0,0.0,0.17531,-0.048162,0.0,0.0,40-plus,static,Assistant Commandant,election duty,0
0.384,0.352667,0.372724,0.38939,0.0,0.0,0.366667,0.183333,0.310957,0.424667,0.370103,0.339783,0.75,0.75,0.75,0.75,0.0,0.0,0.0,0.0,0.4572,0.366993,0.352446,0.358528,0.0,0.0,0.0,0.0,0.371529,0.326587,0.331889,0.342762,0.0,0.0,0.0,0.0,-0.00539,-0.183333,-0.028826,0.0,0.0,0.098672,0.0,0.028766,0.0,30-39,static,Assistant Sub-Inspector,internal security duty,0
0.443729,0.30257,0.338017,0.321738,0.0,0.0,0.0,0.166667,0.265514,0.305127,0.347858,0.366253,0.25,0.25,0.25,0.25,0.0,0.0,0.0,0.077778,0.460557,0.336573,0.350887,0.333981,0.0,0.0,0.0,0.0,0.360357,0.30411,0.315386,0.319568,0.0,0.0,0.0,0.0,0.121991,-0.166667,-0.100739,0.0,-0.077778,0.126577,0.0,0.040789,0.0,30-39,static,Head Constable,election duty,0
0.4665,0.42296,0.396293,0.376939,0.0,0.0,0.0,0.194444,0.470786,0.387083,0.413151,0.418098,0.25,0.25,0.25,0.25,0.0,0.0,0.155556,0.155556,0.4475,0.461607,0.395584,0.408114,0.3609,0.37448,0.340592,0.361434,0.345629,0.34762,0.380822,0.368562,0.0,0.0,0.0,0.0,0.089561,-0.194444,0.052687,0.0,-0.155556,0.039386,-0.000534,-0.022933,0.0,under-30,static,Head Constable,election duty,0
0.333657,0.364197,0.340913,0.332568,0.0,0.0,0.0,0.0,0.441257,0.435217,0.329492,0.331187,0.25,0.25,0.25,0.25,0.0,0.0,0.0,0.077778,0.3591,0.35516,0.379299,0.364488,0.0,0.0,0.0,0.0,0.326843,0.29993,0.346283,0.347974,0.0,0.0,0.0,0.0,0.001089,0.0,0.11007,0.0,-0.077778,-0.005388,0.0,-0.021131,0.0,40-plus,static,Assistant Commandant,law and order deployment,0
0.2866,0.380197,0.425807,0.408279,0.0406,0.0406,0.027518,0.135981,0.427,0.410287,0.393651,0.395035,0.25,0.25,0.25,0.25,0.0,0.0,0.0,0.0,0.236,0.30434,0.376229,0.396099,0.0,0.0,0.0,0.0,0.0,0.0,0.0,0.0,0.0,0.0,0.0,0.0,-0.121679,-0.095381,0.031965,0.0,0.0,-0.160099,0.0,0.0,0.0,40-plus,surged,Assistant Commandant,internal security duty,0
0.405443,0.340677,0.344826,0.353049,0.0,0.0,0.0,0.038889,0.4191,0.381653,0.357558,0.347102,0.25,0.25,0.25,0.25,0.0,0.0,0.0,0.0,0.350657,0.36326,0.359611,0.339553,0.0,0.0,0.0,0.0,0.4779,0.363053,0.356169,0.357602,0.0,0.0,0.0,0.0,0.052394,-0.038889,0.071998,0.0,0.0,0.011104,0.0,0.120298,0.0,40-plus,static,Assistant Commandant,group centre,0
0.2515,0.299343,0.372053,0.363266,0.0,0.0,0.0,0.094444,0.290571,0.343793,0.398842,0.407823,0.75,0.75,0.75,0.75,0.0,0.0,0.0,0.077778,0.317871,0.300157,0.291204,0.305566,0.1191,0.1191,0.243722,0.293934,0.423814,0.350393,0.355432,0.3617,0.0,0.0,0.0,0.0,-0.111766,-0.094444,-0.117251,0.0,-0.077778,0.012305,-0.174834,0.062114,0.0,30-39,static,Sub-Inspector,left-wing extremism area,0
0.549757,0.5532,0.473008,0.502312,0.0,0.0,0.0,0.011111,0.3801,0.514803,0.526788,0.513422,0.25,0.25,0.25,0.25,0.0,0.0,0.0,0.0,0.3556,0.48724,0.468442,0.490222,0.0,0.0,0.0,0.0,0.0,0.0,0.0,0.0,0.0,0.0,0.0,0.0,0.047445,-0.011111,-0.133322,0.0,0.0,-0.134622,0.0,0.0,0.0,under-30,static,Constable,internal security duty,1
0.2702,0.3546,0.364701,0.377654,0.0,0.0,0.0,0.0,0.3075,0.287997,0.314369,0.294796,0.25,0.25,0.25,0.25,0.0,0.0,0.0,0.077778,0.2989,0.384423,0.36311,0.343154,0.0,0.0,0.0,0.0,0.298857,0.297543,0.313578,0.312054,0.0,0.0,0.0,0.0,-0.107454,0.0,0.012704,0.0,-0.077778,-0.044254,0.0,-0.013197,0.0,under-30,static,Constable,law and order deployment,0
0.1986,0.292323,0.294146,0.325941,0.0,0.0,0.0,0.061111,0.271886,0.358013,0.362984,0.381804,0.75,0.75,0.75,0.75,0.0,0.0,0.0,0.0,0.3927,0.439787,0.418763,0.388951,0.2447,0.2447,0.2447,0.288901,0.0,0.0,0.0,0.0,0.0,0.0,0.0,0.0,-0.127341,-0.061111,-0.109919,0.0,0.0,0.003749,-0.044201,0.0,0.0,under-30,static,Constable,election duty,0
0.5223,0.55071,0.531139,0.519317,0.0,0.0,0.0,0.261111,0.4253,0.48477,0.511967,0.527067,0.75,0.75,0.75,0.75,0.0,0.0,0.155556,0.077778,0.3568,0.54612,0.54603,0.542082,0.0,0.0,0.0,0.0,0.446686,0.45014,0.470691,0.470254,0.0,0.0,0.0,0.0,0.002983,-0.261111,-0.101767,0.0,-0.077778,-0.185282,0.0,-0.023568,0.0,30-39,static,Sub-Inspector,election duty,1
0.440686,0.3703,0.38804,0.427104,0.0,0.0,0.0,0.205556,0.4788,0.416047,0.407027,0.423788,0.25,0.25,0.25,0.25,0.0,0.0,0.0,0.0,0.2518,0.44414,0.41946,0.402807,0.4167,0.425497,0.444766,0.427821,0.0,0.0,0.0,0.0,0.0,0.0,0.0,0.0,0.013582,-0.205556,0.055012,0.0,0.0,-0.151007,-0.011121,0.0,0.0,40-plus,static,Inspector,law and order deployment,0
0.3707,0.461907,0.471584,0.464114,0.0,0.0,0.0,0.211111,0.3736,0.350397,0.386896,0.41979,0.25,0.25,0.25,0.25,0.0,0.0,0.0,0.0,0.365,0.360147,0.445568,0.420898,0.474357,0.473087,0.472829,0.472764,0.0,0.0,0.0,0.0,0.0,0.0,0.0,0.0,-0.093414,-0.211111,-0.04619,0.0,0.0,-0.055898,0.001593,0.0,0.0,under-30,static,Head Constable,election duty,0
0.462029,0.420973,0.421042,0.411448,0.0,0.0,0.0,0.0,0.315371,0.343333,0.346468,0.388762,0.25,0.25,0.25,0.25,0.0,0.0,0.0,0.0,0.4023,0.353727,0.367818,0.366392,0.274814,0.26154,0.332712,0.420609,0.441971,0.353427,0.374793,0.372104,0.0,0.0,0.0,0.0,0.05058,0.0,-0.073391,0.0,0.0,0.035908,-0.145794,0.069867,0.0,40-plus,static,Sub-Inspector,left-wing extremism area,0
0.3886,0.293647,0.27861,0.295708,0.0,0.0,0.311111,0.155556,0.259043,0.28778,0.30158,0.330926,0.25,0.25,0.25,0.25,0.0,0.0,0.0,0.0,0.417971,0.311107,0.319004,0.324838,0.2485,0.27544,0.2688,0.288001,0.2506,0.241417,0.290888,0.280398,0.0,0.0,0.0,0.0,0.092892,-0.155556,-0.071883,0.0,0.0,0.093134,-0.039501,-0.029798,0.0,40-plus,static,Sub-Inspector,left-wing extremism area,0
0.399571,0.41976,0.507342,0.501856,0.0,0.0,0.077778,0.422222,0.3745,0.47345,0.478993,0.498411,0.75,0.75,0.75,0.75,0.0,0.0,0.0,0.0,0.3087,0.379453,0.425477,0.438437,0.5313,0.5313,0.5232,0.518778,0.0,0.0,0.0,0.0,0.0,0.0,0.0,0.0,-0.102285,-0.422222,-0.123911,0.0,0.0,-0.129737,0.012522,0.0,0.0,under-30,static,Constable,law and order deployment,1
0.1671,0.34585,0.332852,0.337647,0.0,0.366667,0.344444,0.172222,0.3676,0.33672,0.364148,0.324052,0.75,0.75,0.75,0.75,0.0,0.0,0.0,0.0,0.284514,0.260617,0.309108,0.333386,0.0,0.0,0.0,0.0,0.0,0.0,0.0,0.0,0.0,0.0,0.0,0.0,-0.170547,-0.172222,0.043548,0.0,0.0,-0.048871,0.0,0.0,0.0,40-plus,static,Assistant Commandant,election duty,0
0.531629,0.3383,0.353681,0.385152,0.0,0.0,0.0,0.0,0.2999,0.380157,0.382437,0.399582,0.25,0.25,0.25,0.25,0.0,0.0,0.0,0.0,0.390586,0.338343,0.370032,0.365493,0.0,0.0,0.0,0.0,0.0,0.0,0.0,0.0,0.0,0.0,0.0,0.0,0.146477,0.0,-0.099682,0.0,0.0,0.025092,0.0,0.0,0.0,30-39,static,Assistant Sub-Inspector,left-wing extremism area,0
0.391714,0.37783,0.371411,0.379823,0.0,0.1,0.344444,0.172222,0.3408,0.385973,0.393206,0.379674,0.25,0.25,0.25,0.25,0.0,0.0,0.0,0.05,0.446086,0.370987,0.3531,0.335934,0.2754,0.353293,0.368224,0.371582,0.0,0.0,0.0,0.0,0.0,0.0,0.0,0.0,0.011891,-0.172222,-0.038874,0.0,-0.05,0.110151,-0.096182,0.0,0.0,30-39,static,Sub-Inspector,election duty,0
0.286386,0.366647,0.378046,0.344253,0.0,0.0,0.311111,0.177778,0.3114,0.349607,0.297324,0.341397,0.25,0.25,0.25,0.25,0.0,0.0,0.155556,0.155556,0.267329,0.28214,0.395726,0.403304,0.0,0.0,0.0,0.0,0.407457,0.319143,0.343181,0.344587,0.0,0.0,0.0,0.0,-0.057868,-0.177778,-0.029997,0.0,-0.155556,-0.135976,0.0,0.06287,0.0,30-39,static,Assistant Sub-Inspector,election duty,0
0.2495,0.30381,0.360699,0.312171,0.0,0.0,0.0,0.172222,0.382643,0.34179,0.311362,0.332547,0.25,0.25,0.25,0.25,0.0,0.0,0.0,0.0,0.3855,0.315083,0.368917,0.34977,0.2036,0.2036,0.22698,0.25969,0.298857,0.280033,0.306159,0.323162,0.0,0.0,0.0,0.0,-0.062671,-0.172222,0.050096,0.0,0.0,0.03573,-0.05609,-0.024305,0.0,30-39,static,Sub-Inspector,group centre,0
0.2104,0.35228,0.376707,0.348898,0.0,0.0,0.077778,0.177778,0.310871,0.29937,0.357263,0.334769,0.75,0.75,0.75,0.75,0.0,0.0,0.0,0.0,0.324457,0.37431,0.389363,0.389024,0.0,0.0,0.0,0.0,0.306357,0.294153,0.340507,0.338969,0.0,0.0,0.0,0.0,-0.138498,-0.177778,-0.023897,0.0,0.0,-0.064567,0.0,-0.032612,0.0,40-plus,static,Assistant Commandant,group centre,0
0.539343,0.53703,0.463111,0.441998,0.0,0.0,0.0,0.138889,0.261657,0.312747,0.411212,0.435083,0.75,0.75,0.75,0.75,0.0,0.0,0.311111,0.155556,0.4915,0.475383,0.402849,0.419853,0.6698,0.6698,0.5373,0.500457,0.0,0.0,0.0,0.0,0.0,0.0,0.0,0.0,0.097345,-0.138889,-0.173426,0.0,-0.155556,0.071647,0.169343,0.0,0.0,under-30,static,Head Constable,internal security duty,0
0.214214,0.320827,0.298576,0.30551,0.0,0.0,0.0,0.0,0.221657,0.222137,0.349857,0.357204,0.25,0.25,0.25,0.25,0.0,0.0,0.155556,0.155556,0.1909,0.29265,0.340646,0.323646,0.2629,0.2629,0.2629,0.268529,0.0,0.0,0.0,0.0,0.0,0.0,0.0,0.0,-0.091296,0.0,-0.135547,0.0,-0.155556,-0.132746,-0.005629,0.0,0.0,30-39,static,Sub-Inspector,group centre,0
0.313971,0.3548,0.326424,0.359536,0.285714,0.833333,0.388889,0.194444,0.224157,0.334753,0.396747,0.418017,0.25,0.25,0.25,0.25,0.0,0.0,0.155556,0.155556,0.4369,0.444953,0.403811,0.374966,0.3743,0.3743,0.37027,0.352135,0.0,0.0,0.0,0.0,0.0,0.0,0.0,0.0,-0.045565,0.09127,-0.19386,0.0,-0.155556,0.061934,0.022165,0.0,0.0,40-plus,static,Assistant Commandant,left-wing extremism area,0
0.299171,0.372807,0.420834,0.401372,0.0,0.0,0.0,0.061111,0.293829,0.26064,0.314607,0.33676,0.25,0.25,0.25,0.25,0.0,0.0,0.0,0.0,0.503243,0.441493,0.412089,0.416404,0.5308,0.424027,0.362289,0.39902,0.0,0.0,0.0,0.0,0.0,0.0,0.0,0.0,-0.102201,-0.061111,-0.042931,0.0,0.0,0.086839,0.13178,0.0,0.0,under-30,static,Constable,internal security duty,0
0.389929,0.30738,0.3021,0.309234,0.0,0.733333,0.322222,0.161111,0.192643,0.238063,0.276357,0.296378,0.75,0.75,0.75,0.75,0.0,0.0,0.0,0.0,0.308986,0.348077,0.363379,0.327251,0.4366,0.410927,0.329922,0.281377,0.0,0.0,0.0,0.0,0.0,0.0,0.0,0.0,0.080694,-0.161111,-0.103735,0.0,0.0,-0.018265,0.155223,0.0,0.0,30-39,static,Assistant Sub-Inspector,election duty,0
0.497886,0.389783,0.423646,0.425354,0.0,0.433333,0.4,0.2,0.445714,0.455187,0.377864,0.376832,0.75,0.75,0.75,0.75,0.0,0.0,0.0,0.0,0.3381,0.328357,0.359908,0.393407,0.4579,0.4579,0.429884,0.402269,0.0,0.0,0.0,0.0,0.0,0.0,0.0,0.0,0.072531,-0.2,0.068882,0.0,0.0,-0.055307,0.055631,0.0,0.0,40-plus,static,Inspector,law and order deployment,0
0.378543,0.326627,0.389128,0.345661,0.0,0.0,0.1,0.161111,0.393171,0.25332,0.279788,0.303545,0.25,0.25,0.25,0.25,0.0,0.0,0.0,0.0,0.239871,0.241163,0.279222,0.309691,0.1697,0.235523,0.292908,0.261724,0.2869,0.260193,0.32712,0.327104,0.0,0.0,0.0,0.0,0.032882,-0.161111,0.089626,0.0,0.0,-0.06982,-0.092024,-0.040204,0.0,40-plus,static,Inspector,group centre,0
0.278429,0.357747,0.353971,0.376251,0.0,0.0,0.0,0.0,0.472043,0.41503,0.393631,0.38709,0.25,0.25,0.25,0.25,0.0,0.0,0.155556,0.077778,0.2033,0.373947,0.356892,0.363468,0.1491,0.153467,0.234187,0.308048,0.382229,0.335783,0.348909,0.348485,0.0,0.0,0.0,0.0,-0.097823,0.0,0.084953,0.0,-0.077778,-0.160168,-0.158948,0.033744,0.0,under-30,static,Head Constable,law and order deployment,0
0.349271,0.36647,0.408604,0.377793,0.0,0.0,0.355556,0.205556,0.553843,0.462327,0.41949,0.442998,0.75,0.75,0.75,0.75,0.0,0.0,0.0,0.0,0.5268,0.453643,0.392878,0.400889,0.0,0.0,0.0,0.0,0.0,0.0,0.0,0.0,0.0,0.0,0.0,0.0,-0.028522,-0.205556,0.110845,0.0,0.0,0.125911,0.0,0.0,0.0,30-39,static,Assistant Sub-Inspector,election duty,0
0.513771,0.40844,0.436479,0.445445,0.0,0.0,0.0,0.222222,0.395429,0.365307,0.393201,0.395959,0.25,0.25,0.25,0.25,0.0,0.0,0.111111,0.077778,0.5208,0.505193,0.445114,0.420657,0.0,0.0,0.0,0.0,0.421757,0.41512,0.398599,0.397696,0.0,0.0,0.0,0.0,0.068326,-0.222222,-0.00053,0.0,-0.077778,0.100143,0.0,0.024062,0.0,under-30,static,Constable,group centre,0
0.297486,0.425287,0.409283,0.387986,0.0,0.0,0.0,0.0,0.289886,0.37935,0.398357,0.387878,0.75,0.75,0.75,0.75,0.0,0.0,0.0,0.0,0.428786,0.444953,0.358812,0.349297,0.4473,0.4473,0.4473,0.397832,0.0,0.0,0.0,0.0,0.0,0.0,0.0,0.0,-0.0905,0.0,-0.097993,0.0,0.0,0.079488,0.049468,0.0,0.0,30-39,static,Head Constable,election duty,0
0.293929,0.278397,0.368809,0.348492,0.0,0.0,0.0,0.166667,0.282,0.266557,0.307903,0.338051,0.25,0.25,0.25,0.25,0.0,0.0,0.0,0.0,0.282343,0.327233,0.322851,0.331757,0.0,0.0,0.0,0.0,0.365471,0.289577,0.313358,0.315761,0.0,0.0,0.0,0.0,-0.054563,-0.166667,-0.056051,0.0,0.0,-0.049414,0.0,0.04971,0.0,under-30,static,Head Constable,left-wing extremism area,0
0.334357,0.376783,0.365151,0.386113,0.0,0.0,0.4,0.2,0.473743,0.385847,0.377224,0.359633,0.25,0.25,0.25,0.25,0.0,0.0,0.066667,0.077778,0.5363,0.382957,0.410288,0.401619,0.0,0.0,0.0,0.0,0.434329,0.356983,0.371682,0.367753,0.0,0.0,0.0,0.0,-0.051756,-0.2,0.11411,0.0,-0.077778,0.134681,0.0,0.066576,0.0,40-plus,static,Assistant Commandant,internal security duty,0
0.345214,0.36895,0.393683,0.386236,0.0,0.0,0.0,0.183333,0.3863,0.46415,0.405871,0.389886,0.75,0.75,0.75,0.75,0.0,0.0,0.0,0.077778,0.2677,0.343357,0.320834,0.313871,0.3985,0.40365,0.407083,0.362621,0.0,0.0,0.0,0.0,0.0,0.0,0.0,0.0,-0.041021,-0.183333,-0.003586,0.0,-0.077778,-0.046171,0.035879,0.0,0.0,under-30,static,Constable,law and order deployment,0
0.367643,0.412713,0.439786,0.463462,0.0,0.0,0.0,0.0,0.3451,0.395943,0.407507,0.422456,0.25,0.25,0.25,0.25,0.0,0.266667,0.155556,0.077778,0.3185,0.44685,0.443681,0.454508,0.384757,0.356347,0.431262,0.404238,0.0,0.0,0.0,0.0,0.0,0.0,0.0,0.0,-0.095819,0.0,-0.077356,0.0,-0.077778,-0.136008,-0.019481,0.0,0.0,under-30,static,Head Constable,internal security duty,0
0.1983,0.361737,0.360093,0.333373,0.0,0.0,0.333333,0.166667,0.328671,0.40042,0.344813,0.325366,0.75,0.75,0.75,0.75,0.0,0.0,0.1,0.077778,0.345829,0.382037,0.360957,0.366838,0.221386,0.20338,0.25706,0.331098,0.3761,0.376597,0.353524,0.343371,0.0,0.0,0.0,0.0,-0.135073,-0.166667,0.003306,0.0,-0.077778,-0.02101,-0.109712,0.032729,0.0,30-39,static,Sub-Inspector,left-wing extremism area,0
0.38,0.443063,0.3928,0.373216,0.0,0.0,0.0,0.194444,0.375586,0.390157,0.380729,0.367168,0.75,0.75,0.75,0.75,0.0,0.0,0.0,0.0,0.449,0.427043,0.382826,0.396866,0.2473,0.2473,0.266981,0.344435,0.307071,0.341987,0.366658,0.357872,0.0,0.0,0.0,0.0,0.006784,-0.194444,0.008418,0.0,0.0,0.052134,-0.097135,-0.0508,0.0,40-plus,static,Inspector,internal security duty,0
0.5985,0.474833,0.47297,0.451679,0.0,0.0,0.0,0.144444,0.340486,0.383993,0.412086,0.388736,0.75,0.75,0.75,0.75,0.0,0.0,0.0,0.0,0.3815,0.466237,0.441003,0.439843,0.0,0.0,0.0,0.0,0.389286,0.370247,0.402754,0.386504,0.0,0.0,0.0,0.0,0.146821,-0.144444,-0.04825,0.0,0.0,-0.058343,0.0,0.002782,0.0,30-39,static,Sub-Inspector,law and order deployment,0
0.471243,0.427367,0.477056,0.492308,0.0,0.0,0.455556,0.511111,0.6342,0.566847,0.528959,0.523794,0.25,0.25,0.25,0.25,0.142857,0.466667,0.155556,0.155556,0.563986,0.50199,0.523897,0.500971,0.5986,0.5986,0.572733,0.5453,0.0,0.0,0.0,0.0,0.0,0.0,0.0,0.0,-0.021065,-0.511111,0.110406,0.0,-0.012698,0.063015,0.0533,0.0,0.0,under-30,static,Constable,law and order deployment,1
0.308157,0.385353,0.354833,0.407432,0.0,0.0,0.0,0.211111,0.6098,0.509867,0.380474,0.404306,0.25,0.25,0.25,0.25,0.0,0.0,0.155556,0.077778,0.3062,0.460557,0.444326,0.461678,0.5735,0.5735,0.5735,0.572819,0.349743,0.358547,0.393214,0.400332,0.0,0.0,0.0,0.0,-0.099275,-0.211111,0.205494,0.0,-0.077778,-0.155478,0.000681,-0.050589,0.0,30-39,static,Assistant Sub-Inspector,left-wing extremism area,0
0.309157,0.395487,0.369236,0.407071,0.0,0.0,0.0,0.1,0.2924,0.318927,0.366004,0.388993,0.75,0.75,0.75,0.75,0.0,0.0,0.0,0.155556,0.2844,0.41056,0.340224,0.361561,0.0,0.0,0.0,0.0,0.0,0.0,0.0,0.0,0.0,0.0,0.0,0.0,-0.097913,-0.1,-0.096593,0.0,-0.155556,-0.077161,0.0,0.0,0.0,40-plus,static,Sub-Inspector,left-wing extremism area,0
0.2877,0.383153,0.399026,0.375311,0.0,0.0,0.0,0.188889,0.366171,0.368927,0.3869,0.372368,0.25,0.25,0.25,0.25,0.0,0.0,0.0,0.0,0.294914,0.30449,0.386242,0.377611,0.298,0.334493,0.362298,0.369249,0.303014,0.32713,0.34697,0.354797,0.0,0.0,0.0,0.0,-0.087611,-0.188889,-0.006197,0.0,0.0,-0.082697,-0.071249,-0.051783,0.0,30-39,static,Head Constable,election duty,0
0.554643,0.44695,0.507047,0.505778,0.0,0.0,0.455556,0.377778,0.5,0.46062,0.488364,0.481653,0.25,0.25,0.25,0.25,0.0,0.0,0.077778,0.077778,0.5378,0.5218,0.505719,0.507737,0.0,0.0,0.0,0.0,0.0,0.0,0.0,0.0,0.0,0.0,0.0,0.0,0.048865,-0.377778,0.018347,0.0,-0.077778,0.030063,0.0,0.0,0.0,30-39,static,Sub-Inspector,group centre,1
0.466086,0.376637,0.292596,0.317437,0.0,0.0,0.311111,0.155556,0.416286,0.28719,0.294473,0.293654,0.25,0.25,0.25,0.25,0.0,0.0,0.0,0.0,0.354171,0.341133,0.273578,0.309675,0.3751,0.343567,0.284118,0.232917,0.210571,0.25048,0.296191,0.304146,0.0,0.0,0.0,0.0,0.148648,-0.155556,0.122631,0.0,0.0,0.044496,0.142183,-0.093574,0.0,40-plus,static,Inspector,left-wing extremism area,0
0.3814,0.398747,0.4194,0.433555,0.0,0.0,0.0,0.205556,0.455886,0.429047,0.404652,0.399621,0.25,0.25,0.25,0.25,0.0,0.366667,0.155556,0.155556,0.429929,0.402203,0.4376,0.430341,0.0,0.0,0.0,0.0,0.0,0.0,0.0,0.0,0.0,0.0,0.0,0.0,-0.052155,-0.205556,0.056265,0.0,-0.155556,-0.000413,0.0,0.0,0.0,30-39,static,Sub-Inspector,left-wing extremism area,0
0.372,0.292957,0.346392,0.334951,0.0,0.0,0.322222,0.172222,0.416071,0.416873,0.349,0.367215,0.75,0.75,0.75,0.75,0.0,0.0,0.0,0.0,0.298543,0.449933,0.364934,0.348648,0.2596,0.381733,0.452978,0.393269,0.0,0.0,0.0,0.0,0.0,0.0,0.0,0.0,0.037049,-0.172222,0.048856,0.0,0.0,-0.050105,-0.133669,0.0,0.0,40-plus,static,Assistant Commandant,law and order deployment,0
0.554429,0.55427,0.490724,0.43386,0.2119,0.2119,0.288066,0.288477,0.7858,0.684013,0.6225,0.54293,0.75,0.75,0.75,0.75,0.0,0.0,0.0,0.077778,0.726329,0.673683,0.612416,0.522933,0.5907,0.5907,0.554079,0.52742,0.392886,0.362183,0.380942,0.376359,0.0,0.0,0.0,0.0,0.120569,-0.076577,0.24287,0.0,-0.077778,0.203395,0.06328,0.016527,0.0,40-plus,surged,Inspector,internal security duty,0
0.385586,0.515053,0.473982,0.478947,0.0,0.0,0.122222,0.372222,0.3787,0.45476,0.465488,0.453001,0.75,0.75,0.75,0.75,0.0,0.333333,0.222222,0.155556,0.5307,0.42314,0.432561,0.461128,0.0,0.0,0.0,0.0,0.0,0.0,0.0,0.0,0.0,0.0,0.0,0.0,-0.093361,-0.372222,-0.074301,0.0,-0.155556,0.069572,0.0,0.0,0.0,30-39,static,Assistant Sub-Inspector,law and order deployment,0
0.441657,0.421877,0.394101,0.406041,0.0,0.0,0.0,0.194444,0.527871,0.410107,0.42312,0.412579,0.75,0.75,0.75,0.75,0.0,0.0,0.0,0.0,0.3524,0.290047,0.339844,0.364963,0.5562,0.5562,0.453386,0.398653,0.0,0.0,0.0,0.0,0.0,0.0,0.0,0.0,0.035616,-0.194444,0.115293,0.0,0.0,-0.012563,0.157547,0.0,0.0,40-plus,static,Sub-Inspector,internal security duty,0
0.296429,0.345753,0.325551,0.328992,0.0,0.033333,0.355556,0.177778,0.404243,0.36063,0.360113,0.326994,0.25,0.25,0.25,0.25,0.0,0.0,0.066667,0.077778,0.352914,0.332637,0.330311,0.327844,0.4494,0.364933,0.369018,0.373676,0.354557,0.312727,0.349219,0.329554,0.0,0.0,0.0,0.0,-0.032564,-0.177778,0.077248,0.0,-0.077778,0.02507,0.075724,0.025003,0.0,30-39,static,Assistant Sub-Inspector,election duty,0
0.666043,0.607457,0.622217,0.526021,0.2699,0.2699,0.182932,0.324799,0.8003,0.676317,0.606839,0.554249,0.25,0.25,0.25,0.25,0.0,0.0,0.0,0.011111,0.840271,0.7235,0.616064,0.532307,0.54,0.54,0.499207,0.490558,0.0,0.0,0.0,0.0,0.0,0.0,0.0,0.0,0.140022,-0.054899,0.246051,0.0,-0.011111,0.307964,0.049442,0.0,0.0,40-plus,surged,Inspector,internal security duty,0
0.576,0.491393,0.487077,0.447166,0.0,0.0,0.0,0.0,0.3662,0.3188,0.363518,0.376973,0.75,0.75,0.75,0.75,0.0,0.0,0.155556,0.155556,0.3244,0.410313,0.401649,0.428571,0.5543,0.45942,0.404073,0.409292,0.0,0.0,0.0,0.0,0.0,0.0,0.0,0.0,0.128834,0.0,-0.010773,0.0,-0.155556,-0.104171,0.145008,0.0,0.0,40-plus,static,Inspector,left-wing extremism area,0
0.3182,0.371957,0.397764,0.364589,0.0,0.0,0.0,0.0,0.294286,0.301233,0.37929,0.387776,0.25,0.25,0.25,0.25,0.0,0.0,0.0,0.0,0.282357,0.345943,0.393334,0.410193,0.0,0.0,0.0,0.0,0.0,0.0,0.0,0.0,0.0,0.0,0.0,0.0,-0.046389,0.0,-0.09349,0.0,0.0,-0.127836,0.0,0.0,0.0,40-plus,static,Assistant Commandant,election duty,0
0.558743,0.44258,0.432728,0.443355,0.0,0.0,0.388889,0.477778,0.5327,0.51907,0.487249,0.480626,0.25,0.25,0.25,0.25,0.0,0.0,0.0,0.0,0.6138,0.476133,0.431154,0.457347,0.0,0.0,0.0,0.0,0.0,0.0,0.0,0.0,0.0,0.0,0.0,0.0,0.115388,-0.477778,0.052074,0.0,0.0,0.156453,0.0,0.0,0.0,30-39,static,Assistant Sub-Inspector,internal security duty,0
0.4168,0.32424,0.324844,0.34124,0.0,0.0,0.0,0.155556,0.247557,0.246583,0.232487,0.259259,0.25,0.25,0.25,0.25,0.0,0.0,0.022222,0.077778,0.5186,0.391127,0.319671,0.300767,0.0287,0.0287,0.149967,0.187128,0.2033,0.26802,0.305368,0.318499,0.0,0.0,0.0,0.0,0.07556,-0.155556,-0.011702,0.0,-0.077778,0.217833,-0.158428,-0.115199,0.0,30-39,static,Sub-Inspector,internal security duty,0
0.3715,0.35572,0.391396,0.399086,0.0,0.033333,0.455556,0.227778,0.401986,0.393293,0.419081,0.449481,0.75,0.75,0.75,0.75,0.0,0.0,0.0,0.077778,0.354786,0.430267,0.422387,0.432298,0.4039,0.479733,0.492811,0.506146,0.0,0.0,0.0,0.0,0.0,0.0,0.0,0.0,-0.027586,-0.227778,-0.047495,0.0,-0.077778,-0.077513,-0.102246,0.0,0.0,30-39,static,Sub-Inspector,law and order deployment,0
0.489629,0.430963,0.346464,0.371294,0.0,0.0,0.0,0.0,0.294414,0.311577,0.307306,0.310696,0.75,0.75,0.75,0.75,0.714286,0.466667,0.155556,0.077778,0.458686,0.396167,0.39748,0.358207,0.0,0.0,0.0,0.0,0.0,0.0,0.0,0.0,0.0,0.0,0.0,0.0,0.118334,0.0,-0.016281,0.0,0.636508,0.100478,0.0,0.0,0.0,30-39,static,Assistant Sub-Inspector,left-wing extremism area,0
0.4285,0.39253,0.37034,0.398536,0.0,0.0,0.0,0.0,0.3296,0.371107,0.384383,0.388872,0.25,0.25,0.25,0.25,0.0,0.066667,0.155556,0.155556,0.3329,0.456047,0.416781,0.420498,0.4421,0.435373,0.418791,0.429733,0.0,0.0,0.0,0.0,0.0,0.0,0.0,0.0,0.029964,0.0,-0.059272,0.0,-0.155556,-0.087598,0.012367,0.0,0.0,30-39,static,Head Constable,internal security duty,0
0.571414,0.44152,0.427169,0.39471,0.0,0.0,0.0,0.0,0.4987,0.417503,0.367417,0.391243,0.25,0.25,0.25,0.25,0.0,0.0,0.0,0.077778,0.3677,0.421167,0.421427,0.423912,0.4703,0.4703,0.4703,0.4703,0.0,0.0,0.0,0.0,0.0,0.0,0.0,0.0,0.176704,0.0,0.107457,0.0,-0.077778,-0.056212,0.0,0.0,0.0,30-39,static,Sub-Inspector,left-wing extremism area,0
0.548557,0.39782,0.390458,0.419692,0.0,0.0,0.0,0.194444,0.3393,0.398173,0.399122,0.399045,0.25,0.25,0.25,0.25,0.0,0.0,0.0,0.155556,0.2588,0.40492,0.447647,0.463686,0.3068,0.3068,0.335534,0.366279,0.437586,0.368733,0.396854,0.403527,0.0,0.0,0.0,0.0,0.128865,-0.194444,-0.059745,0.0,-0.155556,-0.204886,-0.059479,0.034058,0.0,30-39,static,Assistant Sub-Inspector,election duty,0
0.3021,0.433417,0.392783,0.39817,0.0,0.0,0.0,0.2,0.404486,0.41331,0.389448,0.395112,0.75,0.75,0.75,0.75,0.0,0.0,0.155556,0.077778,0.321029,0.320263,0.388328,0.383626,0.4152,0.4152,0.4152,0.4152,0.299614,0.310803,0.377578,0.367368,0.0,0.0,0.0,0.0,-0.09607,-0.2,0.009374,0.0,-0.077778,-0.062598,0.0,-0.067753,0.0,30-39,static,Sub-Inspector,law and order deployment,0
0.490643,0.309323,0.352332,0.359835,0.0,0.0,0.0,0.0,0.385029,0.452613,0.43043,0.422862,0.25,0.25,0.25,0.25,0.0,0.0,0.0,0.077778,0.2756,0.331073,0.373494,0.407772,0.4545,0.4545,0.425452,0.400732,0.4386,0.349687,0.388214,0.385319,0.0,0.0,0.0,0.0,0.130808,0.0,-0.037833,0.0,-0.077778,-0.132172,0.053768,0.053281,0.0,30-39,static,Sub-Inspector,internal security duty,0
0.3908,0.3777,0.369448,0.368351,0.0,0.2,0.411111,0.205556,0.391514,0.440993,0.453239,0.437862,0.25,0.25,0.25,0.25,0.0,0.0,0.0,0.0,0.324329,0.316447,0.377974,0.406295,0.0,0.0,0.0,0.0,0.3118,0.370107,0.392589,0.376656,0.0,0.0,0.0,0.0,0.022449,-0.205556,-0.046348,0.0,0.0,-0.081966,0.0,-0.064856,0.0,40-plus,static,Inspector,left-wing extremism area,0
0.4105,0.394873,0.370831,0.338076,0.0,0.0,0.166667,0.155556,0.362186,0.315353,0.296339,0.293849,0.25,0.25,0.25,0.25,0.0,0.0,0.155556,0.077778,0.2403,0.278853,0.339333,0.355816,0.455,0.33015,0.244917,0.27575,0.311757,0.266277,0.305238,0.29594,0.0,0.0,0.0,0.0,0.072424,-0.155556,0.068337,0.0,-0.077778,-0.115516,0.17925,0.015817,0.0,40-plus,static,Sub-Inspector,internal security duty,0
0.424829,0.3614,0.344691,0.340924,0.142857,0.8,0.366667,0.183333,0.489329,0.38451,0.345259,0.341003,0.25,0.25,0.25,0.25,0.0,0.0,0.155556,0.077778,0.457986,0.351503,0.37485,0.409957,0.0,0.0,0.0,0.0,0.0,0.0,0.0,0.0,0.0,0.0,0.0,0.0,0.083904,-0.040476,0.148326,0.0,-0.077778,0.048029,0.0,0.0,0.0,40-plus,static,Assistant Commandant,group centre,0
0.6469,0.63346,0.487007,0.407821,0.2756,0.2756,0.186796,0.260064,0.5476,0.631303,0.51488,0.414977,0.25,0.25,0.25,0.25,0.0,0.0,0.0,0.0,0.7344,0.702783,0.574089,0.452866,0.0345,0.0345,0.0345,0.043793,0.339314,0.312513,0.324401,0.323858,0.0,0.0,0.0,0.0,0.239079,0.015536,0.132623,0.0,0.0,0.281534,-0.009293,0.015456,0.0,under-30,surged,Constable,internal security duty,0
0.514429,0.382997,0.455724,0.456083,0.0,0.4,0.444444,0.222222,0.513886,0.517217,0.451073,0.442114,0.25,0.25,0.25,0.25,0.0,0.0,0.0,0.077778,0.3007,0.411217,0.393521,0.424667,0.416857,0.473203,0.415401,0.443544,0.485014,0.388327,0.424452,0.410856,0.0,0.0,0.0,0.0,0.058346,-0.222222,0.071772,0.0,-0.077778,-0.123967,-0.026687,0.074158,0.0,40-plus,static,Inspector,group centre,0
0.353786,0.42846,0.389003,0.359519,0.0,0.0,0.2,0.172222,0.24,0.260307,0.324089,0.349063,0.25,0.25,0.25,0.25,0.0,0.0,0.0,0.005556,0.2101,0.287483,0.339972,0.347459,0.552257,0.55321,0.270983,0.183742,0.326771,0.317713,0.333623,0.327281,0.0,0.0,0.0,0.0,-0.005734,-0.172222,-0.109063,0.0,-0.005556,-0.137359,0.368515,-0.000509,0.0,30-39,static,Assistant Sub-Inspector,law and order deployment,0
0.461029,0.443317,0.383898,0.390973,0.0,0.0,0.0,0.194444,0.5155,0.419347,0.36015,0.366863,0.75,0.75,0.75,0.75,0.0,0.0,0.0,0.111111,0.4753,0.355363,0.340152,0.345481,0.0,0.0,0.0,0.0,0.0,0.0,0.0,0.0,0.0,0.0,0.0,0.0,0.070056,-0.194444,0.148637,0.0,-0.111111,0.129819,0.0,0.0,0.0,30-39,static,Sub-Inspector,election duty,0
0.670857,0.687463,0.598788,0.512123,0.2397,0.2397,0.162463,0.081232,0.740971,0.727583,0.588374,0.515344,0.25,0.25,0.25,0.25,0.0,0.4,0.155556,0.077778,0.671286,0.661707,0.569922,0.524142,0.0,0.0,0.0,0.0,0.0,0.0,0.0,0.0,0.0,0.0,0.0,0.0,0.158734,0.158468,0.225627,0.0,-0.077778,0.147143,0.0,0.0,0.0,under-30,surged,Head Constable,internal security duty,0
0.615643,0.491357,0.441164,0.462991,0.0,0.0,0.0,0.0,0.413186,0.403183,0.391661,0.403636,0.75,0.75,0.75,0.75,0.0,0.0,0.0,0.0,0.456286,0.439193,0.424488,0.461881,0.4589,0.4589,0.4589,0.452255,0.0,0.0,0.0,0.0,0.0,0.0,0.0,0.0,0.152652,0.0,0.00955,0.0,0.0,-0.005595,0.006645,0.0,0.0,30-39,static,Sub-Inspector,law and order deployment,0
0.335371,0.429213,0.415297,0.374365,0.0,0.733333,0.433333,0.216667,0.443943,0.48769,0.435482,0.427518,0.25,0.25,0.25,0.25,0.0,0.0,0.155556,0.138889,0.383643,0.31405,0.385648,0.42662,0.0,0.0,0.0,0.0,0.0,0.0,0.0,0.0,0.0,0.0,0.0,0.0,-0.038994,-0.216667,0.016425,0.0,-0.138889,-0.042977,0.0,0.0,0.0,30-39,static,Head Constable,election duty,0
0.3046,0.396647,0.353436,0.336736,0.0,0.766667,0.322222,0.161111,0.201629,0.273047,0.319887,0.318325,0.25,0.25,0.25,0.25,0.0,0.0,0.0,0.0,0.190714,0.305557,0.32957,0.296686,0.0,0.0,0.0,0.0,0.0,0.0,0.0,0.0,0.0,0.0,0.0,0.0,-0.032136,-0.161111,-0.116696,0.0,0.0,-0.105971,0.0,0.0,0.0,under-30,static,Head Constable,law and order deployment,0
0.348014,0.37618,0.408128,0.389279,0.0,0.0,0.0,0.0,0.2569,0.3414,0.325234,0.353656,0.25,0.25,0.25,0.25,0.0,0.0,0.0,0.0,0.325314,0.35966,0.350198,0.362647,0.3467,0.3467,0.3467,0.3467,0.475671,0.376973,0.380467,0.356227,0.0,0.0,0.0,0.0,-0.041265,0.0,-0.096756,0.0,0.0,-0.037333,0.0,0.119444,0.0,40-plus,static,Assistant Commandant,internal security duty,0
0.338414,0.400953,0.352943,0.386008,0.0,0.0,0.0,0.0,0.4423,0.29886,0.330421,0.348237,0.25,0.25,0.25,0.25,0.0,0.0,0.0,0.077778,0.461186,0.47757,0.422029,0.386865,0.4517,0.4517,0.4517,0.443254,0.0,0.0,0.0,0.0,0.0,0.0,0.0,0.0,-0.047594,0.0,0.094063,0.0,-0.077778,0.074321,0.008446,0.0,0.0,40-plus,static,Sub-Inspector,internal security duty,0
0.696929,0.59549,0.518073,0.483099,0.1502,0.291833,0.441722,0.220861,0.4557,0.652347,0.512509,0.43661,0.25,0.25,0.25,0.25,0.0,0.0,0.0,0.0,0.653957,0.5519,0.491471,0.450192,0.4459,0.4459,0.4843,0.397095,0.0,0.0,0.0,0.0,0.0,0.0,0.0,0.0,0.21383,-0.070661,0.01909,0.0,0.0,0.203765,0.048805,0.0,0.0,40-plus,surged,Inspector,internal security duty,0
0.490986,0.556477,0.462997,0.454881,0.0,0.0,0.0,0.244444,0.5235,0.491127,0.467474,0.474653,0.25,0.25,0.25,0.25,0.0,0.0,0.0,0.077778,0.4483,0.466927,0.478321,0.488423,0.0,0.0,0.0,0.0,0.0,0.0,0.0,0.0,0.0,0.0,0.0,0.0,0.036105,-0.244444,0.048847,0.0,-0.077778,-0.040123,0.0,0.0,0.0,30-39,static,Sub-Inspector,left-wing extremism area,1
0.4727,0.359957,0.41836,0.390554,0.0,0.0,0.355556,0.177778,0.456186,0.463023,0.458397,0.412404,0.25,0.25,0.25,0.25,0.0,0.0,0.0,0.1,0.307314,0.356003,0.327378,0.357347,0.0,0.0,0.0,0.0,0.0,0.0,0.0,0.0,0.0,0.0,0.0,0.0,0.082146,-0.177778,0.043782,0.0,-0.1,-0.050033,0.0,0.0,0.0,40-plus,static,Inspector,internal security duty,0
0.4796,0.306523,0.34946,0.341239,0.0,0.0,0.0,0.066667,0.338843,0.322373,0.271564,0.300601,0.25,0.25,0.25,0.25,0.0,0.0,0.0,0.0,0.346229,0.261963,0.286481,0.30909,0.3942,0.275533,0.211111,0.218406,0.0,0.0,0.0,0.0,0.0,0.0,0.0,0.0,0.138361,-0.066667,0.038242,0.0,0.0,0.037139,0.175794,0.0,0.0,40-plus,static,Assistant Commandant,left-wing extremism area,0
0.7219,0.61941,0.590004,0.486186,0.602457,0.90724,0.484528,0.242264,0.659343,0.708903,0.640686,0.522643,0.75,0.75,0.75,0.75,0.0,0.0,0.155556,0.077778,0.861714,0.761087,0.636009,0.482263,0.0,0.0,0.0,0.0,0.407714,0.343507,0.374709,0.376668,0.0,0.0,0.0,0.0,0.235714,0.360193,0.1367,0.0,-0.077778,0.379452,0.0,0.031047,0.0,30-39,surged,Assistant Sub-Inspector,internal security duty,0
0.277043,0.401993,0.400021,0.379497,0.0,0.0,0.0,0.188889,0.5932,0.46257,0.408668,0.393012,0.75,0.75,0.75,0.75,0.0,0.0,0.155556,0.077778,0.3386,0.42983,0.422218,0.405823,0.2255,0.2255,0.249081,0.249185,0.0,0.0,0.0,0.0,0.0,0.0,0.0,0.0,-0.102454,-0.188889,0.200188,0.0,-0.077778,-0.067223,-0.023685,0.0,0.0,40-plus,static,Assistant Commandant,left-wing extremism area,0
0.414329,0.337813,0.327542,0.292943,0.0,0.1,0.333333,0.166667,0.260386,0.319993,0.324842,0.351761,0.25,0.25,0.25,0.25,0.0,0.0,0.0,0.077778,0.2854,0.399193,0.400733,0.359386,0.0,0.0,0.0,0.0,0.0,0.0,0.0,0.0,0.0,0.0,0.0,0.0,0.121386,-0.166667,-0.091375,0.0,-0.077778,-0.073986,0.0,0.0,0.0,40-plus,static,Inspector,group centre,0
0.423943,0.44052,0.432099,0.41793,0.0,0.0,0.0,0.155556,0.4139,0.49226,0.408538,0.407957,0.25,0.25,0.25,0.25,0.0,0.0,0.0,0.077778,0.365071,0.346973,0.363741,0.360237,0.0,0.0,0.0,0.0,0.0,0.0,0.0,0.0,0.0,0.0,0.0,0.0,0.006013,-0.155556,0.005943,0.0,-0.077778,0.004835,0.0,0.0,0.0,40-plus,static,Inspector,election duty,0
0.2032,0.310573,0.334343,0.354207,0.0,0.0,0.0,0.161111,0.272314,0.30467,0.333611,0.349898,0.25,0.25,0.25,0.25,0.0,0.0,0.0,0.077778,0.4046,0.349867,0.309157,0.332553,0.0065,0.0065,0.147776,0.244438,0.346414,0.29608,0.315238,0.321219,0.0,0.0,0.0,0.0,-0.151007,-0.161111,-0.077583,0.0,-0.077778,0.072047,-0.237938,0.025195,0.0,40-plus,static,Inspector,left-wing extremism area,0
0.390771,0.374163,0.43642,0.431682,0.0,0.0,0.0,0.222222,0.367486,0.456983,0.441027,0.459022,0.75,0.75,0.75,0.75,0.0,0.0,0.0,0.0,0.493657,0.419423,0.46348,0.4353,0.4014,0.500417,0.518289,0.503848,0.0,0.0,0.0,0.0,0.0,0.0,0.0,0.0,-0.04091,-0.222222,-0.091536,0.0,0.0,0.058357,-0.102448,0.0,0.0,under-30,static,Constable,election duty,0
0.494786,0.483517,0.402552,0.435146,0.0,0.0,0.0,0.233333,0.4855,0.466893,0.43103,0.45656,0.75,0.75,0.75,0.75,0.0,0.0,0.0,0.122222,0.395914,0.382313,0.448063,0.459439,0.4542,0.45126,0.442048,0.522406,0.509086,0.40862,0.417392,0.419817,0.0,0.0,0.0,0.0,0.05964,-0.233333,0.02894,0.0,-0.122222,-0.063525,-0.068206,0.089269,0.0,30-39,static,Assistant Sub-Inspector,election duty,0
0.460729,0.427093,0.451794,0.426627,0.0,0.0,0.177778,0.2,0.244943,0.350367,0.403627,0.434101,0.75,0.75,0.75,0.75,0.0,0.0,0.0,0.0,0.391614,0.395313,0.378596,0.391362,0.4268,0.41364,0.269296,0.30683,0.0,0.0,0.0,0.0,0.0,0.0,0.0,0.0,0.034102,-0.2,-0.189158,0.0,0.0,0.000252,0.11997,0.0,0.0,40-plus,static,Assistant Commandant,law and order deployment,0
0.778243,0.733447,0.59727,0.486994,0.2526,0.40208,0.489582,0.244791,0.6768,0.706293,0.619872,0.521693,0.25,0.25,0.25,0.25,0.0,0.0,0.0,0.0,0.592943,0.71411,0.609833,0.51937,0.0,0.0,0.0,0.0,0.469614,0.403033,0.385651,0.392139,0.0,0.0,0.0,0.0,0.291249,0.007809,0.155107,0.0,0.0,0.073573,0.0,0.077475,0.0,30-39,surged,Sub-Inspector,internal security duty,0
0.422257,0.389317,0.32935,0.329521,0.0,0.0,0.0,0.166667,0.4749,0.411283,0.345906,0.341143,0.75,0.75,0.75,0.75,0.0,0.0,0.0,0.0,0.3785,0.389203,0.319466,0.299654,0.0,0.0,0.0,0.0,0.422657,0.310047,0.329327,0.310582,0.0,0.0,0.0,0.0,0.092737,-0.166667,0.133757,0.0,0.0,0.078846,0.0,0.112075,0.0,40-plus,static,Assistant Commandant,law and order deployment,0
0.675057,0.626123,0.570681,0.416873,0.3297,0.3297,0.223463,0.250621,0.7432,0.617207,0.542241,0.440909,0.25,0.25,0.25,0.25,0.0,0.0,0.0,0.0,0.523243,0.586597,0.535359,0.450423,0.3011,0.3011,0.291907,0.245011,0.293071,0.303633,0.317637,0.310941,0.0,0.0,0.0,0.0,0.258184,0.079079,0.302291,0.0,0.0,0.07282,0.056089,-0.017869,0.0,40-plus,surged,Inspector,internal security duty,0
0.341829,0.448097,0.392076,0.402136,0.0,0.0,0.0,0.0,0.4883,0.38158,0.426838,0.423898,0.25,0.25,0.25,0.25,0.0,0.0,0.0,0.0,0.378657,0.363003,0.303973,0.298566,0.0,0.0,0.0,0.0,0.0,0.0,0.0,0.0,0.0,0.0,0.0,0.0,-0.060307,0.0,0.064402,0.0,0.0,0.080092,0.0,0.0,0.0,30-39,static,Sub-Inspector,law and order deployment,0
0.469386,0.386863,0.431963,0.399533,0.0,0.0,0.0,0.05,0.468486,0.3781,0.380173,0.394137,0.25,0.25,0.25,0.25,0.0,0.466667,0.155556,0.155556,0.485414,0.47113,0.442374,0.424716,0.433,0.433,0.433693,0.434047,0.399171,0.35315,0.400392,0.387368,0.0,0.0,0.0,0.0,0.069853,-0.05,0.074348,0.0,-0.155556,0.060698,-0.001047,0.011803,0.0,under-30,static,Head Constable,left-wing extremism area,0
0.453771,0.480263,0.483154,0.469086,0.0,0.0,0.0,0.183333,0.1713,0.295967,0.360622,0.362136,0.75,0.75,0.75,0.75,0.0,0.0,0.0,0.0,0.371643,0.31838,0.383294,0.382922,0.0,0.0,0.0,0.0,0.0,0.0,0.0,0.0,0.0,0.0,0.0,0.0,-0.015315,-0.183333,-0.190836,0.0,0.0,-0.011279,0.0,0.0,0.0,under-30,static,Constable,law and order deployment,0
0.450029,0.35907,0.427132,0.421628,0.0,0.0,0.0,0.0,0.435657,0.46119,0.487226,0.451404,0.25,0.25,0.25,0.25,0.0,0.0,0.0,0.055556,0.3398,0.340263,0.455974,0.456135,0.0,0.0,0.0,0.0,0.0,0.0,0.0,0.0,0.0,0.0,0.0,0.0,0.0284,0.0,-0.015747,0.0,-0.055556,-0.116335,0.0,0.0,0.0,30-39,static,Head Constable,law and order deployment,0
0.341743,0.34496,0.283946,0.292752,0.0,0.2,0.322222,0.161111,0.234229,0.227193,0.233663,0.304616,0.25,0.25,0.25,0.25,0.0,0.0,0.0,0.077778,0.260886,0.23933,0.321284,0.322429,0.0,0.0,0.0,0.0,0.0,0.0,0.0,0.0,0.0,0.0,0.0,0.0,0.048991,-0.161111,-0.070388,0.0,-0.077778,-0.061543,0.0,0.0,0.0,under-30,static,Constable,group centre,0
0.5648,0.567327,0.408257,0.403894,0.0,0.0,0.4,0.211111,0.294,0.40514,0.473188,0.456531,0.25,0.25,0.25,0.25,0.0,0.533333,0.177778,0.088889,0.514986,0.48117,0.423059,0.450779,0.4345,0.49815,0.50505,0.502998,0.4141,0.367877,0.379867,0.384931,0.0,0.0,0.0,0.0,0.160906,-0.211111,-0.162531,0.0,-0.088889,0.064207,-0.068498,0.029169,0.0,30-39,static,Assistant Sub-Inspector,left-wing extremism area,0
0.448429,0.455827,0.432549,0.393167,0.1662,0.1662,0.112647,0.056323,0.4287,0.520647,0.440496,0.385115,0.25,0.25,0.25,0.25,0.428571,0.466667,0.155556,0.155556,0.404457,0.52384,0.461761,0.411172,0.3095,0.309653,0.292327,0.298246,0.0,0.0,0.0,0.0,0.0,0.0,0.0,0.0,0.055261,0.109877,0.043585,0.0,0.273016,-0.006715,0.011254,0.0,0.0,30-39,surged,Head Constable,internal security duty,0
0.4535,0.43946,0.380297,0.364004,0.0,0.733333,0.355556,0.177778,0.426329,0.4465,0.397558,0.376607,0.25,0.25,0.25,0.25,0.0,0.0,0.0,0.0,0.4014,0.274907,0.296423,0.331338,0.0,0.0,0.0,0.0,0.0,0.0,0.0,0.0,0.0,0.0,0.0,0.0,0.089496,-0.177778,0.049721,0.0,0.0,0.070062,0.0,0.0,0.0,under-30,static,Constable,group centre,0
0.264414,0.28072,0.32058,0.355419,0.0,0.0,0.0,0.0,0.500914,0.425653,0.4249,0.448041,0.25,0.25,0.25,0.25,0.0,0.0,0.0,0.0,0.553271,0.420647,0.441642,0.404457,0.0,0.0,0.0,0.0,0.0,0.0,0.0,0.0,0.0,0.0,0.0,0.0,-0.091005,0.0,0.052873,0.0,0.0,0.148815,0.0,0.0,0.0,40-plus,static,Inspector,group centre,0
0.5015,0.499237,0.391816,0.412826,0.0,0.0,0.0,0.0,0.467271,0.416423,0.365087,0.358686,0.25,0.25,0.25,0.25,0.0,0.0,0.0,0.038889,0.422214,0.494877,0.411578,0.412121,0.0,0.0,0.0,0.0,0.349657,0.326697,0.336837,0.349778,0.0,0.0,0.0,0.0,0.088674,0.0,0.108585,0.0,-0.038889,0.010094,0.0,-0.000121,0.0,under-30,static,Constable,law and order deployment,0
0.304814,0.38036,0.388778,0.387256,0.0,0.0,0.0,0.0,0.5153,0.37131,0.367469,0.353199,0.25,0.25,0.25,0.25,0.0,0.0,0.0,0.0,0.3134,0.281373,0.38389,0.398941,0.0,0.0,0.0,0.0,0.394071,0.388043,0.366267,0.371411,0.0,0.0,0.0,0.0,-0.082441,0.0,0.162101,0.0,0.0,-0.085541,0.0,0.022661,0.0,40-plus,static,Sub-Inspector,left-wing extremism area,0
0.3358,0.429793,0.381562,0.383148,0.0,0.0,0.0,0.183333,0.3937,0.441287,0.36962,0.363176,0.75,0.75,0.75,0.75,0.0,0.0,0.122222,0.077778,0.2632,0.394967,0.424787,0.418799,0.0,0.0,0.0,0.0,0.0,0.0,0.0,0.0,0.0,0.0,0.0,0.0,-0.047348,-0.183333,0.030524,0.0,-0.077778,-0.155599,0.0,0.0,0.0,30-39,static,Assistant Sub-Inspector,internal security duty,0
0.526829,0.501317,0.400276,0.429162,0.0,0.6,0.433333,0.216667,0.366729,0.338813,0.404683,0.426327,0.25,0.25,0.25,0.25,0.0,0.0,0.0,0.0,0.508971,0.494847,0.456631,0.453454,0.0,0.0,0.0,0.0,0.0,0.0,0.0,0.0,0.0,0.0,0.0,0.0,0.097666,-0.216667,-0.059599,0.0,0.0,0.055518,0.0,0.0,0.0,40-plus,static,Sub-Inspector,law and order deployment,0
0.507929,0.41332,0.452456,0.475844,0.0,0.0,0.0,0.333333,0.66,0.505593,0.508656,0.483324,0.25,0.25,0.25,0.25,0.0,0.0,0.0,0.077778,0.501157,0.513907,0.468859,0.481041,0.6342,0.6342,0.6342,0.609207,0.480586,0.434157,0.446668,0.448539,0.0,0.0,0.0,0.0,0.032084,-0.333333,0.176676,0.0,-0.077778,0.020116,0.024993,0.032046,0.0,under-30,static,Constable,election duty,1
0.521586,0.38468,0.345569,0.363102,0.0,0.0,0.0,0.0,0.280086,0.316743,0.357528,0.375831,0.25,0.25,0.25,0.25,0.0,0.0,0.0,0.0,0.3474,0.30665,0.36919,0.392236,0.3866,0.3866,0.447073,0.38981,0.0,0.0,0.0,0.0,0.0,0.0,0.0,0.0,0.158483,0.0,-0.095745,0.0,0.0,-0.044836,-0.00321,0.0,0.0,30-39,static,Assistant Sub-Inspector,election duty,0
0.313143,0.397153,0.365437,0.397743,0.0,0.0,0.0,0.0,0.462914,0.436453,0.400281,0.384843,0.25,0.25,0.25,0.25,0.0,0.0,0.155556,0.077778,0.474114,0.405797,0.343376,0.351502,0.4152,0.4152,0.314812,0.212256,0.373786,0.304973,0.346596,0.349466,0.0,0.0,0.0,0.0,-0.0846,0.0,0.078071,0.0,-0.077778,0.122612,0.202944,0.02432,0.0,30-39,static,Sub-Inspector,law and order deployment,0
0.2599,0.268623,0.303087,0.322784,0.0,0.0,0.344444,0.172222,0.3011,0.359927,0.374444,0.381349,0.75,0.75,0.75,0.75,0.0,0.0,0.144444,0.077778,0.265471,0.38643,0.382928,0.404244,0.0,0.0,0.0,0.0,0.0,0.0,0.0,0.0,0.0,0.0,0.0,0.0,-0.062884,-0.172222,-0.080249,0.0,-0.077778,-0.138772,0.0,0.0,0.0,under-30,static,Constable,law and order deployment,0
0.3981,0.377803,0.381947,0.378734,0.0,0.233333,0.411111,0.205556,0.227929,0.29037,0.319828,0.394254,0.25,0.25,0.25,0.25,0.0,0.0,0.0,0.0,0.390171,0.391253,0.428397,0.421066,0.3132,0.32226,0.326287,0.327791,0.0,0.0,0.0,0.0,0.0,0.0,0.0,0.0,0.019366,-0.205556,-0.166326,0.0,0.0,-0.030895,-0.014591,0.0,0.0,40-plus,static,Assistant Commandant,left-wing extremism area,0
0.4344,0.332283,0.354844,0.323009,0.0,0.0,0.344444,0.172222,0.2549,0.33421,0.294372,0.310328,0.25,0.25,0.25,0.25,0.0,0.0,0.0,0.0,0.352614,0.31502,0.277038,0.296128,0.5423,0.5423,0.5423,0.474977,0.322443,0.337487,0.358749,0.354798,0.0,0.0,0.0,0.0,0.111391,-0.172222,-0.055428,0.0,0.0,0.056487,0.067323,-0.032355,0.0,40-plus,static,Sub-Inspector,law and order deployment,0
0.2522,0.36436,0.391352,0.394121,0.0,0.0,0.0,0.061111,0.504986,0.411093,0.461011,0.455539,0.25,0.25,0.25,0.25,0.0,0.0,0.0,0.016667,0.500086,0.41206,0.448317,0.448014,0.4412,0.4412,0.4412,0.491675,0.0,0.0,0.0,0.0,0.0,0.0,0.0,0.0,-0.141921,-0.061111,0.049446,0.0,-0.016667,0.052072,-0.050475,0.0,0.0,40-plus,static,Inspector,internal security duty,0
0.493257,0.40168,0.381401,0.378351,0.0,0.0,0.0,0.183333,0.350614,0.39353,0.378232,0.387491,0.25,0.25,0.25,0.25,0.0,0.0,0.155556,0.077778,0.352257,0.319547,0.350604,0.366928,0.4468,0.4468,0.4468,0.43854,0.322186,0.32257,0.347627,0.35441,0.0,0.0,0.0,0.0,0.114906,-0.183333,-0.036877,0.0,-0.077778,-0.014671,0.00826,-0.032224,0.0,40-plus,static,Sub-Inspector,left-wing extremism area,0
0.545,0.39947,0.406487,0.447189,0.0,0.0,0.3,0.216667,0.406743,0.384363,0.41722,0.438779,0.25,0.25,0.25,0.25,0.0,0.0,0.0,0.0,0.5072,0.449227,0.462274,0.435686,0.0,0.0,0.0,0.0,0.397243,0.385847,0.39217,0.393056,0.0,0.0,0.0,0.0,0.097811,-0.216667,-0.032036,0.0,0.0,0.071514,0.0,0.004187,0.0,40-plus,static,Inspector,left-wing extremism area,0
0.257,0.353297,0.356294,0.351286,0.0,0.0,0.0,0.188889,0.3616,0.42096,0.364964,0.388188,0.25,0.25,0.25,0.25,0.0,0.0,0.0,0.155556,0.333871,0.414713,0.403768,0.365843,0.2569,0.2569,0.260283,0.260283,0.0,0.0,0.0,0.0,0.0,0.0,0.0,0.0,-0.094286,-0.188889,-0.026588,0.0,-0.155556,-0.031972,-0.003383,0.0,0.0,under-30,static,Constable,internal security duty,0
0.2402,0.30542,0.385213,0.396407,0.0,0.0,0.0,0.2,0.541557,0.531087,0.428862,0.411255,0.25,0.25,0.25,0.25,0.0,0.0,0.111111,0.077778,0.3534,0.391887,0.422449,0.411185,0.3817,0.455787,0.459262,0.381413,0.0,0.0,0.0,0.0,0.0,0.0,0.0,0.0,-0.156207,-0.2,0.130302,0.0,-0.077778,-0.057785,0.000287,0.0,0.0,under-30,static,Constable,election duty,0
0.381,0.47618,0.460033,0.423617,0.0,0.0,0.0,0.205556,0.504671,0.457633,0.384904,0.385814,0.25,0.25,0.25,0.25,0.0,0.0,0.155556,0.077778,0.3313,0.4369,0.370213,0.391782,0.3138,0.3138,0.39277,0.420335,0.355257,0.353057,0.377203,0.372558,0.0,0.0,0.0,0.0,-0.042617,-0.205556,0.118858,0.0,-0.077778,-0.060482,-0.106535,-0.017301,0.0,40-plus,static,Inspector,left-wing extremism area,0
0.438457,0.397027,0.406511,0.409362,0.0,0.0,0.0,0.038889,0.443086,0.41248,0.409209,0.396334,0.75,0.75,0.75,0.75,0.0,0.0,0.0,0.0,0.475371,0.42281,0.407882,0.406462,0.0,0.0,0.0,0.0,0.0,0.0,0.0,0.0,0.0,0.0,0.0,0.0,0.029095,-0.038889,0.046751,0.0,0.0,0.068909,0.0,0.0,0.0,40-plus,static,Assistant Commandant,internal security duty,0
0.415329,0.461033,0.435084,0.459284,0.0,0.366667,0.444444,0.222222,0.5621,0.430677,0.464799,0.431279,0.25,0.25,0.25,0.25,0.0,0.0,0.0,0.0,0.377857,0.410003,0.385921,0.410497,0.5728,0.5728,0.530061,0.554885,0.0,0.0,0.0,0.0,0.0,0.0,0.0,0.0,-0.043956,-0.222222,0.130821,0.0,0.0,-0.03264,0.017915,0.0,0.0,30-39,static,Sub-Inspector,left-wing extremism area,0
0.449229,0.379097,0.40708,0.365136,0.0,0.0,0.0,0.177778,0.2361,0.262517,0.313352,0.328646,0.25,0.25,0.25,0.25,0.0,0.0,0.0,0.0,0.365357,0.359273,0.390281,0.375867,0.2316,0.30692,0.397736,0.413155,0.0,0.0,0.0,0.0,0.0,0.0,0.0,0.0,0.084093,-0.177778,-0.092546,0.0,0.0,-0.01051,-0.181555,0.0,0.0,40-plus,static,Inspector,left-wing extremism area,0
0.3102,0.258363,0.335151,0.323285,0.0,0.0,0.0,0.055556,0.449343,0.362973,0.390376,0.369867,0.25,0.25,0.25,0.25,0.0,0.0,0.0,0.038889,0.406714,0.326567,0.334614,0.346664,0.0,0.0,0.0,0.0,0.0,0.0,0.0,0.0,0.0,0.0,0.0,0.0,-0.013085,-0.055556,0.079476,0.0,-0.038889,0.06005,0.0,0.0,0.0,under-30,static,Constable,election duty,0
0.456557,0.396793,0.379594,0.376706,0.0,0.0,0.0,0.183333,0.245114,0.321727,0.323012,0.359875,0.25,0.25,0.25,0.25,0.0,0.433333,0.311111,0.155556,0.4933,0.380733,0.361084,0.384517,0.2386,0.402853,0.324929,0.272641,0.310229,0.345547,0.353418,0.358646,0.0,0.0,0.0,0.0,0.079852,-0.183333,-0.114761,0.0,-0.155556,0.108783,-0.034041,-0.048418,0.0,40-plus,static,Assistant Commandant,group centre,0
0.344157,0.393833,0.427994,0.407257,0.0,0.0,0.0,0.0,0.4231,0.397213,0.443063,0.443157,0.75,0.75,0.75,0.75,0.0,0.2,0.155556,0.155556,0.5126,0.46672,0.413926,0.425403,0.5741,0.5741,0.548443,0.506918,0.456743,0.375923,0.41481,0.398258,0.0,0.0,0.0,0.0,-0.0631,0.0,-0.020057,0.0,-0.155556,0.087197,0.067182,0.058485,0.0,40-plus,static,Inspector,left-wing extremism area,0
0.598986,0.573153,0.476221,0.495341,0.0,0.2,0.488889,0.488889,0.4234,0.39807,0.502807,0.483457,0.75,0.75,0.75,0.75,0.0,0.366667,0.244444,0.122222,0.546429,0.597393,0.534078,0.510127,0.609457,0.453883,0.458903,0.516722,0.0,0.0,0.0,0.0,0.0,0.0,0.0,0.0,0.103645,-0.488889,-0.060057,0.0,-0.122222,0.036301,0.092735,0.0,0.0,40-plus,static,Sub-Inspector,left-wing extremism area,1
0.407143,0.35216,0.434522,0.406613,0.0,0.0,0.4,0.2,0.5242,0.377327,0.360949,0.372439,0.25,0.25,0.25,0.25,0.0,0.466667,0.155556,0.077778,0.3286,0.346847,0.37622,0.398845,0.0,0.0,0.0,0.0,0.339514,0.328983,0.358734,0.363342,0.0,0.0,0.0,0.0,0.00053,-0.2,0.151761,0.0,-0.077778,-0.070245,0.0,-0.023827,0.0,under-30,static,Constable,left-wing extremism area,0
0.420186,0.39769,0.39793,0.421304,0.0,0.0,0.0,0.227778,0.416714,0.397237,0.468654,0.465147,0.25,0.25,0.25,0.25,0.0,0.0,0.0,0.0,0.362229,0.46299,0.519857,0.470835,0.3628,0.57028,0.65036,0.56888,0.490357,0.404827,0.428932,0.440781,0.0,0.0,0.0,0.0,-0.001118,-0.227778,-0.048433,0.0,0.0,-0.108606,-0.20608,0.049576,0.0,30-39,static,Assistant Sub-Inspector,law and order deployment,0
0.380614,0.373723,0.375647,0.37871,0.0,0.0,0.0,0.022222,0.316214,0.400473,0.407763,0.40903,0.25,0.25,0.25,0.25,0.0,0.0,0.0,0.005556,0.419214,0.33583,0.331012,0.347979,0.0,0.0,0.0,0.0,0.3109,0.34942,0.371886,0.357952,0.0,0.0,0.0,0.0,0.001904,-0.022222,-0.092816,0.0,-0.005556,0.071235,0.0,-0.047052,0.0,40-plus,static,Sub-Inspector,law and order deployment,0
0.3597,0.440913,0.462304,0.454417,0.0,0.0,0.0,0.183333,0.4864,0.455403,0.410932,0.406103,0.75,0.75,0.75,0.75,0.0,0.0,0.0,0.0,0.4594,0.47034,0.415863,0.428107,0.4617,0.455687,0.399562,0.506276,0.328229,0.343887,0.399203,0.395738,0.0,0.0,0.0,0.0,-0.094717,-0.183333,0.080297,0.0,0.0,0.031293,-0.044576,-0.067509,0.0,40-plus,static,Sub-Inspector,group centre,0
0.4342,0.46551,0.473096,0.461933,0.0,0.0,0.0,0.216667,0.3015,0.475147,0.426867,0.401331,0.75,0.75,0.75,0.75,0.0,0.0,0.155556,0.077778,0.363871,0.413707,0.41393,0.423485,0.3575,0.402817,0.405939,0.400015,0.0,0.0,0.0,0.0,0.0,0.0,0.0,0.0,-0.027733,-0.216667,-0.099831,0.0,-0.077778,-0.059614,-0.042515,0.0,0.0,40-plus,static,Inspector,left-wing extremism area,0
0.752786,0.770197,0.617917,0.498638,0.2993,0.2993,0.202859,0.101429,0.556029,0.679263,0.56521,0.458505,0.25,0.25,0.25,0.25,0.0,0.466667,0.155556,0.077778,0.5475,0.61931,0.579224,0.453994,0.0,0.0,0.0,0.0,0.0,0.0,0.0,0.0,0.0,0.0,0.0,0.0,0.254148,0.197871,0.097524,0.0,-0.077778,0.093506,0.0,0.0,0.0,under-30,surged,Constable,internal security duty,0
0.3251,0.386527,0.406791,0.361129,0.0,0.0,0.0,0.0,0.315,0.40082,0.43711,0.420503,0.25,0.25,0.25,0.25,0.0,0.466667,0.155556,0.077778,0.521114,0.45227,0.458006,0.425313,0.0,0.0,0.0,0.0,0.419986,0.376167,0.369577,0.363834,0.0,0.0,0.0,0.0,-0.036029,0.0,-0.105503,0.0,-0.077778,0.095801,0.0,0.056151,0.0,40-plus,static,Inspector,law and order deployment,0
0.3174,0.376653,0.434051,0.431639,0.0,0.0,0.0,0.227778,0.449071,0.44777,0.447706,0.439382,0.25,0.25,0.25,0.25,0.0,0.0,0.0,0.0,0.534971,0.54736,0.470748,0.459662,0.6354,0.54332,0.517849,0.591424,0.457443,0.363447,0.405156,0.406517,0.0,0.0,0.0,0.0,-0.114239,-0.227778,0.00969,0.0,0.0,0.075309,0.043976,0.050926,0.0,40-plus,static,Assistant Commandant,internal security duty,0
0.4878,0.375183,0.415754,0.442817,0.0,0.0,0.0,0.005556,0.521443,0.507253,0.442718,0.415976,0.25,0.25,0.25,0.25,0.0,0.0,0.244444,0.122222,0.442671,0.41924,0.423018,0.4249,0.0,0.0,0.0,0.0,0.0,0.0,0.0,0.0,0.0,0.0,0.0,0.0,0.044983,-0.005556,0.105467,0.0,-0.122222,0.017771,0.0,0.0,0.0,40-plus,static,Inspector,internal security duty,0
0.646757,0.503833,0.459934,0.405465,0.1883,0.1883,0.127626,0.230479,0.6076,0.574413,0.480254,0.433334,0.25,0.25,0.25,0.25,0.0,0.0,0.0,0.077778,0.4977,0.54336,0.444507,0.407592,0.0785,0.0785,0.126619,0.170335,0.338729,0.293583,0.314088,0.321221,0.0,0.0,0.0,0.0,0.241292,-0.042179,0.174266,0.0,-0.077778,0.090108,-0.091835,0.017508,0.0,40-plus,surged,Assistant Commandant,internal security duty,0
0.516643,0.404567,0.433054,0.437762,0.0,0.0,0.166667,0.211111,0.312471,0.38648,0.421726,0.411036,0.25,0.25,0.25,0.25,0.0,0.0,0.0,0.0,0.421429,0.45258,0.454523,0.423915,0.6279,0.579287,0.504712,0.468083,0.0,0.0,0.0,0.0,0.0,0.0,0.0,0.0,0.078881,-0.211111,-0.098565,0.0,0.0,-0.002486,0.159817,0.0,0.0,40-plus,static,Sub-Inspector,group centre,0
0.3082,0.29742,0.37537,0.389391,0.0,0.766667,0.422222,0.211111,0.278457,0.39965,0.382578,0.415023,0.25,0.25,0.25,0.25,0.0,0.3,0.155556,0.155556,0.5571,0.408947,0.421067,0.389342,0.4294,0.4294,0.372576,0.33674,0.440157,0.37032,0.382719,0.381056,0.0,0.0,0.0,0.0,-0.081191,-0.211111,-0.136566,0.0,-0.155556,0.167758,0.09266,0.059102,0.0,under-30,static,Head Constable,left-wing extremism area,0
0.290629,0.357827,0.360709,0.346755,0.0,0.0,0.333333,0.166667,0.439957,0.373423,0.355974,0.347437,0.25,0.25,0.25,0.25,0.0,0.0,0.055556,0.077778,0.389186,0.26224,0.254644,0.300279,0.0,0.0,0.0,0.0,0.0,0.0,0.0,0.0,0.0,0.0,0.0,0.0,-0.056126,-0.166667,0.09252,0.0,-0.077778,0.088906,0.0,0.0,0.0,30-39,static,Sub-Inspector,law and order deployment,0
0.3339,0.408743,0.374331,0.344111,0.0,0.0,0.0,0.177778,0.236543,0.30562,0.373511,0.376882,0.75,0.75,0.75,0.75,0.0,0.0,0.133333,0.155556,0.259571,0.339967,0.368398,0.364763,0.2487,0.2487,0.315189,0.331869,0.337171,0.320517,0.342258,0.335285,0.0,0.0,0.0,0.0,-0.010211,-0.177778,-0.140339,0.0,-0.155556,-0.105191,-0.083169,0.001886,0.0,40-plus,static,Sub-Inspector,left-wing extremism area,0
0.464886,0.391543,0.401838,0.357085,0.0,0.0,0.233333,0.177778,0.343757,0.36807,0.347611,0.356506,0.75,0.75,0.75,0.75,0.0,0.4,0.155556,0.077778,0.4609,0.346897,0.362857,0.342069,0.0,0.2531,0.336204,0.336204,0.0,0.0,0.0,0.0,0.0,0.0,0.0,0.0,0.107801,-0.177778,-0.012749,0.0,-0.077778,0.118831,-0.336204,0.0,0.0,30-39,static,Assistant Sub-Inspector,left-wing extremism area,0
0.4292,0.445613,0.375233,0.400608,0.0,0.0,0.0,0.2,0.363,0.42779,0.45845,0.422164,0.25,0.25,0.25,0.25,0.0,0.0,0.155556,0.155556,0.5293,0.39632,0.337987,0.365962,0.0,0.0,0.0,0.0,0.0,0.0,0.0,0.0,0.0,0.0,0.0,0.0,0.028592,-0.2,-0.059164,0.0,-0.155556,0.163338,0.0,0.0,0.0,40-plus,static,Assistant Commandant,election duty,0
0.386743,0.328317,0.384468,0.377988,0.0,0.0,0.377778,0.188889,0.467386,0.38458,0.387412,0.345981,0.25,0.25,0.25,0.25,0.0,0.0,0.155556,0.155556,0.421129,0.40122,0.395071,0.367344,0.0,0.0,0.0,0.0,0.0,0.0,0.0,0.0,0.0,0.0,0.0,0.0,0.008755,-0.188889,0.121405,0.0,-0.155556,0.053784,0.0,0.0,0.0,40-plus,static,Assistant Commandant,left-wing extremism area,0
0.513214,0.350737,0.324393,0.33171,0.0,0.0,0.0,0.027778,0.2325,0.245587,0.308611,0.328988,0.25,0.25,0.25,0.25,0.0,0.0,0.0,0.0,0.366543,0.33026,0.355146,0.341201,0.4511,0.20102,0.260704,0.336095,0.0,0.0,0.0,0.0,0.0,0.0,0.0,0.0,0.181504,-0.027778,-0.096488,0.0,0.0,0.025342,0.115005,0.0,0.0,30-39,static,Assistant Sub-Inspector,law and order deployment,0
0.1798,0.237187,0.32339,0.332179,0.0,0.0,0.0,0.161111,0.315,0.338233,0.341061,0.320458,0.25,0.25,0.25,0.25,0.0,0.0,0.0,0.0,0.1804,0.34771,0.334208,0.329154,0.134,0.134,0.328687,0.31014,0.386743,0.320007,0.3134,0.30913,0.0,0.0,0.0,0.0,-0.152379,-0.161111,-0.005458,0.0,0.0,-0.148754,-0.17614,0.077613,0.0,30-39,static,Assistant Sub-Inspector,election duty,0
0.4014,0.31296,0.297006,0.297844,0.0,0.0,0.311111,0.155556,0.2347,0.229047,0.27542,0.270486,0.75,0.75,0.75,0.75,0.0,0.0,0.0,0.15,0.356243,0.31608,0.315612,0.331249,0.0,0.0,0.0,0.0,0.0,0.0,0.0,0.0,0.0,0.0,0.0,0.0,0.103556,-0.155556,-0.035786,0.0,-0.15,0.024994,0.0,0.0,0.0,under-30,static,Constable,group centre,0
0.606243,0.55802,0.548288,0.513344,0.0,0.666667,0.5,0.25,0.6602,0.50659,0.493397,0.482104,0.25,0.25,0.25,0.25,0.0,0.6,0.2,0.1,0.5529,0.563493,0.543568,0.506463,0.5834,0.591467,0.590286,0.511679,0.0,0.0,0.0,0.0,0.0,0.0,0.0,0.0,0.092898,-0.25,0.178096,0.0,-0.1,0.046437,0.071721,0.0,0.0,under-30,static,Constable,left-wing extremism area,1
0.3936,0.39726,0.3904,0.363627,0.0,0.0,0.0,0.0,0.4111,0.321173,0.358399,0.323382,0.25,0.25,0.25,0.25,0.0,0.0,0.0,0.0,0.363971,0.24763,0.294991,0.320621,0.3984,0.3984,0.208498,0.181116,0.326829,0.256087,0.315102,0.309533,0.0,0.0,0.0,0.0,0.029973,0.0,0.087718,0.0,0.0,0.043351,0.217284,0.017295,0.0,30-39,static,Assistant Sub-Inspector,left-wing extremism area,0
0.619357,0.686757,0.626584,0.490708,0.2588,0.2588,0.175409,0.087704,0.582871,0.542947,0.530829,0.447865,0.25,0.25,0.25,0.25,0.0,0.0,0.0,0.155556,0.778357,0.616517,0.522206,0.438512,0.0,0.0,0.0,0.0,0.0,0.0,0.0,0.0,0.0,0.0,0.0,0.0,0.128649,0.171096,0.135006,0.0,-0.155556,0.339845,0.0,0.0,0.0,30-39,surged,Assistant Sub-Inspector,internal security duty,0
0.275371,0.29952,0.335809,0.335949,0.0,0.0,0.2,0.172222,0.4937,0.316813,0.305519,0.340079,0.25,0.25,0.25,0.25,0.0,0.0,0.0,0.077778,0.365057,0.312413,0.295473,0.34746,0.5613,0.53502,0.359762,0.328384,0.443571,0.314383,0.358492,0.349324,0.0,0.0,0.0,0.0,-0.060578,-0.172222,0.153621,0.0,-0.077778,0.017597,0.232916,0.094248,0.0,under-30,static,Constable,group centre,0
0.4917,0.440127,0.401558,0.405922,0.0,0.0,0.0,0.0,0.4483,0.365483,0.401112,0.437285,0.25,0.25,0.25,0.25,0.0,0.0,0.0,0.0,0.5509,0.4577,0.439128,0.422706,0.0,0.0,0.0,0.0,0.474743,0.356097,0.375323,0.384854,0.0,0.0,0.0,0.0,0.085778,0.0,0.011015,0.0,0.0,0.128194,0.0,0.089888,0.0,under-30,static,Head Constable,election duty,0
0.2485,0.37068,0.364989,0.355229,0.0,0.0,0.0,0.016667,0.2757,0.367653,0.330059,0.316762,0.25,0.25,0.25,0.25,0.0,0.0,0.155556,0.144444,0.362129,0.27052,0.339697,0.371574,0.0,0.0,0.0,0.0,0.363957,0.320063,0.327713,0.333724,0.0,0.0,0.0,0.0,-0.106729,-0.016667,-0.041062,0.0,-0.144444,-0.009446,0.0,0.030233,0.0,30-39,static,Head Constable,group centre,0
0.525386,0.434877,0.414236,0.417565,0.0,0.0,0.0,0.0,0.5118,0.489447,0.463082,0.455398,0.25,0.25,0.25,0.25,0.285714,0.466667,0.155556,0.155556,0.5253,0.469197,0.462952,0.438598,0.2658,0.24532,0.22484,0.267032,0.0,0.0,0.0,0.0,0.0,0.0,0.0,0.0,0.107821,0.0,0.056402,0.0,0.130159,0.086702,-0.001232,0.0,0.0,30-39,static,Head Constable,left-wing extremism area,0
0.388257,0.380797,0.342493,0.316156,0.0,0.6,0.333333,0.166667,0.268129,0.25907,0.309383,0.350707,0.25,0.25,0.25,0.25,0.0,0.0,0.0,0.077778,0.194214,0.324173,0.340963,0.360294,0.0,0.0,0.0,0.0,0.322429,0.306993,0.320894,0.321481,0.0,0.0,0.0,0.0,0.072102,-0.166667,-0.082578,0.0,-0.077778,-0.16608,0.0,0.000948,0.0,40-plus,static,Assistant Commandant,law and order deployment,0
0.433171,0.398517,0.466014,0.458139,0.0,0.0,0.322222,0.222222,0.2973,0.366037,0.433634,0.419538,0.25,0.25,0.25,0.25,0.0,0.466667,0.155556,0.077778,0.339,0.356233,0.385447,0.429896,0.6692,0.6692,0.582978,0.469682,0.0,0.0,0.0,0.0,0.0,0.0,0.0,0.0,-0.024967,-0.222222,-0.122238,0.0,-0.077778,-0.090896,0.199518,0.0,0.0,40-plus,static,Inspector,internal security duty,0
0.463914,0.429123,0.385109,0.365858,0.0,0.0,0.0,0.0,0.266843,0.33989,0.338719,0.364751,0.25,0.25,0.25,0.25,0.0,0.466667,0.311111,0.155556,0.377257,0.33541,0.337391,0.333299,0.0,0.0,0.0,0.0,0.0,0.0,0.0,0.0,0.0,0.0,0.0,0.0,0.098056,0.0,-0.097908,0.0,-0.155556,0.043958,0.0,0.0,0.0,30-39,static,Assistant Sub-Inspector,left-wing extremism area,0
0.5637,0.388453,0.416831,0.381763,0.0,0.2,0.366667,0.183333,0.452886,0.425867,0.355028,0.374023,0.25,0.25,0.25,0.25,0.0,0.0,0.0,0.077778,0.2864,0.27017,0.354193,0.336611,0.3091,0.3091,0.278633,0.291908,0.0,0.0,0.0,0.0,0.0,0.0,0.0,0.0,0.181937,-0.183333,0.078863,0.0,-0.077778,-0.050211,0.017192,0.0,0.0,under-30,static,Head Constable,election duty,0
0.446114,0.413867,0.36141,0.364953,0.0,0.0,0.0,0.0,0.2169,0.2507,0.331031,0.358571,0.25,0.25,0.25,0.25,0.0,0.0,0.0,0.0,0.2704,0.380323,0.409267,0.360312,0.0,0.0,0.0,0.0,0.0,0.0,0.0,0.0,0.0,0.0,0.0,0.0,0.081161,0.0,-0.141671,0.0,0.0,-0.089912,0.0,0.0,0.0,40-plus,static,Assistant Commandant,group centre,0
0.4619,0.47942,0.458562,0.45667,0.0,0.0,0.444444,0.222222,0.5987,0.441713,0.437116,0.432854,0.25,0.25,0.25,0.25,0.0,0.0,0.0,0.0,0.354643,0.34317,0.411836,0.407766,0.3178,0.3178,0.3178,0.305178,0.0,0.0,0.0,0.0,0.0,0.0,0.0,0.0,0.00523,-0.222222,0.165846,0.0,0.0,-0.053123,0.012622,0.0,0.0,30-39,static,Assistant Sub-Inspector,law and order deployment,0
0.396186,0.449647,0.449328,0.430844,0.0,0.0,0.0,0.0,0.439843,0.4737,0.42236,0.415749,0.25,0.25,0.25,0.25,0.0,0.0,0.155556,0.155556,0.468,0.47904,0.458203,0.454748,0.4702,0.55564,0.39763,0.39763,0.0,0.0,0.0,0.0,0.0,0.0,0.0,0.0,-0.034659,0.0,0.024094,0.0,-0.155556,0.013252,0.07257,0.0,0.0,40-plus,static,Sub-Inspector,election duty,0
0.3217,0.379967,0.416939,0.406683,0.0,0.0,0.0,0.0,0.301243,0.37504,0.359363,0.371636,0.25,0.25,0.25,0.25,0.0,0.0,0.0,0.077778,0.205,0.356137,0.378533,0.369579,0.4247,0.40774,0.378859,0.427778,0.0,0.0,0.0,0.0,0.0,0.0,0.0,0.0,-0.084983,0.0,-0.070393,0.0,-0.077778,-0.164579,-0.003078,0.0,0.0,40-plus,static,Inspector,law and order deployment,0
0.204143,0.279163,0.379672,0.408381,0.0,0.0,0.0,0.0,0.431743,0.403897,0.387629,0.374309,0.25,0.25,0.25,0.25,0.0,0.0,0.0,0.0,0.3375,0.369587,0.349341,0.397184,0.4456,0.427337,0.40844,0.441793,0.0,0.0,0.0,0.0,0.0,0.0,0.0,0.0,-0.204238,0.0,0.057434,0.0,0.0,-0.059684,0.003807,0.0,0.0,40-plus,static,Inspector,internal security duty,0
0.3869,0.317263,0.291846,0.282336,0.0,0.0,0.0,0.0,0.2051,0.206797,0.266438,0.298207,0.75,0.75,0.75,0.75,0.0,0.0,0.0,0.0,0.395129,0.247543,0.277677,0.320652,0.3894,0.3894,0.386131,0.229416,0.264386,0.314403,0.314549,0.318423,0.0,0.0,0.0,0.0,0.104564,0.0,-0.093107,0.0,0.0,0.074476,0.159984,-0.054038,0.0,40-plus,static,Assistant Commandant,left-wing extremism area,0
0.257186,0.305037,0.319266,0.329762,0.0,0.0,0.311111,0.161111,0.425786,0.332973,0.381753,0.376914,0.25,0.25,0.25,0.25,0.0,0.0,0.0,0.0,0.256171,0.320857,0.29069,0.290082,0.3303,0.3303,0.362416,0.397861,0.412871,0.299003,0.319112,0.318811,0.0,0.0,0.0,0.0,-0.072577,-0.161111,0.048871,0.0,0.0,-0.03391,-0.067561,0.09406,0.0,under-30,static,Constable,law and order deployment,0
0.3252,0.385253,0.365166,0.353788,0.0,0.0,0.277778,0.172222,0.247114,0.315103,0.34854,0.339212,0.25,0.25,0.25,0.25,0.0,0.0,0.0,0.0,0.3701,0.335847,0.362443,0.373108,0.273314,0.25037,0.206092,0.239551,0.0,0.0,0.0,0.0,0.0,0.0,0.0,0.0,-0.028588,-0.172222,-0.092098,0.0,0.0,-0.003008,0.033764,0.0,0.0,30-39,static,Sub-Inspector,law and order deployment,0
0.2411,0.22438,0.241021,0.265292,0.0,0.0,0.0,0.161111,0.342671,0.330493,0.323078,0.32357,0.75,0.75,0.75,0.75,0.0,0.0,0.0,0.0,0.2826,0.28653,0.26107,0.306672,0.0,0.0,0.180205,0.178632,0.3391,0.29401,0.307844,0.312347,0.0,0.0,0.0,0.0,-0.024192,-0.161111,0.019101,0.0,0.0,-0.024072,-0.178632,0.026753,0.0,40-plus,static,Assistant Commandant,left-wing extremism area,0
0.5627,0.510613,0.406841,0.399442,0.0,0.0,0.0,0.0,0.332971,0.334887,0.38566,0.377888,0.25,0.25,0.25,0.25,0.0,0.133333,0.155556,0.077778,0.326943,0.4072,0.359833,0.347405,0.2349,0.2349,0.22762,0.220085,0.408443,0.32175,0.351924,0.36173,0.0,0.0,0.0,0.0,0.163258,0.0,-0.044917,0.0,-0.077778,-0.020462,0.014815,0.046713,0.0,40-plus,static,Inspector,internal security duty,0
0.526743,0.405557,0.338989,0.360427,0.0,0.0,0.255556,0.183333,0.284557,0.285253,0.330504,0.353139,0.25,0.25,0.25,0.25,0.0,0.0,0.0,0.155556,0.386929,0.269023,0.353658,0.379992,0.415714,0.430347,0.438831,0.422978,0.0,0.0,0.0,0.0,0.0,0.0,0.0,0.0,0.166316,-0.183333,-0.068582,0.0,-0.155556,0.006936,-0.007263,0.0,0.0,40-plus,static,Inspector,left-wing extremism area,0
0.5169,0.441817,0.447596,0.411236,0.0,0.0,0.0,0.0,0.514343,0.476367,0.423159,0.433498,0.25,0.25,0.25,0.25,0.0,0.0,0.155556,0.155556,0.454671,0.505957,0.45783,0.451181,0.4303,0.4303,0.467663,0.405753,0.0,0.0,0.0,0.0,0.0,0.0,0.0,0.0,0.105664,0.0,0.080845,0.0,-0.155556,0.00349,0.024547,0.0,0.0,30-39,static,Assistant Sub-Inspector,election duty,0
0.566743,0.623733,0.582554,0.481364,0.2997,0.2997,0.20313,0.101565,0.634486,0.72299,0.592742,0.465919,0.25,0.25,0.25,0.25,0.0,0.0,0.0,0.155556,0.7538,0.74731,0.601138,0.478376,0.0,0.0,0.0,0.0,0.0,0.0,0.0,0.0,0.0,0.0,0.0,0.0,0.085379,0.198135,0.168567,0.0,-0.155556,0.275424,0.0,0.0,0.0,30-39,surged,Assistant Sub-Inspector,internal security duty,0
0.4059,0.36917,0.341844,0.346121,0.0,0.166667,0.344444,0.172222,0.430171,0.43374,0.359794,0.348131,0.25,0.25,0.25,0.25,0.0,0.0,0.155556,0.077778,0.3825,0.385807,0.361166,0.381161,0.0268,0.0268,0.088381,0.210121,0.0,0.0,0.0,0.0,0.0,0.0,0.0,0.0,0.059779,-0.172222,0.082041,0.0,-0.077778,0.001339,-0.183321,0.0,0.0,30-39,static,Assistant Sub-Inspector,group centre,0
0.513157,0.375893,0.41764,0.443771,0.0,0.0,0.0,0.0,0.436243,0.376567,0.398426,0.423396,0.75,0.75,0.75,0.75,0.0,0.0,0.155556,0.077778,0.492229,0.523687,0.476757,0.463818,0.2991,0.458337,0.441003,0.474009,0.466129,0.387157,0.395741,0.405629,0.0,0.0,0.0,0.0,0.069387,0.0,0.012847,0.0,-0.077778,0.028411,-0.174909,0.0605,0.0,30-39,static,Assistant Sub-Inspector,group centre,0
0.3163,0.27402,0.310911,0.315145,0.0,0.0,0.344444,0.172222,0.4331,0.304683,0.309973,0.32689,0.25,0.25,0.25,0.25,0.0,0.0,0.0,0.077778,0.330929,0.32941,0.333113,0.348837,0.0,0.0,0.0,0.0,0.349057,0.29412,0.325943,0.339369,0.0,0.0,0.0,0.0,0.001155,-0.172222,0.10621,0.0,-0.077778,-0.017909,0.0,0.009688,0.0,under-30,static,Head Constable,group centre,0
0.577314,0.48802,0.460077,0.491061,0.0,0.0,0.0,0.25,0.5237,0.453887,0.513278,0.485454,0.75,0.75,0.75,0.75,0.0,0.0,0.0,0.0,0.574471,0.500097,0.474172,0.477548,0.7323,0.7323,0.7323,0.669347,0.0,0.0,0.0,0.0,0.0,0.0,0.0,0.0,0.086253,-0.25,0.038246,0.0,0.0,0.096924,0.062953,0.0,0.0,under-30,static,Constable,left-wing extremism area,1
0.3295,0.406203,0.41148,0.414004,0.0,0.0,0.0,0.194444,0.4494,0.361823,0.351423,0.352755,0.25,0.25,0.25,0.25,0.0,0.466667,0.155556,0.077778,0.5319,0.43074,0.387069,0.412744,0.0,0.0,0.0,0.0,0.343914,0.36475,0.380998,0.382952,0.0,0.0,0.0,0.0,-0.084504,-0.194444,0.096645,0.0,-0.077778,0.119156,0.0,-0.039037,0.0,40-plus,static,Sub-Inspector,left-wing extremism area,0
0.2969,0.352737,0.395068,0.399667,0.0,0.0,0.0,0.05,0.362114,0.4932,0.466438,0.441408,0.75,0.75,0.75,0.75,0.0,0.0,0.0,0.077778,0.370371,0.36075,0.435403,0.44042,0.4495,0.440167,0.430739,0.410618,0.467071,0.40768,0.424784,0.428466,0.0,0.0,0.0,0.0,-0.102767,-0.05,-0.079294,0.0,-0.077778,-0.070049,0.038882,0.038606,0.0,30-39,static,Assistant Sub-Inspector,left-wing extremism area,0
0.347,0.451857,0.44848,0.464016,0.0,0.0,0.133333,0.233333,0.296557,0.442187,0.476604,0.459518,0.75,0.75,0.75,0.75,0.0,0.0,0.0,0.0,0.319171,0.408707,0.414168,0.400637,0.4457,0.4457,0.48254,0.509934,0.0,0.0,0.0,0.0,0.0,0.0,0.0,0.0,-0.117016,-0.233333,-0.162961,0.0,0.0,-0.081466,-0.064234,0.0,0.0,30-39,static,Head Constable,left-wing extremism area,0
0.1891,0.32496,0.33929,0.312967,0.0,0.0,0.0,0.038889,0.2834,0.31959,0.362387,0.369478,0.25,0.25,0.25,0.25,0.0,0.0,0.155556,0.077778,0.282343,0.29783,0.331956,0.315023,0.4374,0.4374,0.31494,0.23487,0.3695,0.320867,0.330952,0.329779,0.0,0.0,0.0,0.0,-0.123867,-0.038889,-0.086078,0.0,-0.077778,-0.03268,0.20253,0.039721,0.0,40-plus,static,Inspector,internal security duty,0
0.500843,0.461043,0.452373,0.445473,0.0,0.0,0.0,0.0,0.478186,0.497247,0.46468,0.465275,0.75,0.75,0.75,0.75,0.0,0.0,0.0,0.0,0.4326,0.40656,0.356849,0.407703,0.4203,0.4203,0.410893,0.466473,0.395429,0.40316,0.398128,0.407433,0.0,0.0,0.0,0.0,0.05537,0.0,0.012911,0.0,0.0,0.024897,-0.046173,-0.012004,0.0,30-39,static,Assistant Sub-Inspector,election duty,0
0.516814,0.4652,0.432496,0.452847,0.0,0.0,0.0,0.0,0.373357,0.40312,0.372883,0.365022,0.25,0.25,0.25,0.25,0.0,0.0,0.0,0.155556,0.4736,0.35878,0.388278,0.414809,0.0,0.0,0.0,0.0,0.0,0.0,0.0,0.0,0.0,0.0,0.0,0.0,0.063968,0.0,0.008335,0.0,-0.155556,0.058791,0.0,0.0,0.0,40-plus,static,Assistant Commandant,internal security duty,0
0.378914,0.23133,0.267572,0.269361,0.0,0.0,0.0,0.0,0.221129,0.2417,0.26562,0.270248,0.75,0.75,0.75,0.75,0.0,0.0,0.0,0.0,0.4347,0.368537,0.30084,0.289876,0.18,0.18,0.18,0.212264,0.0,0.0,0.0,0.0,0.0,0.0,0.0,0.0,0.109553,0.0,-0.04912,0.0,0.0,0.144824,-0.032264,0.0,0.0,30-39,static,Assistant Sub-Inspector,group centre,0
0.45,0.465387,0.431948,0.419561,0.0,0.0,0.0,0.0,0.595,0.47397,0.44519,0.449734,0.75,0.75,0.75,0.75,0.0,0.0,0.0,0.1,0.306986,0.387853,0.39581,0.432982,0.0,0.0,0.0,0.0,0.328014,0.33663,0.377234,0.380234,0.0,0.0,0.0,0.0,0.030439,0.0,0.145266,0.0,-0.1,-0.125996,0.0,-0.05222,0.0,40-plus,static,Assistant Commandant,left-wing extremism area,0
0.2163,0.357027,0.370983,0.404059,0.0,0.0,0.0,0.0,0.392771,0.3869,0.408793,0.400762,0.25,0.25,0.25,0.25,0.0,0.466667,0.155556,0.155556,0.3753,0.4807,0.479783,0.42813,0.1509,0.1509,0.21937,0.292184,0.0,0.0,0.0,0.0,0.0,0.0,0.0,0.0,-0.187759,0.0,-0.00799,0.0,-0.155556,-0.05283,-0.141284,0.0,0.0,40-plus,static,Inspector,left-wing extremism area,0
0.453229,0.426213,0.459757,0.410632,0.0,0.0,0.255556,0.216667,0.503029,0.416637,0.420987,0.417191,0.75,0.75,0.75,0.75,0.0,0.0,0.0,0.077778,0.491514,0.398623,0.410502,0.436733,0.4334,0.369763,0.341376,0.341376,0.4351,0.38396,0.369703,0.377235,0.0,0.0,0.0,0.0,0.042597,-0.216667,0.085837,0.0,-0.077778,0.054782,0.092024,0.057865,0.0,30-39,static,Assistant Sub-Inspector,law and order deployment,0
0.346657,0.42433,0.340783,0.342499,0.0,0.0,0.322222,0.161111,0.4208,0.37766,0.350171,0.330846,0.25,0.25,0.25,0.25,0.0,0.0,0.0,0.044444,0.365871,0.255367,0.334874,0.295119,0.3703,0.3703,0.317109,0.308942,0.0,0.0,0.0,0.0,0.0,0.0,0.0,0.0,0.004158,-0.161111,0.089954,0.0,-0.044444,0.070753,0.061358,0.0,0.0,under-30,static,Constable,law and order deployment,0
0.5209,0.418837,0.459299,0.437801,0.0,0.0,0.0,0.216667,0.375771,0.413697,0.392081,0.420239,0.25,0.25,0.25,0.25,0.0,0.0,0.155556,0.077778,0.4941,0.424777,0.405627,0.399061,0.4336,0.382893,0.367898,0.381639,0.0,0.0,0.0,0.0,0.0,0.0,0.0,0.0,0.083099,-0.216667,-0.044468,0.0,-0.077778,0.095039,0.051961,0.0,0.0,40-plus,static,Assistant Commandant,law and order deployment,0
0.224614,0.270527,0.312294,0.361948,0.0,0.0,0.0,0.188889,0.2585,0.398833,0.403007,0.377401,0.25,0.25,0.25,0.25,0.0,0.0,0.0,0.0,0.337357,0.272233,0.364836,0.363389,0.31,0.31,0.31,0.32076,0.0,0.0,0.0,0.0,0.0,0.0,0.0,0.0,-0.137333,-0.188889,-0.118901,0.0,0.0,-0.026032,-0.01076,0.0,0.0,under-30,static,Constable,law and order deployment,0
0.4534,0.378963,0.31631,0.32548,0.0,0.0,0.0,0.166667,0.2826,0.353353,0.310607,0.323551,0.75,0.75,0.75,0.75,0.0,0.0,0.155556,0.077778,0.2251,0.278007,0.273132,0.283115,0.0,0.0,0.0,0.0,0.266371,0.300783,0.29581,0.292952,0.0,0.0,0.0,0.0,0.12792,-0.166667,-0.040951,0.0,-0.077778,-0.058015,0.0,-0.026581,0.0,under-30,static,Constable,internal security duty,0
0.3666,0.40541,0.3931,0.398792,0.0,0.2,0.355556,0.177778,0.461686,0.350433,0.333464,0.36029,0.25,0.25,0.25,0.25,0.0,0.0,0.0,0.0,0.437129,0.391937,0.374086,0.389496,0.329,0.329,0.329,0.323402,0.3156,0.32211,0.362314,0.354646,0.0,0.0,0.0,0.0,-0.032192,-0.177778,0.101396,0.0,0.0,0.047632,0.005598,-0.039046,0.0,40-plus,static,Assistant Commandant,internal security duty,0
0.310486,0.4407,0.400818,0.391696,0.0,0.0,0.0,0.0,0.377043,0.398913,0.362318,0.373631,0.75,0.75,0.75,0.75,0.0,0.0,0.0,0.0,0.3651,0.362407,0.334422,0.333602,0.3411,0.3411,0.3411,0.3411,0.363171,0.299687,0.330784,0.346574,0.0,0.0,0.0,0.0,-0.08121,0.0,0.003412,0.0,0.0,0.031498,0.0,0.016598,0.0,40-plus,static,Sub-Inspector,group centre,0
0.393057,0.424913,0.345304,0.333266,0.0,0.0,0.0,0.0,0.459043,0.4024,0.320801,0.338808,0.25,0.25,0.25,0.25,0.0,0.1,0.155556,0.122222,0.404043,0.36504,0.343066,0.319081,0.0,0.0,0.0,0.0,0.372914,0.312903,0.339286,0.326027,0.0,0.0,0.0,0.0,0.059792,0.0,0.120235,0.0,-0.122222,0.084962,0.0,0.046887,0.0,40-plus,static,Assistant Commandant,left-wing extremism area,0
0.493157,0.44064,0.479366,0.421979,0.1083,0.1083,0.073403,0.120035,0.5093,0.50838,0.459758,0.437416,0.25,0.25,0.25,0.25,0.0,0.0,0.133333,0.155556,0.2809,0.459123,0.428597,0.433914,0.3136,0.5246,0.416391,0.424056,0.487857,0.38113,0.39057,0.392734,0.0,0.0,0.0,0.0,0.071178,-0.011735,0.071884,0.0,-0.155556,-0.153014,-0.110456,0.095123,0.0,30-39,surged,Head Constable,internal security duty,0
0.6938,0.657437,0.573594,0.507629,0.1912,0.1912,0.129591,0.142573,0.7025,0.654767,0.599541,0.487903,0.75,0.75,0.75,0.75,0.0,0.0,0.155556,0.077778,0.5923,0.572483,0.582423,0.477646,0.5198,0.5198,0.48715,0.515825,0.4012,0.397743,0.389081,0.389598,0.0,0.0,0.0,0.0,0.186171,0.048627,0.214597,0.0,-0.077778,0.114654,0.003975,0.011602,0.0,under-30,surged,Head Constable,internal security duty,0
0.308643,0.396603,0.413341,0.411809,0.0,0.0,0.0,0.0,0.447643,0.47145,0.448907,0.405734,0.75,0.75,0.75,0.75,0.0,0.0,0.0,0.0,0.374386,0.42244,0.37819,0.378109,0.5713,0.5713,0.471078,0.433937,0.0,0.0,0.0,0.0,0.0,0.0,0.0,0.0,-0.103167,0.0,0.041909,0.0,0.0,-0.003723,0.137363,0.0,0.0,40-plus,static,Assistant Commandant,internal security duty,0
0.317129,0.398947,0.36219,0.338763,0.0,0.4,0.344444,0.172222,0.4051,0.31974,0.361983,0.359885,0.25,0.25,0.25,0.25,0.0,0.466667,0.155556,0.077778,0.3304,0.411083,0.400359,0.378484,0.338,0.338,0.355222,0.323791,0.249929,0.310033,0.323346,0.325473,0.0,0.0,0.0,0.0,-0.021634,-0.172222,0.045215,0.0,-0.077778,-0.048084,0.014209,-0.075544,0.0,40-plus,static,Inspector,election duty,0
0.6003,0.510723,0.504924,0.457562,0.0,0.0,0.0,0.0,0.484414,0.515693,0.44784,0.475116,0.25,0.25,0.25,0.25,0.0,0.0,0.0,0.0,0.522429,0.486123,0.474026,0.484949,0.7423,0.7423,0.722641,0.648082,0.454486,0.4006,0.409239,0.415186,0.0,0.0,0.0,0.0,0.142738,0.0,0.009298,0.0,0.0,0.037479,0.094218,0.0393,0.0,under-30,static,Constable,group centre,1
0.481129,0.4532,0.408843,0.407946,0.0,0.0,0.0,0.0,0.363586,0.330257,0.395663,0.412867,0.75,0.75,0.75,0.75,0.0,0.0,0.0,0.0,0.5002,0.475333,0.414956,0.404443,0.3821,0.3821,0.3821,0.382586,0.0,0.0,0.0,0.0,0.0,0.0,0.0,0.0,0.073183,0.0,-0.049281,0.0,0.0,0.095757,-0.000486,0.0,0.0,under-30,static,Constable,left-wing extremism area,0
0.439,0.358,0.28542,0.322418,0.0,0.0,0.277778,0.166667,0.2745,0.258193,0.300386,0.317261,0.25,0.25,0.25,0.25,0.0,0.0,0.0,0.0,0.2595,0.361017,0.330498,0.355491,0.0,0.0,0.0,0.0,0.0,0.0,0.0,0.0,0.0,0.0,0.0,0.0,0.116582,-0.166667,-0.042761,0.0,0.0,-0.095991,0.0,0.0,0.0,30-39,static,Sub-Inspector,election duty,0
0.765929,0.74158,0.620917,0.499657,0.2688,0.2688,0.182187,0.274427,0.654543,0.667653,0.545457,0.444228,0.25,0.25,0.25,0.25,0.0,0.0,0.155556,0.155556,0.773214,0.729217,0.613796,0.464543,0.0917,0.215377,0.257708,0.345778,0.0,0.0,0.0,0.0,0.0,0.0,0.0,0.0,0.266271,-0.005627,0.210315,0.0,-0.155556,0.308671,-0.254078,0.0,0.0,under-30,surged,Constable,internal security duty,0
0.5288,0.46762,0.436052,0.434216,0.0,0.0,0.0,0.0,0.5518,0.48831,0.444201,0.410264,0.75,0.75,0.75,0.75,0.0,0.0,0.0,0.0,0.5145,0.420127,0.454849,0.438802,0.5155,0.5155,0.4082,0.42333,0.0,0.0,0.0,0.0,0.0,0.0,0.0,0.0,0.094584,0.0,0.141536,0.0,0.0,0.075698,0.09217,0.0,0.0,under-30,static,Constable,election duty,0
0.187014,0.32313,0.330274,0.324331,0.0,0.0,0.0,0.072222,0.418529,0.296273,0.33267,0.331078,0.25,0.25,0.25,0.25,0.0,0.0,0.0,0.0,0.5141,0.439507,0.398717,0.360311,0.234,0.234,0.234,0.271492,0.0,0.0,0.0,0.0,0.0,0.0,0.0,0.0,-0.137317,-0.072222,0.08745,0.0,0.0,0.153789,-0.037492,0.0,0.0,40-plus,static,Assistant Commandant,left-wing extremism area,0
0.321686,0.331947,0.373123,0.380933,0.0,0.0,0.0,0.0,0.364043,0.386663,0.348213,0.358681,0.25,0.25,0.25,0.25,0.0,0.0,0.0,0.0,0.4664,0.37631,0.34926,0.373421,0.3788,0.38332,0.38784,0.412477,0.0,0.0,0.0,0.0,0.0,0.0,0.0,0.0,-0.059248,0.0,0.005362,0.0,0.0,0.092979,-0.033677,0.0,0.0,30-39,static,Head Constable,group centre,0
0.652529,0.60327,0.527557,0.515946,0.0,0.0,0.0,0.272222,0.620843,0.56465,0.562233,0.541269,0.75,0.75,0.75,0.75,0.0,0.0,0.0,0.0,0.571071,0.484,0.463254,0.49575,0.5602,0.57332,0.526603,0.599477,0.0,0.0,0.0,0.0,0.0,0.0,0.0,0.0,0.136582,-0.272222,0.079573,0.0,0.0,0.075321,-0.039277,0.0,0.0,30-39,static,Assistant Sub-Inspector,election duty,1
0.5178,0.389883,0.359897,0.330941,0.285714,0.833333,0.377778,0.188889,0.3488,0.31217,0.368928,0.377092,0.75,0.75,0.75,0.75,0.0,0.1,0.155556,0.155556,0.2553,0.322247,0.324427,0.344292,0.0,0.0,0.0,0.0,0.384843,0.335043,0.352117,0.353415,0.0,0.0,0.0,0.0,0.186859,0.096825,-0.028292,0.0,-0.155556,-0.088992,0.0,0.031428,0.0,30-39,static,Sub-Inspector,internal security duty,0
0.566829,0.424593,0.475884,0.488694,0.0,0.0,0.466667,0.233333,0.5473,0.468067,0.459432,0.472825,0.75,0.75,0.75,0.75,0.0,0.0,0.155556,0.155556,0.4405,0.47882,0.461616,0.455151,0.4913,0.4913,0.4913,0.500772,0.0,0.0,0.0,0.0,0.0,0.0,0.0,0.0,0.078135,-0.233333,0.074475,0.0,-0.155556,-0.014651,-0.009472,0.0,0.0,under-30,static,Constable,group centre,0
0.4959,0.326787,0.325829,0.337888,0.0,0.0,0.033333,0.188889,0.4671,0.355707,0.397171,0.402494,0.25,0.25,0.25,0.25,0.0,0.0,0.0,0.0,0.349943,0.370457,0.395529,0.374879,0.0,0.0,0.0,0.0,0.0,0.0,0.0,0.0,0.0,0.0,0.0,0.0,0.158012,-0.188889,0.064606,0.0,0.0,-0.024936,0.0,0.0,0.0,40-plus,static,Inspector,law and order deployment,0
0.3428,0.33706,0.368699,0.394551,0.0,0.0,0.0,0.211111,0.6031,0.382113,0.407858,0.399331,0.75,0.75,0.75,0.75,0.0,0.0,0.0,0.0,0.518671,0.391393,0.403876,0.404474,0.0,0.0,0.0,0.0,0.0,0.0,0.0,0.0,0.0,0.0,0.0,0.0,-0.051751,-0.211111,0.203769,0.0,0.0,0.114198,0.0,0.0,0.0,under-30,static,Head Constable,election duty,0
0.2892,0.40441,0.417184,0.40108,0.0,0.0,0.0,0.0,0.323314,0.40841,0.384142,0.369404,0.25,0.25,0.25,0.25,0.0,0.0,0.0,0.0,0.260029,0.401183,0.37133,0.41121,0.1768,0.079127,0.059309,0.181135,0.0,0.0,0.0,0.0,0.0,0.0,0.0,0.0,-0.11188,0.0,-0.04609,0.0,0.0,-0.151181,-0.004335,0.0,0.0,30-39,static,Assistant Sub-Inspector,left-wing extremism area,0
0.455429,0.447177,0.388741,0.357397,0.0,0.0,0.0,0.0,0.353229,0.4117,0.396431,0.415119,0.25,0.25,0.25,0.25,0.0,0.0,0.155556,0.077778,0.282571,0.371283,0.364214,0.387967,0.0,0.0,0.0,0.0,0.0,0.0,0.0,0.0,0.0,0.0,0.0,0.0,0.098032,0.0,-0.06189,0.0,-0.077778,-0.105396,0.0,0.0,0.0,30-39,static,Assistant Sub-Inspector,left-wing extremism area,0
0.3827,0.465693,0.440967,0.415725,0.0,0.0,0.0,0.2,0.268586,0.2876,0.319632,0.355341,0.75,0.75,0.75,0.75,0.0,0.0,0.0,0.0,0.4109,0.381167,0.346116,0.360736,0.2099,0.2099,0.325384,0.354215,0.349671,0.334977,0.359696,0.370478,0.0,0.0,0.0,0.0,-0.033025,-0.2,-0.086755,0.0,0.0,0.050164,-0.144315,-0.020807,0.0,30-39,static,Head Constable,election duty,0
0.631486,0.635843,0.62639,0.548076,0.1562,0.1562,0.161424,0.275157,0.4221,0.52167,0.525106,0.49485,0.25,0.25,0.25,0.25,0.0,0.0,0.155556,0.077778,0.6355,0.59496,0.533016,0.458227,0.3387,0.3387,0.3387,0.3387,0.0,0.0,0.0,0.0,0.0,0.0,0.0,0.0,0.08341,-0.118957,-0.07275,0.0,-0.077778,0.177273,0.0,0.0,0.0,under-30,surged,Head Constable,internal security duty,0
0.473,0.425747,0.382971,0.343791,0.1519,0.7173,0.376231,0.188116,0.5583,0.585203,0.472278,0.386731,0.25,0.25,0.25,0.25,0.0,0.0,0.155556,0.077778,0.531729,0.465283,0.432321,0.35588,0.2456,0.2456,0.173532,0.171916,0.0,0.0,0.0,0.0,0.0,0.0,0.0,0.0,0.129209,-0.036216,0.171569,0.0,-0.077778,0.175849,0.073684,0.0,0.0,40-plus,surged,Assistant Commandant,internal security duty,0
0.366157,0.344497,0.306914,0.310982,0.0,0.1,0.322222,0.161111,0.2518,0.309707,0.333341,0.361974,0.25,0.25,0.25,0.25,0.0,0.0,0.011111,0.077778,0.4394,0.319407,0.361296,0.327736,0.0,0.0,0.0,0.0,0.0,0.0,0.0,0.0,0.0,0.0,0.0,0.0,0.055175,-0.161111,-0.110174,0.0,-0.077778,0.111664,0.0,0.0,0.0,under-30,static,Head Constable,election duty,0
0.316014,0.3232,0.375812,0.354386,0.0,0.0,0.022222,0.188889,0.3007,0.29455,0.354179,0.351416,0.25,0.25,0.25,0.25,0.0,0.1,0.233333,0.155556,0.4538,0.32565,0.267586,0.315288,0.4515,0.4113,0.401451,0.387546,0.388643,0.322983,0.361723,0.356511,0.0,0.0,0.0,0.0,-0.038371,-0.188889,-0.050716,0.0,-0.155556,0.138512,0.063954,0.032132,0.0,40-plus,static,Inspector,left-wing extremism area,0
0.4374,0.4439,0.35912,0.398617,0.0,0.0,0.266667,0.194444,0.338,0.42881,0.39994,0.400797,0.25,0.25,0.25,0.25,0.0,0.0,0.0,0.0,0.5193,0.427357,0.37692,0.368792,0.0,0.0,0.0,0.0,0.400557,0.373067,0.353137,0.357924,0.0,0.0,0.0,0.0,0.038783,-0.194444,-0.062797,0.0,0.0,0.150508,0.0,0.042633,0.0,30-39,static,Head Constable,election duty,0
0.4293,0.353407,0.368482,0.364281,0.0,0.0,0.366667,0.183333,0.320571,0.400463,0.361416,0.365392,0.25,0.25,0.25,0.25,0.0,0.0,0.0,0.0,0.468257,0.33483,0.402831,0.406024,0.0,0.0,0.0,0.0,0.0,0.0,0.0,0.0,0.0,0.0,0.0,0.0,0.065019,-0.183333,-0.044821,0.0,0.0,0.062233,0.0,0.0,0.0,under-30,static,Head Constable,group centre,0
0.297014,0.30248,0.352071,0.380654,0.0,0.0,0.0,0.133333,0.4106,0.428613,0.363599,0.303103,0.25,0.25,0.25,0.25,0.0,0.0,0.0,0.0,0.4009,0.273187,0.291126,0.317806,0.2189,0.2189,0.2189,0.224435,0.0,0.0,0.0,0.0,0.0,0.0,0.0,0.0,-0.08364,-0.133333,0.107497,0.0,0.0,0.083094,-0.005535,0.0,0.0,40-plus,static,Sub-Inspector,group centre,0
0.456571,0.31499,0.381169,0.373732,0.0,0.0,0.0,0.194444,0.365486,0.429677,0.446773,0.389999,0.25,0.25,0.25,0.25,0.0,0.0,0.0,0.0,0.4726,0.428887,0.396732,0.384426,0.0,0.0,0.0,0.0,0.0,0.0,0.0,0.0,0.0,0.0,0.0,0.0,0.08284,-0.194444,-0.024513,0.0,0.0,0.088174,0.0,0.0,0.0,30-39,static,Sub-Inspector,law and order deployment,0
0.504314,0.495657,0.39059,0.390301,0.0,0.0,0.355556,0.177778,0.407829,0.41327,0.391267,0.355765,0.25,0.25,0.25,0.25,0.0,0.0,0.155556,0.083333,0.380386,0.402553,0.363617,0.36509,0.224829,0.247653,0.252284,0.253442,0.300843,0.33419,0.339931,0.335349,0.0,0.0,0.0,0.0,0.114014,-0.177778,0.052064,0.0,-0.083333,0.015296,-0.028614,-0.034507,0.0,under-30,static,Head Constable,group centre,0
0.345271,0.43678,0.45212,0.444735,0.0,0.0,0.0,0.0,0.2653,0.39662,0.431646,0.427892,0.75,0.75,0.75,0.75,0.0,0.466667,0.311111,0.155556,0.3137,0.390833,0.43868,0.431249,0.396,0.396,0.396,0.396,0.0,0.0,0.0,0.0,0.0,0.0,0.0,0.0,-0.099464,0.0,-0.162592,0.0,-0.155556,-0.117549,0.0,0.0,0.0,30-39,static,Sub-Inspector,internal security duty,0
0.310929,0.275713,0.328331,0.323612,0.0,0.733333,0.333333,0.166667,0.423971,0.347147,0.334757,0.314064,0.75,0.75,0.75,0.75,0.0,0.0,0.0,0.044444,0.1802,0.20406,0.295192,0.300797,0.164814,0.169097,0.170376,0.178194,0.386286,0.309527,0.329491,0.329707,0.0,0.0,0.0,0.0,-0.012684,-0.166667,0.109908,0.0,-0.044444,-0.120597,-0.01338,0.056579,0.0,30-39,static,Head Constable,election duty,0
0.2525,0.268523,0.301254,0.291584,0.0,0.0,0.311111,0.155556,0.404071,0.3064,0.298169,0.327269,0.25,0.25,0.25,0.25,0.0,0.0,0.0,0.0,0.209914,0.364337,0.319959,0.306351,0.0,0.0,0.0,0.0,0.0,0.0,0.0,0.0,0.0,0.0,0.0,0.0,-0.039084,-0.155556,0.076802,0.0,0.0,-0.096436,0.0,0.0,0.0,under-30,static,Head Constable,law and order deployment,0
0.3229,0.3128,0.306146,0.294331,0.0,0.0,0.0,0.15,0.244386,0.30155,0.32675,0.360263,0.25,0.25,0.25,0.25,0.0,0.0,0.0,0.0,0.399043,0.381973,0.378177,0.364712,0.0,0.0,0.0,0.0,0.0,0.0,0.0,0.0,0.0,0.0,0.0,0.0,0.028569,-0.15,-0.115877,0.0,0.0,0.034331,0.0,0.0,0.0,40-plus,static,Sub-Inspector,law and order deployment,0
0.256814,0.246793,0.299767,0.305392,0.0,0.0,0.0,0.0,0.494971,0.39557,0.38713,0.358976,0.75,0.75,0.75,0.75,0.0,0.0,0.0,0.077778,0.419843,0.316863,0.358043,0.358929,0.0,0.0,0.0,0.0,0.0,0.0,0.0,0.0,0.0,0.0,0.0,0.0,-0.048577,0.0,0.135996,0.0,-0.077778,0.060913,0.0,0.0,0.0,under-30,static,Constable,group centre,0
0.2883,0.42599,0.463287,0.420197,0.0,0.0,0.0,0.177778,0.3342,0.339587,0.404723,0.437873,0.25,0.25,0.25,0.25,0.0,0.0,0.0,0.077778,0.475457,0.488947,0.48237,0.470222,0.419,0.419,0.43271,0.421321,0.407671,0.38038,0.378261,0.38693,0.0,0.0,0.0,0.0,-0.131897,-0.177778,-0.103673,0.0,-0.077778,0.005235,-0.002321,0.020741,0.0,under-30,static,Head Constable,internal security duty,0
0.2824,0.235807,0.367674,0.350806,0.0,0.0,0.377778,0.188889,0.358271,0.37689,0.344474,0.343419,0.25,0.25,0.25,0.25,0.0,0.0,0.0,0.0,0.469914,0.450583,0.393537,0.406243,0.4066,0.4066,0.317857,0.393191,0.4039,0.354197,0.361893,0.35553,0.0,0.0,0.0,0.0,-0.068406,-0.188889,0.014852,0.0,0.0,0.063672,0.013409,0.04837,0.0,40-plus,static,Assistant Commandant,left-wing extremism area,0
0.412729,0.448463,0.424347,0.410768,0.0,0.0,0.0,0.0,0.4912,0.483887,0.432234,0.433502,0.75,0.75,0.75,0.75,0.0,0.0,0.0,0.155556,0.4905,0.48584,0.431692,0.417297,0.381129,0.345917,0.34357,0.355099,0.0,0.0,0.0,0.0,0.0,0.0,0.0,0.0,0.00196,0.0,0.057698,0.0,-0.155556,0.073203,0.026029,0.0,0.0,under-30,static,Constable,left-wing extremism area,0
0.329129,0.305377,0.338889,0.323184,0.0,0.0,0.0,0.177778,0.272829,0.333477,0.340983,0.339491,0.25,0.25,0.25,0.25,0.0,0.0,0.0,0.0,0.3327,0.41602,0.378998,0.345732,0.3425,0.179733,0.210578,0.337452,0.329343,0.329297,0.341047,0.339717,0.0,0.0,0.0,0.0,0.005944,-0.177778,-0.066662,0.0,0.0,-0.013032,0.005048,-0.010374,0.0,under-30,static,Constable,left-wing extremism area,0
0.358329,0.35149,0.35221,0.362197,0.0,0.0,0.0,0.083333,0.4645,0.45566,0.39479,0.385517,0.25,0.25,0.25,0.25,0.0,0.0,0.0,0.0,0.273329,0.37648,0.32731,0.371686,0.0,0.0,0.0,0.0,0.0,0.0,0.0,0.0,0.0,0.0,0.0,0.0,-0.003868,-0.083333,0.078983,0.0,0.0,-0.098358,0.0,0.0,0.0,under-30,static,Constable,internal security duty,0
0.4674,0.477083,0.39097,0.386906,0.0,0.533333,0.4,0.2,0.4334,0.29654,0.354707,0.371728,0.25,0.25,0.25,0.25,0.0,0.0,0.0,0.0,0.2803,0.378637,0.389382,0.380981,0.0,0.0,0.0,0.0,0.355671,0.320277,0.352393,0.351868,0.0,0.0,0.0,0.0,0.080494,-0.2,0.061672,0.0,0.0,-0.100681,0.0,0.003803,0.0,30-39,static,Sub-Inspector,group centre,0
0.342586,0.372277,0.397938,0.426448,0.0,0.0,0.0,0.0,0.292671,0.37535,0.402401,0.412325,0.25,0.25,0.25,0.25,0.0,0.0,0.0,0.0,0.545443,0.427847,0.441742,0.463266,0.3476,0.3476,0.39302,0.42396,0.346571,0.361873,0.398033,0.397071,0.0,0.0,0.0,0.0,-0.083862,0.0,-0.119654,0.0,0.0,0.082177,-0.07636,-0.050499,0.0,under-30,static,Constable,left-wing extremism area,0
0.435729,0.368037,0.311604,0.309217,0.0,0.0,0.166667,0.177778,0.284571,0.3136,0.283329,0.308297,0.25,0.25,0.25,0.25,0.0,0.0,0.0,0.0,0.431614,0.41719,0.385037,0.376132,0.0,0.0,0.0,0.0,0.0,0.0,0.0,0.0,0.0,0.0,0.0,0.0,0.126511,-0.177778,-0.023725,0.0,0.0,0.055482,0.0,0.0,0.0,30-39,static,Head Constable,left-wing extremism area,0
0.6804,0.5881,0.557492,0.452172,0.2338,0.2338,0.158464,0.079232,0.6768,0.635143,0.537949,0.451492,0.25,0.25,0.25,0.25,0.0,0.0,0.0,0.0,0.5554,0.55501,0.487464,0.444239,0.3814,0.3814,0.38006,0.365059,0.0,0.0,0.0,0.0,0.0,0.0,0.0,0.0,0.228228,0.154568,0.225308,0.0,0.0,0.111161,0.016341,0.0,0.0,30-39,surged,Sub-Inspector,internal security duty,0
0.5263,0.43329,0.467219,0.506505,0.0,0.666667,0.533333,0.266667,0.618943,0.473453,0.507494,0.495549,0.75,0.75,0.75,0.75,0.0,0.0,0.0,0.077778,0.387129,0.451107,0.491392,0.448721,0.5861,0.574193,0.513362,0.556391,0.519743,0.41682,0.452552,0.449675,0.0,0.0,0.0,0.0,0.019795,-0.266667,0.123393,0.0,-0.077778,-0.061592,0.029709,0.070068,0.0,under-30,static,Constable,group centre,0
0.462729,0.391677,0.418652,0.417669,0.0,0.0,0.0,0.0,0.323714,0.394647,0.380892,0.406556,0.25,0.25,0.25,0.25,0.0,0.0,0.0,0.0,0.289771,0.326653,0.353731,0.371808,0.5754,0.5542,0.398343,0.460667,0.0,0.0,0.0,0.0,0.0,0.0,0.0,0.0,0.045059,0.0,-0.082842,0.0,0.0,-0.082036,0.114733,0.0,0.0,30-39,static,Head Constable,election duty,0
0.2471,0.308133,0.355579,0.353673,0.0,0.0,0.355556,0.177778,0.371914,0.327343,0.349637,0.380293,0.25,0.25,0.25,0.25,0.0,0.0,0.0,0.0,0.367743,0.368853,0.356833,0.365479,0.0,0.0,0.0,0.0,0.331171,0.32776,0.341806,0.33963,0.0,0.0,0.0,0.0,-0.106573,-0.177778,-0.008379,0.0,0.0,0.002263,0.0,-0.008459,0.0,40-plus,static,Assistant Commandant,law and order deployment,0
0.412129,0.327913,0.327203,0.3429,0.0,0.0,0.077778,0.155556,0.3277,0.3226,0.349666,0.345847,0.25,0.25,0.25,0.25,0.0,0.0,0.155556,0.077778,0.3698,0.34448,0.289001,0.266274,0.3691,0.3691,0.252958,0.27008,0.0,0.0,0.0,0.0,0.0,0.0,0.0,0.0,0.069229,-0.155556,-0.018147,0.0,-0.077778,0.103526,0.09902,0.0,0.0,40-plus,static,Inspector,group centre,0
0.436957,0.396183,0.432876,0.427448,0.0,0.0,0.0,0.0,0.2539,0.36617,0.380928,0.377718,0.25,0.25,0.25,0.25,0.0,0.0,0.155556,0.155556,0.498843,0.351957,0.376163,0.376996,0.0,0.0,0.0,0.0,0.378114,0.352807,0.34856,0.348811,0.0,0.0,0.0,0.0,0.009509,0.0,-0.123818,0.0,-0.155556,0.121847,0.0,0.029304,0.0,under-30,static,Head Constable,election duty,0
0.303614,0.326063,0.356916,0.327568,0.0,0.066667,0.344444,0.172222,0.2403,0.339337,0.355534,0.361669,0.25,0.25,0.25,0.25,0.0,0.0,0.0,0.0,0.3452,0.267983,0.325416,0.325917,0.1622,0.1622,0.1622,0.176319,0.0,0.0,0.0,0.0,0.0,0.0,0.0,0.0,-0.023953,-0.172222,-0.121369,0.0,0.0,0.019283,-0.014119,0.0,0.0,under-30,static,Head Constable,law and order deployment,0
0.2272,0.326807,0.360828,0.322371,0.0,0.0,0.0,0.0,0.2392,0.369243,0.33484,0.353806,0.25,0.25,0.25,0.25,0.0,0.0,0.0,0.0,0.254229,0.25344,0.274371,0.285814,0.1406,0.1406,0.1406,0.316899,0.366043,0.27745,0.287289,0.301014,0.0,0.0,0.0,0.0,-0.095171,0.0,-0.114606,0.0,0.0,-0.031586,-0.176299,0.065029,0.0,30-39,static,Sub-Inspector,election duty,0
0.247214,0.373943,0.377873,0.365201,0.0,0.0,0.0,0.033333,0.4308,0.390657,0.342909,0.345378,0.25,0.25,0.25,0.25,0.0,0.0,0.155556,0.077778,0.3592,0.40006,0.39708,0.399897,0.3701,0.3701,0.37549,0.301299,0.392529,0.329013,0.351272,0.348164,0.0,0.0,0.0,0.0,-0.117986,-0.033333,0.085422,0.0,-0.077778,-0.040697,0.068801,0.044364,0.0,30-39,static,Sub-Inspector,group centre,0
0.3114,0.26588,0.364833,0.336807,0.0,0.0,0.122222,0.166667,0.410386,0.435027,0.368536,0.344874,0.75,0.75,0.75,0.75,0.0,0.0,0.0,0.0,0.2986,0.33826,0.368798,0.380778,0.0,0.0,0.0,0.0,0.0,0.0,0.0,0.0,0.0,0.0,0.0,0.0,-0.025407,-0.166667,0.065511,0.0,0.0,-0.082178,0.0,0.0,0.0,under-30,static,Constable,internal security duty,0
0.2552,0.250877,0.318858,0.304135,0.0,0.0,0.0,0.122222,0.2151,0.33378,0.372932,0.355748,0.25,0.25,0.25,0.25,0.0,0.0,0.088889,0.077778,0.497514,0.39665,0.353338,0.344364,0.0,0.0,0.0,0.0,0.0,0.0,0.0,0.0,0.0,0.0,0.0,0.0,-0.048935,-0.122222,-0.140648,0.0,-0.077778,0.15315,0.0,0.0,0.0,30-39,static,Assistant Sub-Inspector,law and order deployment,0
0.377329,0.48024,0.442039,0.417348,0.0,0.0,0.0,0.0,0.388671,0.448187,0.426541,0.415032,0.25,0.25,0.25,0.25,0.0,0.0,0.0,0.155556,0.364529,0.454437,0.443617,0.422161,0.0,0.0,0.0,0.0,0.0,0.0,0.0,0.0,0.0,0.0,0.0,0.0,-0.04002,0.0,-0.026361,0.0,-0.155556,-0.057633,0.0,0.0,0.0,30-39,static,Assistant Sub-Inspector,law and order deployment,0
0.321329,0.282433,0.339349,0.349374,0.0,0.0,0.0,0.0,0.2564,0.28313,0.302289,0.330462,0.25,0.25,0.25,0.25,0.0,0.0,0.0,0.077778,0.272143,0.22651,0.283599,0.304742,0.0,0.0,0.0,0.0,0.0,0.0,0.0,0.0,0.0,0.0,0.0,0.0,-0.028045,0.0,-0.074062,0.0,-0.077778,-0.032599,0.0,0.0,0.0,30-39,static,Sub-Inspector,internal security duty,0
0.2706,0.28349,0.383614,0.358107,0.0,0.0,0.0,0.194444,0.3989,0.370837,0.366186,0.373641,0.25,0.25,0.25,0.25,0.0,0.0,0.0,0.0,0.232529,0.319093,0.339899,0.344284,0.1912,0.1912,0.30362,0.34091,0.0,0.0,0.0,0.0,0.0,0.0,0.0,0.0,-0.087507,-0.194444,0.025259,0.0,0.0,-0.111756,-0.14971,0.0,0.0,40-plus,static,Inspector,left-wing extremism area,0
0.4312,0.388327,0.395368,0.405207,0.0,0.0,0.0,0.205556,0.455086,0.349003,0.367411,0.406424,0.25,0.25,0.25,0.25,0.0,0.0,0.0,0.0,0.518986,0.416683,0.385543,0.394208,0.4756,0.4756,0.465763,0.504725,0.3929,0.359387,0.397737,0.393402,0.0,0.0,0.0,0.0,0.025993,-0.205556,0.048661,0.0,0.0,0.124778,-0.029125,-0.000502,0.0,40-plus,static,Assistant Commandant,left-wing extremism area,0
0.3314,0.365313,0.402602,0.409224,0.0,0.0,0.311111,0.2,0.458329,0.50356,0.447748,0.435672,0.25,0.25,0.25,0.25,0.0,0.1,0.155556,0.077778,0.412857,0.428367,0.365503,0.384046,0.322557,0.42034,0.39232,0.36881,0.0,0.0,0.0,0.0,0.0,0.0,0.0,0.0,-0.077824,-0.2,0.022657,0.0,-0.077778,0.028811,-0.046253,0.0,0.0,30-39,static,Sub-Inspector,left-wing extremism area,0
0.489614,0.415697,0.396191,0.430416,0.0,0.633333,0.4,0.2,0.2485,0.468887,0.464724,0.446836,0.25,0.25,0.25,0.25,0.0,0.0,0.0,0.0,0.309014,0.40772,0.418827,0.411632,0.6178,0.6178,0.6178,0.6178,0.0,0.0,0.0,0.0,0.0,0.0,0.0,0.0,0.059199,-0.2,-0.198336,0.0,0.0,-0.102618,0.0,0.0,0.0,30-39,static,Assistant Sub-Inspector,election duty,0
0.4356,0.438677,0.431324,0.406759,0.0,0.0,0.0,0.033333,0.2617,0.372393,0.344344,0.340967,0.75,0.75,0.75,0.75,0.0,0.0,0.0,0.044444,0.2801,0.293453,0.346593,0.33991,0.320943,0.309793,0.307531,0.306966,0.0,0.0,0.0,0.0,0.0,0.0,0.0,0.0,0.028841,-0.033333,-0.079267,0.0,-0.044444,-0.05981,0.013977,0.0,0.0,under-30,static,Constable,internal security duty,0
0.266157,0.35463,0.369788,0.377665,0.0,0.0,0.255556,0.188889,0.2482,0.365783,0.353461,0.340142,0.25,0.25,0.25,0.25,0.0,0.0,0.155556,0.077778,0.317557,0.278307,0.328839,0.369943,0.0,0.0,0.0,0.0,0.390557,0.36674,0.361816,0.364034,0.0,0.0,0.0,0.0,-0.111508,-0.188889,-0.091942,0.0,-0.077778,-0.052386,0.0,0.026523,0.0,under-30,static,Head Constable,law and order deployment,0
0.409329,0.29641,0.39206,0.408873,0.0,0.0,0.0,0.194444,0.319914,0.41878,0.388953,0.376598,0.25,0.25,0.25,0.25,0.0,0.0,0.0,0.0,0.328729,0.34074,0.382008,0.353074,0.0,0.0,0.0,0.0,0.468557,0.364727,0.365341,0.359072,0.0,0.0,0.0,0.0,0.000456,-0.194444,-0.056684,0.0,0.0,-0.024346,0.0,0.109485,0.0,30-39,static,Head Constable,group centre,0
0.369214,0.442013,0.451126,0.453239,0.0,0.0,0.0,0.227778,0.422186,0.439423,0.439742,0.446524,0.25,0.25,0.25,0.25,0.0,0.0,0.0,0.077778,0.3344,0.406707,0.445044,0.468994,0.4363,0.4363,0.4363,0.511134,0.414486,0.37291,0.416607,0.414704,0.0,0.0,0.0,0.0,-0.084025,-0.227778,-0.024339,0.0,-0.077778,-0.134594,-0.074834,-0.000219,0.0,40-plus,static,Inspector,left-wing extremism area,0
0.2745,0.400683,0.384849,0.370972,0.0,0.0,0.155556,0.183333,0.319,0.34689,0.373143,0.397093,0.25,0.25,0.25,0.25,0.0,0.0,0.0,0.155556,0.3049,0.360853,0.346912,0.345231,0.4139,0.4139,0.4139,0.4139,0.0,0.0,0.0,0.0,0.0,0.0,0.0,0.0,-0.096472,-0.183333,-0.078093,0.0,-0.155556,-0.040331,0.0,0.0,0.0,40-plus,static,Inspector,group centre,0
0.3304,0.399943,0.426343,0.428089,0.0,0.0,0.0,0.161111,0.5095,0.51919,0.419349,0.430548,0.75,0.75,0.75,0.75,0.0,0.0,0.0,0.0,0.2615,0.498403,0.462587,0.440248,0.0,0.0,0.0,0.0,0.0,0.0,0.0,0.0,0.0,0.0,0.0,0.0,-0.097689,-0.161111,0.078952,0.0,0.0,-0.178748,0.0,0.0,0.0,under-30,static,Head Constable,election duty,0
0.443657,0.493807,0.443384,0.438956,0.0,0.0,0.0,0.072222,0.5121,0.4599,0.401902,0.407905,0.75,0.75,0.75,0.75,0.0,0.0,0.0,0.0,0.510314,0.398677,0.388864,0.415534,0.0,0.0,0.0,0.0,0.0,0.0,0.0,0.0,0.0,0.0,0.0,0.0,0.004701,-0.072222,0.104195,0.0,0.0,0.09478,0.0,0.0,0.0,30-39,static,Sub-Inspector,internal security duty,0
0.405214,0.454427,0.376803,0.37748,0.0,0.0,0.0,0.138889,0.4458,0.40736,0.396462,0.393748,0.25,0.25,0.25,0.25,0.0,0.0,0.0,0.0,0.291443,0.312587,0.384993,0.387822,0.0,0.0,0.0,0.0,0.0,0.0,0.0,0.0,0.0,0.0,0.0,0.0,0.027734,-0.138889,0.052052,0.0,0.0,-0.096379,0.0,0.0,0.0,40-plus,static,Assistant Commandant,election duty,0
0.2588,0.390733,0.398106,0.402329,0.0,0.0,0.388889,0.194444,0.290829,0.391187,0.377083,0.363439,0.75,0.75,0.75,0.75,0.0,0.0,0.155556,0.077778,0.419,0.418923,0.423621,0.396859,0.0,0.0,0.0,0.0,0.408171,0.330457,0.366894,0.370977,0.0,0.0,0.0,0.0,-0.143529,-0.194444,-0.07261,0.0,-0.077778,0.022141,0.0,0.037195,0.0,40-plus,static,Assistant Commandant,internal security duty,0
0.4104,0.403537,0.398494,0.374357,0.0,0.0,0.233333,0.172222,0.296814,0.185693,0.271119,0.313478,0.25,0.25,0.25,0.25,0.0,0.0,0.0,0.0,0.284029,0.298803,0.344252,0.338003,0.4103,0.39065,0.277686,0.410674,0.0,0.0,0.0,0.0,0.0,0.0,0.0,0.0,0.036043,-0.172222,-0.016664,0.0,0.0,-0.053975,-0.000374,0.0,0.0,under-30,static,Head Constable,left-wing extremism area,0
0.1058,0.21112,0.285124,0.281369,0.0,0.0,0.0,0.155556,0.303114,0.34816,0.316713,0.29487,0.25,0.25,0.25,0.25,0.0,0.466667,0.155556,0.155556,0.368486,0.317833,0.306844,0.317051,0.272,0.2705,0.2665,0.269474,0.0,0.0,0.0,0.0,0.0,0.0,0.0,0.0,-0.175569,-0.155556,0.008244,0.0,-0.155556,0.051435,0.002526,0.0,0.0,30-39,static,Assistant Sub-Inspector,election duty,0
0.4601,0.28526,0.314992,0.330663,0.0,0.0,0.2,0.172222,0.289614,0.419793,0.334828,0.340276,0.25,0.25,0.25,0.25,0.0,0.0,0.0,0.077778,0.492814,0.365803,0.397467,0.383318,0.4629,0.4629,0.418664,0.423321,0.0,0.0,0.0,0.0,0.0,0.0,0.0,0.0,0.129437,-0.172222,-0.050662,0.0,-0.077778,0.109496,0.039579,0.0,0.0,30-39,static,Assistant Sub-Inspector,law and order deployment,0
0.4323,0.51502,0.396099,0.365959,0.0,0.0,0.411111,0.205556,0.5339,0.457657,0.438568,0.415908,0.25,0.25,0.25,0.25,0.0,0.0,0.122222,0.077778,0.497057,0.446093,0.438968,0.403347,0.3609,0.41735,0.53081,0.494685,0.474129,0.39475,0.392567,0.386021,0.0,0.0,0.0,0.0,0.066341,-0.205556,0.117992,0.0,-0.077778,0.09371,-0.133785,0.088108,0.0,under-30,static,Head Constable,election duty,0
0.296414,0.3659,0.460052,0.443437,0.0,0.0,0.066667,0.194444,0.411,0.319583,0.39664,0.377639,0.25,0.25,0.25,0.25,0.0,0.0,0.0,0.15,0.307,0.323023,0.331822,0.3611,0.4184,0.38485,0.210141,0.202057,0.0,0.0,0.0,0.0,0.0,0.0,0.0,0.0,-0.147023,-0.194444,0.033361,0.0,-0.15,-0.0541,0.216343,0.0,0.0,40-plus,static,Assistant Commandant,internal security duty,0
0.4125,0.396883,0.379441,0.325948,0.0,0.0,0.0,0.0,0.230114,0.263173,0.320271,0.333927,0.25,0.25,0.25,0.25,0.0,0.0,0.0,0.0,0.286,0.30322,0.355622,0.339197,0.3222,0.2829,0.2305,0.2174,0.397371,0.335653,0.302879,0.315061,0.0,0.0,0.0,0.0,0.086552,0.0,-0.103813,0.0,0.0,-0.053197,0.1048,0.082311,0.0,30-39,static,Head Constable,internal security duty,0
0.2791,0.368793,0.384338,0.37883,0.0,0.0,0.0,0.194444,0.267371,0.345973,0.397779,0.416654,0.75,0.75,0.75,0.75,0.0,0.0,0.0,0.077778,0.278657,0.319307,0.366991,0.333114,0.0,0.0,0.0,0.0,0.438043,0.350847,0.373736,0.366995,0.0,0.0,0.0,0.0,-0.09973,-0.194444,-0.149282,0.0,-0.077778,-0.054457,0.0,0.071048,0.0,40-plus,static,Inspector,internal security duty,0
0.461343,0.409927,0.397238,0.38998,0.0,0.0,0.0,0.0,0.447971,0.39822,0.389513,0.413488,0.75,0.75,0.75,0.75,0.0,0.0,0.155556,0.077778,0.452186,0.34748,0.351746,0.329998,0.244571,0.39988,0.384803,0.381485,0.3411,0.290133,0.350639,0.345278,0.0,0.0,0.0,0.0,0.071363,0.0,0.034483,0.0,-0.077778,0.122187,-0.136914,-0.004178,0.0,under-30,static,Constable,left-wing extremism area,0
0.472943,0.48746,0.443002,0.430597,0.0,0.0,0.0,0.0,0.397043,0.359023,0.379302,0.392933,0.25,0.25,0.25,0.25,0.0,0.0,0.0,0.0,0.313057,0.325547,0.370239,0.384817,0.6519,0.42665,0.374717,0.427348,0.0,0.0,0.0,0.0,0.0,0.0,0.0,0.0,0.042346,0.0,0.00411,0.0,0.0,-0.07176,0.224552,0.0,0.0,under-30,static,Constable,internal security duty,0
0.3123,0.395773,0.386278,0.38653,0.0,0.0,0.0,0.211111,0.322757,0.33878,0.356164,0.336463,0.25,0.25,0.25,0.25,0.0,0.0,0.0,0.0,0.4321,0.399907,0.453829,0.416179,0.4866,0.4866,0.4937,0.411063,0.4009,0.36208,0.380379,0.392602,0.0,0.0,0.0,0.0,-0.07423,-0.211111,-0.013706,0.0,0.0,0.015921,0.075537,0.008298,0.0,30-39,static,Sub-Inspector,left-wing extremism area,0
0.2776,0.352183,0.380468,0.373617,0.0,0.0,0.0,0.0,0.3061,0.46727,0.479293,0.417242,0.25,0.25,0.25,0.25,0.0,0.0,0.155556,0.133333,0.249643,0.322403,0.357109,0.367804,0.3561,0.3561,0.33399,0.301739,0.0,0.0,0.0,0.0,0.0,0.0,0.0,0.0,-0.096017,0.0,-0.111142,0.0,-0.133333,-0.118162,0.054361,0.0,0.0,40-plus,static,Assistant Commandant,law and order deployment,0
0.5072,0.43272,0.377568,0.399593,0.0,0.0,0.0,0.094444,0.370443,0.39449,0.416883,0.399936,0.25,0.25,0.25,0.25,0.0,0.0,0.155556,0.077778,0.410814,0.459193,0.395957,0.384474,0.201757,0.38673,0.267904,0.220302,0.0,0.0,0.0,0.0,0.0,0.0,0.0,0.0,0.107607,-0.094444,-0.029493,0.0,-0.077778,0.02634,-0.018545,0.0,0.0,40-plus,static,Inspector,left-wing extremism area,0
0.1764,0.389473,0.407208,0.386201,0.0,0.0,0.377778,0.188889,0.498357,0.380253,0.384548,0.400401,0.25,0.25,0.25,0.25,0.0,0.0,0.0,0.0,0.2806,0.390703,0.431676,0.423834,0.2765,0.35114,0.400273,0.392377,0.0,0.0,0.0,0.0,0.0,0.0,0.0,0.0,-0.209801,-0.188889,0.097957,0.0,0.0,-0.143234,-0.115877,0.0,0.0,30-39,static,Assistant Sub-Inspector,law and order deployment,0
0.631514,0.535597,0.501393,0.45789,0.0,0.0,0.0,0.372222,0.5584,0.529227,0.521778,0.477286,0.75,0.75,0.75,0.75,0.0,0.0,0.0,0.155556,0.4104,0.495787,0.477106,0.477834,0.6155,0.6155,0.68973,0.669132,0.0,0.0,0.0,0.0,0.0,0.0,0.0,0.0,0.173624,-0.372222,0.081114,0.0,-0.155556,-0.067434,-0.053632,0.0,0.0,30-39,static,Assistant Sub-Inspector,law and order deployment,1
0.398957,0.46626,0.405718,0.40066,0.0,0.0,0.0,0.1,0.4959,0.474287,0.425304,0.412778,0.75,0.75,0.75,0.75,0.0,0.0,0.0,0.0,0.5232,0.435087,0.413646,0.399236,0.2748,0.2748,0.323177,0.348958,0.399443,0.346123,0.369016,0.381587,0.0,0.0,0.0,0.0,-0.001703,-0.1,0.083122,0.0,0.0,0.123964,-0.074158,0.017856,0.0,under-30,static,Constable,election duty,0
0.2179,0.343383,0.380671,0.382811,0.0,0.633333,0.366667,0.183333,0.276671,0.307927,0.346764,0.348746,0.25,0.25,0.25,0.25,0.0,0.0,0.0,0.077778,0.464643,0.416913,0.418212,0.405476,0.0,0.0,0.0,0.0,0.300629,0.28013,0.33296,0.337956,0.0,0.0,0.0,0.0,-0.164911,-0.183333,-0.072074,0.0,-0.077778,0.059167,0.0,-0.037327,0.0,30-39,static,Head Constable,left-wing extremism area,0
0.489114,0.370213,0.381653,0.403759,0.0,0.0,0.0,0.177778,0.352271,0.29591,0.330452,0.339201,0.25,0.25,0.25,0.25,0.0,0.0,0.0,0.077778,0.5151,0.39813,0.352788,0.33853,0.0,0.0,0.0,0.0,0.398271,0.346143,0.345291,0.338771,0.0,0.0,0.0,0.0,0.085355,-0.177778,0.01307,0.0,-0.077778,0.17657,0.0,0.0595,0.0,30-39,static,Sub-Inspector,election duty,0
0.228529,0.309457,0.374962,0.359372,0.0,0.0,0.0,0.183333,0.259314,0.338377,0.332759,0.317399,0.25,0.25,0.25,0.25,0.0,0.0,0.155556,0.155556,0.410786,0.337013,0.384432,0.353693,0.4809,0.482613,0.453952,0.342153,0.0,0.0,0.0,0.0,0.0,0.0,0.0,0.0,-0.130844,-0.183333,-0.058085,0.0,-0.155556,0.057093,0.138747,0.0,0.0,under-30,static,Constable,election duty,0
0.4607,0.423553,0.348124,0.351999,0.0,0.0,0.344444,0.172222,0.265614,0.373313,0.34267,0.324616,0.75,0.75,0.75,0.75,0.0,0.0,0.0,0.0,0.3841,0.315913,0.293728,0.291891,0.173,0.272903,0.300686,0.209693,0.0,0.0,0.0,0.0,0.0,0.0,0.0,0.0,0.108701,-0.172222,-0.059002,0.0,0.0,0.092209,-0.036693,0.0,0.0,under-30,static,Head Constable,left-wing extremism area,0
0.340929,0.375493,0.414241,0.423292,0.0,0.0,0.0,0.072222,0.316043,0.385263,0.374279,0.396268,0.25,0.25,0.25,0.25,0.0,0.0,0.0,0.0,0.3992,0.42009,0.451216,0.452066,0.0,0.0,0.0,0.0,0.0,0.0,0.0,0.0,0.0,0.0,0.0,0.0,-0.082363,-0.072222,-0.080225,0.0,0.0,-0.052866,0.0,0.0,0.0,under-30,static,Head Constable,law and order deployment,0
0.404443,0.446577,0.377181,0.391102,0.0,0.0,0.0,0.088889,0.514114,0.4049,0.397326,0.419112,0.25,0.25,0.25,0.25,0.0,0.0,0.0,0.0,0.441843,0.47734,0.444268,0.412112,0.0,0.0,0.0,0.0,0.0,0.0,0.0,0.0,0.0,0.0,0.0,0.0,0.013341,-0.088889,0.095003,0.0,0.0,0.029731,0.0,0.0,0.0,under-30,static,Head Constable,election duty,0
0.4578,0.27603,0.32589,0.330095,0.0,0.0,0.0,0.0,0.248314,0.2539,0.335537,0.326458,0.25,0.25,0.25,0.25,0.0,0.0,0.0,0.0,0.2381,0.338743,0.305423,0.316073,0.3977,0.3961,0.407452,0.419626,0.356257,0.27939,0.303089,0.327174,0.0,0.0,0.0,0.0,0.127705,0.0,-0.078144,0.0,0.0,-0.077973,-0.021926,0.029083,0.0,30-39,static,Assistant Sub-Inspector,law and order deployment,0
0.366929,0.364287,0.350521,0.338229,0.0,0.0,0.0,0.188889,0.435371,0.465897,0.355843,0.394526,0.25,0.25,0.25,0.25,0.0,0.033333,0.155556,0.077778,0.519314,0.47421,0.389287,0.405836,0.4143,0.4143,0.4143,0.4143,0.0,0.0,0.0,0.0,0.0,0.0,0.0,0.0,0.028699,-0.188889,0.040846,0.0,-0.077778,0.113479,0.0,0.0,0.0,30-39,static,Head Constable,left-wing extremism area,0
0.241671,0.325843,0.356633,0.353482,0.0,0.0,0.0,0.188889,0.519914,0.453603,0.406223,0.391718,0.25,0.25,0.25,0.25,0.0,0.0,0.055556,0.077778,0.514814,0.482497,0.407249,0.406818,0.3772,0.341047,0.350884,0.291647,0.361371,0.3,0.340723,0.343947,0.0,0.0,0.0,0.0,-0.11181,-0.188889,0.128196,0.0,-0.077778,0.107997,0.085553,0.017424,0.0,40-plus,static,Assistant Commandant,election duty,0
0.1974,0.33416,0.357707,0.328595,0.0,0.333333,0.322222,0.161111,0.453286,0.428033,0.359024,0.344459,0.75,0.75,0.75,0.75,0.0,0.0,0.0,0.0,0.289386,0.360773,0.378517,0.376459,0.3243,0.3243,0.325922,0.286397,0.396529,0.295527,0.308539,0.321326,0.0,0.0,0.0,0.0,-0.131195,-0.161111,0.108827,0.0,0.0,-0.087073,0.037903,0.075203,0.0,40-plus,static,Inspector,internal security duty,0
0.366029,0.462573,0.365616,0.384486,0.0,0.0,0.0,0.172222,0.573829,0.4622,0.364894,0.374331,0.75,0.75,0.75,0.75,0.0,0.0,0.155556,0.077778,0.2929,0.382,0.354023,0.358143,0.4765,0.412967,0.398607,0.456971,0.322386,0.28833,0.324647,0.335704,0.0,0.0,0.0,0.0,-0.018457,-0.172222,0.199498,0.0,-0.077778,-0.065243,0.019529,-0.013318,0.0,under-30,static,Head Constable,group centre,0
0.5772,0.49114,0.383048,0.338459,0.0,0.0,0.055556,0.172222,0.336743,0.352993,0.30627,0.319099,0.25,0.25,0.25,0.25,0.0,0.466667,0.155556,0.077778,0.3983,0.326483,0.315136,0.339388,0.3129,0.290967,0.324634,0.362617,0.336486,0.324203,0.339789,0.344213,0.0,0.0,0.0,0.0,0.238741,-0.172222,0.017644,0.0,-0.077778,0.058912,-0.049717,-0.007728,0.0,40-plus,static,Inspector,left-wing extremism area,0
0.43,0.390377,0.325196,0.330256,0.0,0.766667,0.366667,0.183333,0.4552,0.410047,0.370002,0.393536,0.25,0.25,0.25,0.25,0.0,0.0,0.0,0.094444,0.4568,0.309063,0.32289,0.318778,0.0,0.0,0.0,0.0,0.332543,0.30361,0.332552,0.337797,0.0,0.0,0.0,0.0,0.099744,-0.183333,0.061664,0.0,-0.094444,0.138022,0.0,-0.005254,0.0,40-plus,static,Inspector,law and order deployment,0
0.698971,0.68932,0.542118,0.477103,0.2376,0.2376,0.16104,0.08052,0.694271,0.62089,0.583731,0.475856,0.25,0.25,0.25,0.25,0.0,0.0,0.0,0.0,0.5526,0.58563,0.546123,0.490101,0.4224,0.4224,0.35024,0.401075,0.442014,0.351897,0.359414,0.348154,0.0,0.0,0.0,0.0,0.221868,0.15708,0.218415,0.0,0.0,0.062499,0.021325,0.09386,0.0,40-plus,surged,Assistant Commandant,internal security duty,0
0.381714,0.341143,0.356526,0.384719,0.0,0.0,0.222222,0.2,0.348943,0.391893,0.380583,0.388239,0.75,0.75,0.75,0.75,0.0,0.0,0.0,0.077778,0.276,0.334487,0.356632,0.369144,0.1608,0.1608,0.160552,0.197424,0.381786,0.322257,0.371351,0.377183,0.0,0.0,0.0,0.0,-0.003005,-0.2,-0.039296,0.0,-0.077778,-0.093144,-0.036624,0.004603,0.0,under-30,static,Constable,election duty,0
0.365143,0.388757,0.325447,0.322723,0.0,0.333333,0.322222,0.161111,0.164171,0.315153,0.342296,0.344153,0.25,0.25,0.25,0.25,0.0,0.0,0.0,0.0,0.234186,0.287207,0.311637,0.300458,0.2927,0.2927,0.2927,0.291198,0.271057,0.301807,0.305586,0.305723,0.0,0.0,0.0,0.0,0.04242,-0.161111,-0.179982,0.0,0.0,-0.066273,0.001502,-0.034666,0.0,40-plus,static,Assistant Commandant,election duty,0
0.316171,0.30809,0.376496,0.418347,0.0,0.0,0.0,0.0,0.5194,0.511603,0.443328,0.406766,0.25,0.25,0.25,0.25,0.0,0.0,0.0,0.0,0.573157,0.506837,0.447509,0.433518,0.4508,0.4508,0.453418,0.514764,0.347629,0.344337,0.393758,0.401436,0.0,0.0,0.0,0.0,-0.102175,0.0,0.112634,0.0,0.0,0.139639,-0.063964,-0.053808,0.0,under-30,static,Head Constable,internal security duty,0
0.2776,0.43474,0.415322,0.411577,0.0,0.0,0.411111,0.205556,0.445857,0.363157,0.376269,0.430728,0.75,0.75,0.75,0.75,0.0,0.033333,0.311111,0.155556,0.401443,0.331807,0.351339,0.372835,0.308,0.308,0.321093,0.375041,0.0,0.0,0.0,0.0,0.0,0.0,0.0,0.0,-0.133977,-0.205556,0.015129,0.0,-0.155556,0.028608,-0.067041,0.0,0.0,under-30,static,Head Constable,internal security duty,0
0.494343,0.458767,0.49833,0.464777,0.0,0.0,0.0,0.022222,0.3361,0.355847,0.398198,0.403673,0.25,0.25,0.25,0.25,0.0,0.233333,0.155556,0.155556,0.340529,0.355617,0.386213,0.404659,0.0,0.0,0.0,0.0,0.415657,0.409643,0.413223,0.401503,0.0,0.0,0.0,0.0,0.029566,-0.022222,-0.067573,0.0,-0.155556,-0.06413,0.0,0.014154,0.0,under-30,static,Constable,election duty,0
0.524971,0.507777,0.466534,0.443986,0.0,0.766667,0.411111,0.205556,0.3273,0.427747,0.480627,0.43108,0.25,0.25,0.25,0.25,0.0,0.0,0.0,0.0,0.381414,0.484,0.455151,0.469082,0.4163,0.4825,0.51994,0.458753,0.0,0.0,0.0,0.0,0.0,0.0,0.0,0.0,0.080986,-0.205556,-0.10378,0.0,0.0,-0.087668,-0.042453,0.0,0.0,30-39,static,Assistant Sub-Inspector,law and order deployment,0
0.514571,0.539213,0.516407,0.477516,0.1537,0.49222,0.442694,0.221347,0.5904,0.632697,0.536192,0.469531,0.25,0.25,0.25,0.25,0.0,0.0,0.0,0.116667,0.511857,0.590607,0.542213,0.489837,0.6639,0.6639,0.522117,0.396874,0.0,0.0,0.0,0.0,0.0,0.0,0.0,0.0,0.037055,-0.067647,0.120869,0.0,-0.116667,0.02202,0.267026,0.0,0.0,40-plus,surged,Inspector,internal security duty,0
0.471971,0.391667,0.370201,0.372768,0.0,0.0,0.0,0.183333,0.222643,0.308647,0.319622,0.364897,0.25,0.25,0.25,0.25,0.0,0.0,0.155556,0.077778,0.357057,0.367743,0.359208,0.358249,0.2447,0.246873,0.312861,0.318608,0.308971,0.299677,0.331261,0.346217,0.0,0.0,0.0,0.0,0.099204,-0.183333,-0.142254,0.0,-0.077778,-0.001192,-0.073908,-0.037246,0.0,30-39,static,Assistant Sub-Inspector,group centre,0
0.374886,0.3828,0.34045,0.330523,0.0,0.0,0.244444,0.172222,0.19,0.25937,0.246984,0.290429,0.25,0.25,0.25,0.25,0.0,0.0,0.0,0.0,0.424,0.388667,0.349738,0.327234,0.0,0.0,0.0,0.0,0.0,0.0,0.0,0.0,0.0,0.0,0.0,0.0,0.044363,-0.172222,-0.100429,0.0,0.0,0.096766,0.0,0.0,0.0,30-39,static,Assistant Sub-Inspector,left-wing extremism area,0
0.2776,0.442713,0.426493,0.424465,0.0,0.0,0.0,0.194444,0.353629,0.315683,0.343262,0.379955,0.75,0.75,0.75,0.75,0.0,0.0,0.0,0.0,0.411357,0.419893,0.423371,0.420503,0.5207,0.5207,0.420404,0.407866,0.0,0.0,0.0,0.0,0.0,0.0,0.0,0.0,-0.146865,-0.194444,-0.026326,0.0,0.0,-0.009146,0.112834,0.0,0.0,under-30,static,Constable,left-wing extremism area,0
0.284957,0.26821,0.227694,0.258457,0.0,0.0,0.311111,0.155556,0.5178,0.40729,0.369539,0.336599,0.75,0.75,0.75,0.75,0.0,0.0,0.0,0.0,0.495,0.356943,0.297281,0.322957,0.1502,0.1502,0.1704,0.169553,0.0,0.0,0.0,0.0,0.0,0.0,0.0,0.0,0.0265,-0.155556,0.181201,0.0,0.0,0.172043,-0.019353,0.0,0.0,40-plus,static,Sub-Inspector,left-wing extremism area,0
0.466429,0.404817,0.372662,0.370514,0.0909,0.0909,0.172721,0.214138,0.498114,0.434237,0.433664,0.393654,0.25,0.25,0.25,0.25,0.0,0.0,0.0,0.0,0.334114,0.453623,0.439202,0.404149,0.3294,0.3294,0.3294,0.3294,0.0,0.0,0.0,0.0,0.0,0.0,0.0,0.0,0.095915,-0.123238,0.10446,0.0,0.0,-0.070035,0.0,0.0,0.0,30-39,surged,Assistant Sub-Inspector,internal security duty,0
0.476343,0.386207,0.425758,0.439568,0.0,0.0,0.0,0.227778,0.518586,0.39755,0.426973,0.424912,0.25,0.25,0.25,0.25,0.0,0.0,0.0,0.155556,0.522386,0.500957,0.496032,0.464941,0.437,0.621383,0.554028,0.547714,0.452357,0.416953,0.434437,0.427483,0.0,0.0,0.0,0.0,0.036775,-0.227778,0.093673,0.0,-0.155556,0.057445,-0.110714,0.024874,0.0,40-plus,static,Assistant Commandant,internal security duty,0
0.391114,0.486767,0.443173,0.422256,0.0,0.0,0.0,0.161111,0.508114,0.43193,0.408308,0.409898,0.25,0.25,0.25,0.25,0.0,0.0,0.0,0.077778,0.446514,0.393327,0.361869,0.371196,0.0,0.0,0.0,0.0,0.0,0.0,0.0,0.0,0.0,0.0,0.0,0.0,-0.031142,-0.161111,0.098217,0.0,-0.077778,0.075319,0.0,0.0,0.0,40-plus,static,Inspector,internal security duty,0
0.333186,0.382823,0.441773,0.398067,0.0,0.0,0.144444,0.188889,0.333086,0.38769,0.419426,0.40521,0.25,0.25,0.25,0.25,0.0,0.0,0.0,0.0,0.290729,0.287067,0.349014,0.383702,0.1177,0.1177,0.1177,0.1177,0.0,0.0,0.0,0.0,0.0,0.0,0.0,0.0,-0.064882,-0.188889,-0.072124,0.0,0.0,-0.092974,0.0,0.0,0.0,30-39,static,Sub-Inspector,election duty,0
0.3888,0.37406,0.319837,0.355674,0.0,0.0,0.0,0.0,0.543514,0.47483,0.421804,0.431308,0.25,0.25,0.25,0.25,0.0,0.0,0.0,0.0,0.358214,0.318863,0.351646,0.371428,0.4208,0.4208,0.209013,0.246541,0.0,0.0,0.0,0.0,0.0,0.0,0.0,0.0,0.033126,0.0,0.112207,0.0,0.0,-0.013213,0.174259,0.0,0.0,40-plus,static,Inspector,internal security duty,0
0.357086,0.454833,0.427268,0.423466,0.0,0.0,0.388889,0.194444,0.4184,0.40692,0.388804,0.382357,0.25,0.25,0.25,0.25,0.0,0.0,0.0,0.077778,0.282586,0.40559,0.411198,0.405666,0.3432,0.358667,0.356883,0.369335,0.444414,0.333787,0.360687,0.354189,0.0,0.0,0.0,0.0,-0.06638,-0.194444,0.036043,0.0,-0.077778,-0.12308,-0.026135,0.090225,0.0,40-plus,static,Sub-Inspector,left-wing extremism area,0
0.530157,0.50295,0.441576,0.425239,0.0,0.0,0.0,0.216667,0.5625,0.47939,0.47556,0.465357,0.25,0.25,0.25,0.25,0.0,0.0,0.0,0.0,0.437843,0.410493,0.440341,0.428571,0.3654,0.3654,0.3654,0.399568,0.0,0.0,0.0,0.0,0.0,0.0,0.0,0.0,0.104918,-0.216667,0.097143,0.0,0.0,0.009272,-0.034168,0.0,0.0,40-plus,static,Inspector,internal security duty,0
0.5008,0.496483,0.362679,0.346972,0.0,0.0,0.333333,0.166667,0.395057,0.412383,0.383952,0.345851,0.75,0.75,0.75,0.75,0.0,0.0,0.0,0.0,0.3595,0.35002,0.329258,0.342909,0.2516,0.2516,0.2516,0.232491,0.341886,0.309027,0.320768,0.324162,0.0,0.0,0.0,0.0,0.153828,-0.166667,0.049207,0.0,0.0,0.016591,0.019109,0.017723,0.0,30-39,static,Sub-Inspector,law and order deployment,0
0.312857,0.328047,0.29762,0.355852,0.0,0.0,0.0,0.061111,0.474371,0.472677,0.375853,0.366091,0.75,0.75,0.75,0.75,0.0,0.0,0.0,0.0,0.424486,0.35336,0.408874,0.40881,0.2578,0.2578,0.290531,0.352424,0.284543,0.307997,0.339577,0.347244,0.0,0.0,0.0,0.0,-0.042995,-0.061111,0.108281,0.0,0.0,0.015676,-0.094624,-0.062701,0.0,30-39,static,Assistant Sub-Inspector,internal security duty,0
0.3072,0.36453,0.35807,0.364781,0.0,0.0,0.0,0.0,0.4306,0.45496,0.381796,0.397998,0.25,0.25,0.25,0.25,0.0,0.0,0.0,0.0,0.259586,0.306957,0.344378,0.347321,0.1952,0.1952,0.277224,0.382652,0.341586,0.30801,0.346233,0.353088,0.0,0.0,0.0,0.0,-0.057581,0.0,0.032602,0.0,0.0,-0.087735,-0.187452,-0.011503,0.0,30-39,static,Assistant Sub-Inspector,election duty,0
0.313729,0.3053,0.319968,0.381153,0.0,0.0,0.0,0.022222,0.419814,0.38703,0.426922,0.424012,0.25,0.25,0.25,0.25,0.0,0.0,0.155556,0.077778,0.352071,0.394907,0.389159,0.393196,0.3559,0.3559,0.385889,0.416461,0.275443,0.31276,0.370614,0.37279,0.0,0.0,0.0,0.0,-0.067424,-0.022222,-0.004197,0.0,-0.077778,-0.041125,-0.060561,-0.097347,0.0,40-plus,static,Assistant Commandant,group centre,0
0.354643,0.38721,0.481328,0.455792,0.0,0.133333,0.411111,0.205556,0.493914,0.36811,0.424644,0.377127,0.75,0.75,0.75,0.75,0.0,0.0,0.0,0.077778,0.5422,0.43376,0.395226,0.386218,0.4345,0.34503,0.326877,0.381422,0.436743,0.35517,0.383902,0.375602,0.0,0.0,0.0,0.0,-0.101149,-0.205556,0.116787,0.0,-0.077778,0.155982,0.053078,0.061141,0.0,under-30,static,Head Constable,left-wing extremism area,0
0.268343,0.276613,0.381312,0.411617,0.0,0.0,0.411111,0.205556,0.280029,0.434763,0.428557,0.428708,0.75,0.75,0.75,0.75,0.0,0.0,0.0,0.077778,0.361114,0.39817,0.383343,0.409581,0.345114,0.309007,0.296469,0.306209,0.401229,0.367033,0.379534,0.380944,0.0,0.0,0.0,0.0,-0.143274,-0.205556,-0.14868,0.0,-0.077778,-0.048467,0.038905,0.020285,0.0,40-plus,static,Assistant Commandant,left-wing extremism area,0
0.3717,0.371457,0.364852,0.355131,0.0,0.0,0.0,0.166667,0.262771,0.279937,0.330878,0.313787,0.25,0.25,0.25,0.25,0.0,0.0,0.0,0.0,0.241057,0.248657,0.287307,0.308204,0.0807,0.0807,0.182242,0.290282,0.0,0.0,0.0,0.0,0.0,0.0,0.0,0.0,0.016569,-0.166667,-0.051016,0.0,0.0,-0.067147,-0.209582,0.0,0.0,40-plus,static,Assistant Commandant,law and order deployment,0
0.395643,0.375257,0.374696,0.344391,0.0,0.0,0.0,0.15,0.4741,0.43603,0.46084,0.414619,0.75,0.75,0.75,0.75,0.0,0.0,0.0,0.0,0.439971,0.38626,0.431923,0.429428,0.4851,0.4851,0.397797,0.386798,0.0,0.0,0.0,0.0,0.0,0.0,0.0,0.0,0.051252,-0.15,0.059481,0.0,0.0,0.010544,0.098302,0.0,0.0,40-plus,static,Inspector,election duty,0
0.250129,0.279187,0.349243,0.328108,0.0,0.0,0.0,0.0,0.361229,0.33663,0.342029,0.340524,0.25,0.25,0.25,0.25,0.0,0.0,0.155556,0.077778,0.378557,0.402,0.325064,0.306543,0.0,0.0,0.0,0.0,0.0,0.0,0.0,0.0,0.0,0.0,0.0,0.0,-0.077979,0.0,0.020704,0.0,-0.077778,0.072014,0.0,0.0,0.0,under-30,static,Head Constable,left-wing extremism area,0
0.288286,0.34651,0.406664,0.380594,0.0,0.0,0.0,0.05,0.395557,0.362367,0.358996,0.337563,0.25,0.25,0.25,0.25,0.0,0.0,0.155556,0.077778,0.4022,0.310667,0.285548,0.342745,0.2437,0.2437,0.2437,0.244849,0.0,0.0,0.0,0.0,0.0,0.0,0.0,0.0,-0.092308,-0.05,0.057994,0.0,-0.077778,0.059455,-0.001149,0.0,0.0,30-39,static,Head Constable,law and order deployment,0
0.3688,0.40133,0.423687,0.438863,0.0,0.0,0.0,0.0,0.443171,0.503937,0.477402,0.451933,0.25,0.25,0.25,0.25,0.0,0.0,0.0,0.155556,0.5219,0.51231,0.465124,0.473295,0.5485,0.5485,0.578678,0.631559,0.0,0.0,0.0,0.0,0.0,0.0,0.0,0.0,-0.070063,0.0,-0.008762,0.0,-0.155556,0.048605,-0.083059,0.0,0.0,40-plus,static,Inspector,internal security duty,0
0.737257,0.652717,0.571549,0.4733,0.2615,0.2615,0.177239,0.277508,0.612786,0.679277,0.537854,0.439902,0.25,0.25,0.25,0.25,0.0,0.0,0.0,0.0,0.546471,0.650193,0.524279,0.426811,0.4668,0.4668,0.442768,0.41407,0.0,0.0,0.0,0.0,0.0,0.0,0.0,0.0,0.263957,-0.016008,0.172884,0.0,0.0,0.11966,0.05273,0.0,0.0,40-plus,surged,Assistant Commandant,internal security duty,0
0.406929,0.432653,0.362322,0.374159,0.0,0.0,0.0,0.188889,0.285114,0.33134,0.337322,0.327793,0.25,0.25,0.25,0.25,0.0,0.0,0.0,0.0,0.264286,0.349473,0.373193,0.356733,0.0,0.0,0.0,0.0,0.399814,0.35029,0.35334,0.349902,0.0,0.0,0.0,0.0,0.03277,-0.188889,-0.042678,0.0,0.0,-0.092448,0.0,0.049913,0.0,under-30,static,Constable,internal security duty,0
0.499686,0.479927,0.411754,0.427684,0.0,0.0,0.0,0.188889,0.393557,0.41219,0.373241,0.411891,0.25,0.25,0.25,0.25,0.0,0.0,0.0,0.0,0.518914,0.327167,0.390949,0.403543,0.1523,0.1523,0.224358,0.328299,0.0,0.0,0.0,0.0,0.0,0.0,0.0,0.0,0.072002,-0.188889,-0.018334,0.0,0.0,0.115371,-0.175999,0.0,0.0,30-39,static,Assistant Sub-Inspector,internal security duty,0
0.391543,0.344517,0.347543,0.38979,0.0,0.0,0.366667,0.183333,0.345943,0.456133,0.384933,0.359893,0.75,0.75,0.75,0.75,0.0,0.0,0.0,0.0,0.287986,0.37747,0.373424,0.325706,0.0,0.0,0.0,0.0,0.0,0.0,0.0,0.0,0.0,0.0,0.0,0.0,0.001753,-0.183333,-0.01395,0.0,0.0,-0.03772,0.0,0.0,0.0,40-plus,static,Inspector,law and order deployment,0
0.372357,0.401307,0.419367,0.415219,0.0,0.0,0.0,0.2,0.486686,0.453763,0.381943,0.383737,0.25,0.25,0.25,0.25,0.0,0.0,0.155556,0.077778,0.421043,0.391263,0.417507,0.433557,0.4317,0.4317,0.450693,0.464987,0.0,0.0,0.0,0.0,0.0,0.0,0.0,0.0,-0.042862,-0.2,0.102948,0.0,-0.077778,-0.012514,-0.033287,0.0,0.0,under-30,static,Constable,left-wing extremism area,0
0.361057,0.496703,0.470007,0.427974,0.0,0.0,0.0,0.216667,0.548886,0.539277,0.480956,0.468286,0.25,0.25,0.25,0.25,0.0,0.0,0.0,0.077778,0.450371,0.377643,0.406027,0.440817,0.0,0.0,0.0,0.0,0.394671,0.375263,0.379862,0.379254,0.0,0.0,0.0,0.0,-0.066917,-0.216667,0.0806,0.0,-0.077778,0.009555,0.0,0.015418,0.0,under-30,static,Head Constable,group centre,0
0.299543,0.34755,0.344026,0.351435,0.0,0.0,0.0,0.166667,0.311129,0.405167,0.369758,0.376648,0.25,0.25,0.25,0.25,0.0,0.0,0.0,0.144444,0.404529,0.347597,0.329197,0.343728,0.2868,0.4458,0.528776,0.487088,0.0,0.0,0.0,0.0,0.0,0.0,0.0,0.0,-0.051892,-0.166667,-0.06552,0.0,-0.144444,0.060801,-0.200288,0.0,0.0,40-plus,static,Assistant Commandant,election duty,0
0.3288,0.291983,0.325839,0.334866,0.0,0.0,0.0,0.038889,0.282186,0.327537,0.38993,0.377837,0.25,0.25,0.25,0.25,0.0,0.0,0.155556,0.077778,0.4099,0.3849,0.336574,0.349423,0.0,0.0,0.0,0.0,0.329057,0.300863,0.349791,0.351412,0.0,0.0,0.0,0.0,-0.006066,-0.038889,-0.095651,0.0,-0.077778,0.060477,0.0,-0.022355,0.0,under-30,static,Constable,internal security duty,0
0.358657,0.34966,0.380684,0.387351,0.0,0.0,0.377778,0.2,0.238771,0.310097,0.366014,0.395933,0.25,0.25,0.25,0.25,0.0,0.0,0.0,0.016667,0.228,0.309523,0.33278,0.364371,0.443543,0.423453,0.458707,0.476092,0.4465,0.372187,0.374326,0.36753,0.0,0.0,0.0,0.0,-0.028693,-0.2,-0.157162,0.0,-0.016667,-0.136371,-0.032549,0.07897,0.0,30-39,static,Assistant Sub-Inspector,group centre,0
0.271857,0.335267,0.360506,0.362556,0.0,0.0,0.0,0.177778,0.4454,0.34747,0.364808,0.368125,0.25,0.25,0.25,0.25,0.0,0.0,0.088889,0.077778,0.447057,0.351767,0.337819,0.350165,0.3798,0.36351,0.315326,0.254393,0.0,0.0,0.0,0.0,0.0,0.0,0.0,0.0,-0.090699,-0.177778,0.077275,0.0,-0.077778,0.096892,0.125407,0.0,0.0,30-39,static,Sub-Inspector,election duty,0
0.469914,0.379023,0.37491,0.342268,0.0,0.0,0.044444,0.155556,0.2306,0.34549,0.337947,0.31131,0.75,0.75,0.75,0.75,0.0,0.0,0.0,0.0,0.4965,0.370413,0.386801,0.339089,0.0,0.0,0.0,0.0,0.3915,0.260467,0.304173,0.308687,0.0,0.0,0.0,0.0,0.127647,-0.155556,-0.08071,0.0,0.0,0.157411,0.0,0.082813,0.0,40-plus,static,Assistant Commandant,law and order deployment,0
0.205357,0.319853,0.303672,0.325673,0.0,0.0,0.322222,0.161111,0.370486,0.33537,0.327123,0.309836,0.25,0.25,0.25,0.25,0.0,0.0,0.0,0.0,0.411771,0.293737,0.300776,0.286171,0.0,0.0,0.0,0.0,0.0,0.0,0.0,0.0,0.0,0.0,0.0,0.0,-0.120316,-0.161111,0.06065,0.0,0.0,0.125601,0.0,0.0,0.0,30-39,static,Head Constable,election duty,0
0.3082,0.3263,0.280997,0.308905,0.0,0.0,0.0,0.016667,0.4371,0.3167,0.354377,0.336168,0.75,0.75,0.75,0.75,0.0,0.0,0.0,0.0,0.213843,0.27892,0.305844,0.298147,0.3706,0.3706,0.274467,0.260691,0.371686,0.33043,0.326912,0.326829,0.0,0.0,0.0,0.0,-0.000705,-0.016667,0.100932,0.0,0.0,-0.084304,0.109909,0.044856,0.0,30-39,static,Assistant Sub-Inspector,law and order deployment,0
0.384757,0.314743,0.361619,0.346677,0.0,0.0,0.0,0.0,0.322514,0.250777,0.265934,0.288329,0.25,0.25,0.25,0.25,0.0,0.0,0.0,0.077778,0.255571,0.344093,0.335824,0.30891,0.0,0.0,0.0,0.0,0.0,0.0,0.0,0.0,0.0,0.0,0.0,0.0,0.03808,0.0,0.034185,0.0,-0.077778,-0.053339,0.0,0.0,0.0,under-30,static,Constable,group centre,0
0.329843,0.385247,0.434139,0.420042,0.0,0.0,0.0,0.0,0.452171,0.425983,0.40673,0.425819,0.25,0.25,0.25,0.25,0.0,0.0,0.0,0.077778,0.375343,0.400477,0.419824,0.413964,0.0,0.0,0.0,0.0,0.0,0.0,0.0,0.0,0.0,0.0,0.0,0.0,-0.090199,0.0,0.026352,0.0,-0.077778,-0.038622,0.0,0.0,0.0,40-plus,static,Inspector,group centre,0
0.5953,0.52939,0.51754,0.493592,0.857143,0.966667,0.455556,0.227778,0.363157,0.397973,0.427767,0.435694,0.25,0.25,0.25,0.25,0.0,0.0,0.155556,0.077778,0.472814,0.534273,0.481842,0.501623,0.5033,0.5033,0.484983,0.449585,0.442714,0.40078,0.418432,0.413974,0.0,0.0,0.0,0.0,0.101708,0.629365,-0.072537,0.0,-0.077778,-0.028809,0.053715,0.02874,0.0,under-30,static,Constable,left-wing extremism area,0
0.594629,0.574487,0.53159,0.51972,0.0,0.0,0.0,0.233333,0.465643,0.424073,0.421302,0.398136,0.25,0.25,0.25,0.25,0.0,0.0,0.0,0.0,0.3739,0.484347,0.444593,0.450627,0.5101,0.5101,0.474567,0.456968,0.431829,0.402793,0.433677,0.433163,0.0,0.0,0.0,0.0,0.074909,-0.233333,0.067507,0.0,0.0,-0.076727,0.053132,-0.001334,0.0,30-39,static,Assistant Sub-Inspector,internal security duty,0
0.7106,0.59742,0.505266,0.435803,0.2571,0.2571,0.174257,0.087128,0.5951,0.56828,0.524223,0.428759,0.25,0.25,0.25,0.25,0.0,0.0,0.066667,0.155556,0.7588,0.656963,0.513724,0.409571,0.3248,0.3248,0.35184,0.361027,0.339957,0.31659,0.343669,0.332773,0.0,0.0,0.0,0.0,0.274797,0.169972,0.166341,0.0,-0.155556,0.349229,-0.036227,0.007184,0.0,30-39,surged,Assistant Sub-Inspector,internal security duty,0
0.3315,0.35272,0.421209,0.449471,0.0,0.333333,0.477778,0.477778,0.5203,0.40358,0.44211,0.451639,0.25,0.25,0.25,0.25,0.0,0.0,0.0,0.0,0.350171,0.318833,0.435474,0.440967,0.0,0.0,0.0,0.0,0.5086,0.432797,0.431497,0.425929,0.0,0.0,0.0,0.0,-0.117971,-0.477778,0.068661,0.0,0.0,-0.090795,0.0,0.082671,0.0,40-plus,static,Assistant Commandant,law and order deployment,0
0.3424,0.363497,0.354716,0.333551,0.0,0.0,0.0,0.016667,0.3902,0.3557,0.356901,0.353628,0.75,0.75,0.75,0.75,0.571429,0.466667,0.311111,0.155556,0.462186,0.292223,0.303368,0.310492,0.1866,0.317067,0.317511,0.337622,0.0,0.0,0.0,0.0,0.0,0.0,0.0,0.0,0.008849,-0.016667,0.036572,0.0,0.415873,0.151694,-0.151022,0.0,0.0,under-30,static,Head Constable,group centre,0
0.256614,0.370597,0.326987,0.352926,0.0,0.0,0.344444,0.172222,0.411071,0.37738,0.343813,0.351821,0.25,0.25,0.25,0.25,0.0,0.0,0.0,0.0,0.4599,0.399093,0.369542,0.342991,0.2729,0.284633,0.32534,0.30482,0.351429,0.296213,0.327224,0.337039,0.0,0.0,0.0,0.0,-0.096312,-0.172222,0.059251,0.0,0.0,0.116909,-0.03192,0.01439,0.0,under-30,static,Constable,left-wing extremism area,0
0.472786,0.50148,0.472833,0.43968,0.0,0.166667,0.433333,0.216667,0.3344,0.445517,0.386603,0.42639,0.25,0.25,0.25,0.25,0.0,0.0,0.0,0.0,0.2786,0.32306,0.347784,0.377774,0.5834,0.54386,0.492268,0.490885,0.0,0.0,0.0,0.0,0.0,0.0,0.0,0.0,0.033106,-0.216667,-0.09199,0.0,0.0,-0.099174,0.092515,0.0,0.0,40-plus,static,Inspector,law and order deployment,0
0.2735,0.307117,0.363619,0.360972,0.428571,0.866667,0.333333,0.166667,0.366986,0.387627,0.361774,0.337601,0.25,0.25,0.25,0.25,0.285714,0.466667,0.155556,0.077778,0.258129,0.361613,0.379742,0.372297,0.2831,0.284953,0.309497,0.317087,0.0,0.0,0.0,0.0,0.0,0.0,0.0,0.0,-0.087472,0.261905,0.029385,0.0,0.207937,-0.114168,-0.033987,0.0,0.0,30-39,static,Assistant Sub-Inspector,group centre,0
0.4586,0.36748,0.38866,0.351683,0.0,0.0,0.0,0.0,0.195457,0.21747,0.27489,0.305282,0.75,0.75,0.75,0.75,0.0,0.0,0.0,0.0,0.3075,0.326767,0.340611,0.330677,0.2124,0.2124,0.2124,0.2124,0.0,0.0,0.0,0.0,0.0,0.0,0.0,0.0,0.106917,0.0,-0.109825,0.0,0.0,-0.023177,0.0,0.0,0.0,40-plus,static,Inspector,election duty,0
0.397857,0.43288,0.439916,0.424657,0.0,0.0,0.0,0.222222,0.2624,0.362377,0.458046,0.457314,0.25,0.25,0.25,0.25,0.0,0.0,0.0,0.0,0.3153,0.40493,0.366781,0.399551,0.4619,0.46566,0.475164,0.452265,0.0,0.0,0.0,0.0,0.0,0.0,0.0,0.0,-0.0268,-0.222222,-0.194914,0.0,0.0,-0.084251,0.009635,0.0,0.0,under-30,static,Head Constable,internal security duty,0
0.398814,0.361643,0.419661,0.432023,0.0,0.0,0.455556,0.227778,0.4131,0.568477,0.503568,0.489093,0.25,0.25,0.25,0.25,0.0,0.0,0.0,0.077778,0.560529,0.46199,0.380753,0.400863,0.4672,0.4672,0.4672,0.477148,0.386329,0.375253,0.422797,0.414404,0.0,0.0,0.0,0.0,-0.033209,-0.227778,-0.075993,0.0,-0.077778,0.159665,-0.009948,-0.028075,0.0,under-30,static,Constable,left-wing extremism area,0
0.2547,0.39679,0.417998,0.425753,0.0,0.0,0.0,0.0,0.506,0.421493,0.449874,0.457002,0.25,0.25,0.25,0.25,0.0,0.0,0.0,0.0,0.496571,0.513577,0.424826,0.409069,0.5871,0.5871,0.580283,0.517801,0.0,0.0,0.0,0.0,0.0,0.0,0.0,0.0,-0.171053,0.0,0.048998,0.0,0.0,0.087503,0.069299,0.0,0.0,30-39,static,Sub-Inspector,election duty,0
0.6635,0.6605,0.564928,0.481795,0.2445,0.2445,0.165717,0.277303,0.740043,0.641307,0.534558,0.467407,0.25,0.25,0.25,0.25,0.0,0.0,0.0,0.0,0.665814,0.635637,0.530713,0.486158,0.0,0.0,0.0,0.0,0.0,0.0,0.0,0.0,0.0,0.0,0.0,0.0,0.181705,-0.032803,0.272636,0.0,0.0,0.179656,0.0,0.0,0.0,30-39,surged,Assistant Sub-Inspector,internal security duty,0
0.589543,0.591747,0.5364,0.443669,0.2591,0.2591,0.507732,0.253866,0.4628,0.605197,0.59371,0.466433,0.25,0.25,0.25,0.25,0.0,0.0,0.0,0.0,0.5082,0.58531,0.498302,0.428893,0.156,0.18654,0.218899,0.206149,0.268057,0.29607,0.329749,0.334908,0.0,0.0,0.0,0.0,0.145873,0.005234,-0.003633,0.0,0.0,0.079307,-0.050149,-0.066851,0.0,40-plus,surged,Sub-Inspector,internal security duty,0
0.316257,0.376613,0.371036,0.359553,0.0,0.0,0.388889,0.194444,0.4891,0.43764,0.377606,0.403471,0.25,0.25,0.25,0.25,0.0,0.0,0.0,0.033333,0.374843,0.36786,0.373449,0.350184,0.0,0.0,0.0,0.0,0.307714,0.299663,0.329713,0.340842,0.0,0.0,0.0,0.0,-0.043296,-0.194444,0.085629,0.0,-0.033333,0.024658,0.0,-0.033128,0.0,40-plus,static,Assistant Commandant,internal security duty,0
0.3174,0.417517,0.411276,0.38783,0.0,0.0,0.0,0.194444,0.2699,0.417213,0.442989,0.450691,0.75,0.75,0.75,0.75,0.0,0.0,0.0,0.077778,0.5444,0.503897,0.413788,0.415822,0.3894,0.4208,0.4522,0.457639,0.0,0.0,0.0,0.0,0.0,0.0,0.0,0.0,-0.07043,-0.194444,-0.180791,0.0,-0.077778,0.128578,-0.068239,0.0,0.0,40-plus,static,Inspector,internal security duty,0
0.467614,0.54071,0.524393,0.466069,0.2314,0.2314,0.156838,0.172863,0.694571,0.601987,0.481288,0.422729,0.25,0.25,0.25,0.25,0.857143,0.466667,0.311111,0.155556,0.540814,0.57988,0.481888,0.410057,0.0,0.0,0.0,0.0,0.0,0.0,0.0,0.0,0.0,0.0,0.0,0.0,0.001545,0.058537,0.271843,0.0,0.701587,0.130758,0.0,0.0,0.0,30-39,surged,Sub-Inspector,internal security duty,0
0.679929,0.624903,0.541916,0.463852,0.2138,0.2138,0.144909,0.072454,0.6761,0.697383,0.520628,0.427559,0.25,0.25,0.25,0.25,0.0,0.0,0.0,0.0,0.6479,0.631617,0.517298,0.399142,0.4572,0.4572,0.4572,0.4572,0.353086,0.330447,0.337854,0.337024,0.0,0.0,0.0,0.0,0.216077,0.141346,0.248541,0.0,0.0,0.248758,0.0,0.016061,0.0,40-plus,surged,Inspector,internal security duty,0
0.4846,0.445103,0.361207,0.398132,0.0,0.0,0.0,0.038889,0.3694,0.43894,0.467318,0.441899,0.75,0.75,0.75,0.75,0.0,0.0,0.0,0.0,0.5836,0.429777,0.417066,0.406446,0.346,0.444173,0.526578,0.478082,0.0,0.0,0.0,0.0,0.0,0.0,0.0,0.0,0.086468,-0.038889,-0.072499,0.0,0.0,0.177154,-0.132082,0.0,0.0,30-39,static,Assistant Sub-Inspector,internal security duty,0
0.4188,0.443057,0.38028,0.396171,0.0,0.0,0.0,0.022222,0.3341,0.336237,0.377972,0.413938,0.75,0.75,0.75,0.75,0.0,0.0,0.0,0.077778,0.3238,0.425933,0.398831,0.394483,0.3875,0.3875,0.430749,0.426891,0.232257,0.335097,0.367532,0.365922,0.0,0.0,0.0,0.0,0.022629,-0.022222,-0.079838,0.0,-0.077778,-0.070683,-0.039391,-0.133665,0.0,under-30,static,Constable,law and order deployment,0
0.379543,0.329317,0.341242,0.34712,0.0,0.0,0.0,0.0,0.211386,0.325183,0.329636,0.321338,0.25,0.25,0.25,0.25,0.0,0.0,0.155556,0.155556,0.4531,0.356653,0.362154,0.360107,0.0,0.0,0.0,0.0,0.3337,0.284997,0.328252,0.334704,0.0,0.0,0.0,0.0,0.032423,0.0,-0.109953,0.0,-0.155556,0.092993,0.0,-0.001004,0.0,30-39,static,Assistant Sub-Inspector,left-wing extremism area,0
0.4593,0.47526,0.436849,0.450821,0.0,0.0,0.0,0.0,0.405557,0.405757,0.432787,0.445037,0.75,0.75,0.75,0.75,0.0,0.0,0.0,0.0,0.387271,0.436603,0.471247,0.43057,0.0,0.0,0.0,0.0,0.492343,0.388657,0.400704,0.394241,0.0,0.0,0.0,0.0,0.008479,0.0,-0.03948,0.0,0.0,-0.043299,0.0,0.098102,0.0,40-plus,static,Inspector,election duty,0
0.265243,0.360877,0.358049,0.362617,0.0,0.0,0.0,0.116667,0.1647,0.22354,0.272791,0.318496,0.25,0.25,0.25,0.25,0.0,0.0,0.0,0.0,0.327371,0.40884,0.342698,0.36578,0.1519,0.1519,0.299233,0.313092,0.0,0.0,0.0,0.0,0.0,0.0,0.0,0.0,-0.097374,-0.116667,-0.153796,0.0,0.0,-0.038409,-0.161192,0.0,0.0,under-30,static,Head Constable,law and order deployment,0
0.2797,0.334233,0.374998,0.368837,0.0,0.0,0.0,0.2,0.330057,0.340143,0.319901,0.346093,0.25,0.25,0.25,0.25,0.0,0.0,0.0,0.077778,0.339771,0.362763,0.337393,0.358961,0.3843,0.3843,0.457817,0.405086,0.381571,0.354343,0.370037,0.376321,0.0,0.0,0.0,0.0,-0.089137,-0.2,-0.016036,0.0,-0.077778,-0.01919,-0.020786,0.00525,0.0,40-plus,static,Inspector,election duty,0
0.156914,0.2083,0.348139,0.333064,0.0,0.0,0.0,0.172222,0.2065,0.332873,0.320188,0.32822,0.25,0.25,0.25,0.25,0.0,0.0,0.111111,0.077778,0.341614,0.29013,0.342371,0.349007,0.414843,0.26462,0.23414,0.255892,0.0,0.0,0.0,0.0,0.0,0.0,0.0,0.0,-0.17615,-0.172222,-0.12172,0.0,-0.077778,-0.007392,0.158951,0.0,0.0,40-plus,static,Inspector,group centre,0
0.340414,0.37988,0.450849,0.473921,0.0,0.533333,0.422222,0.211111,0.312257,0.4023,0.403788,0.390051,0.25,0.25,0.25,0.25,0.0,0.0,0.0,0.077778,0.525743,0.437513,0.389649,0.401113,0.6635,0.6635,0.6635,0.6635,0.0,0.0,0.0,0.0,0.0,0.0,0.0,0.0,-0.133507,-0.211111,-0.077794,0.0,-0.077778,0.12463,0.0,0.0,0.0,under-30,static,Constable,left-wing extremism area,0
0.4091,0.439667,0.403722,0.378688,0.0,0.0,0.0,0.177778,0.4527,0.342857,0.327749,0.348239,0.25,0.25,0.25,0.25,0.0,0.0,0.155556,0.155556,0.5016,0.41915,0.379281,0.375006,0.1389,0.1389,0.1579,0.234809,0.3189,0.32001,0.325757,0.325865,0.0,0.0,0.0,0.0,0.030412,-0.177778,0.104461,0.0,-0.155556,0.126594,-0.095909,-0.006965,0.0,40-plus,static,Assistant Commandant,left-wing extremism area,0
0.253371,0.33689,0.410956,0.366718,0.0,0.5,0.366667,0.183333,0.301943,0.337933,0.371569,0.348087,0.25,0.25,0.25,0.25,0.0,0.0,0.0,0.0,0.3494,0.298883,0.329857,0.370451,0.2938,0.27499,0.38258,0.390034,0.0,0.0,0.0,0.0,0.0,0.0,0.0,0.0,-0.113347,-0.183333,-0.046144,0.0,0.0,-0.021051,-0.096234,0.0,0.0,40-plus,static,Inspector,left-wing extremism area,0
0.4923,0.39812,0.385874,0.335917,0.0,0.0,0.0,0.166667,0.348657,0.29469,0.332498,0.316533,0.25,0.25,0.25,0.25,0.0,0.0,0.0,0.077778,0.4343,0.364897,0.301091,0.309956,0.0,0.0,0.0,0.0,0.0,0.0,0.0,0.0,0.0,0.0,0.0,0.0,0.156383,-0.166667,0.032124,0.0,-0.077778,0.124344,0.0,0.0,0.0,under-30,static,Constable,left-wing extremism area,0
0.5752,0.555393,0.550543,0.454273,0.2851,0.2851,0.404346,0.285506,0.706014,0.633937,0.54871,0.458968,0.25,0.25,0.25,0.25,0.0,0.0,0.0,0.0,0.516043,0.62575,0.543504,0.435058,0.2728,0.2728,0.2728,0.278471,0.417829,0.359867,0.361872,0.352287,0.0,0.0,0.0,0.0,0.120927,-0.000406,0.247047,0.0,0.0,0.080985,-0.005671,0.065541,0.0,under-30,surged,Constable,internal security duty,0
0.5403,0.414517,0.445631,0.416776,0.0,0.0,0.0,0.088889,0.3775,0.333277,0.380454,0.378003,0.25,0.25,0.25,0.25,0.0,0.0,0.0,0.0,0.347386,0.391247,0.351396,0.374108,0.3956,0.3956,0.3956,0.41513,0.0,0.0,0.0,0.0,0.0,0.0,0.0,0.0,0.123524,-0.088889,-0.000503,0.0,0.0,-0.026723,-0.01953,0.0,0.0,30-39,static,Assistant Sub-Inspector,group centre,0
0.5708,0.483623,0.488817,0.501119,0.0,0.0,0.0,0.238889,0.4999,0.422267,0.468661,0.478317,0.25,0.25,0.25,0.25,0.0,0.0,0.0,0.0,0.394029,0.509547,0.48801,0.489726,0.5985,0.58792,0.56034,0.532845,0.0,0.0,0.0,0.0,0.0,0.0,0.0,0.0,0.069681,-0.238889,0.021583,0.0,0.0,-0.095697,0.065655,0.0,0.0,30-39,static,Head Constable,left-wing extremism area,0
0.3376,0.37164,0.467566,0.472562,0.0,0.0,0.0,0.055556,0.3505,0.362827,0.418082,0.399644,0.75,0.75,0.75,0.75,0.0,0.0,0.0,0.0,0.451443,0.38435,0.425472,0.461084,0.0,0.0,0.0,0.0,0.0,0.0,0.0,0.0,0.0,0.0,0.0,0.0,-0.134962,-0.055556,-0.049144,0.0,0.0,-0.009641,0.0,0.0,0.0,under-30,static,Constable,left-wing extremism area,0
0.324286,0.4266,0.375896,0.382451,0.0,0.0,0.366667,0.183333,0.433271,0.38048,0.379391,0.373201,0.25,0.25,0.25,0.25,0.0,0.0,0.0,0.0,0.370157,0.291227,0.351626,0.357682,0.3915,0.384823,0.269074,0.357839,0.0,0.0,0.0,0.0,0.0,0.0,0.0,0.0,-0.058165,-0.183333,0.060071,0.0,0.0,0.012475,0.033661,0.0,0.0,under-30,static,Constable,left-wing extremism area,0
0.4942,0.400613,0.363058,0.322003,0.0,0.033333,0.344444,0.172222,0.312586,0.39881,0.403086,0.366194,0.25,0.25,0.25,0.25,0.0,0.0,0.0,0.0,0.3984,0.388023,0.330311,0.324812,0.0,0.0,0.0,0.1554,0.0,0.0,0.0,0.0,0.0,0.0,0.0,0.0,0.172197,-0.172222,-0.053608,0.0,0.0,0.073588,-0.1554,0.0,0.0,30-39,static,Assistant Sub-Inspector,group centre,0
0.45,0.374017,0.352557,0.35851,0.857143,0.966667,0.366667,0.183333,0.5217,0.36162,0.330859,0.358039,0.25,0.25,0.25,0.25,0.0,0.0,0.0,0.0,0.300871,0.305477,0.342204,0.376663,0.3613,0.35499,0.373269,0.343246,0.0,0.0,0.0,0.0,0.0,0.0,0.0,0.0,0.09149,0.67381,0.163661,0.0,0.0,-0.075792,0.018054,0.0,0.0,30-39,static,Head Constable,law and order deployment,0
0.3075,0.243143,0.309157,0.303288,0.0,0.0,0.322222,0.161111,0.291886,0.264913,0.297914,0.306747,0.25,0.25,0.25,0.25,0.0,0.0,0.0,0.077778,0.4182,0.317533,0.324002,0.34231,0.0,0.0,0.0,0.0,0.381614,0.30946,0.320779,0.299218,0.0,0.0,0.0,0.0,0.004212,-0.161111,-0.014861,0.0,-0.077778,0.07589,0.0,0.082397,0.0,under-30,static,Head Constable,law and order deployment,0
0.3859,0.274427,0.306936,0.343799,0.0,0.0,0.0,0.066667,0.302514,0.348597,0.344864,0.361733,0.75,0.75,0.75,0.75,0.0,0.0,0.0,0.0,0.3348,0.308423,0.343299,0.350341,0.0,0.0,0.0,0.0,0.0,0.0,0.0,0.0,0.0,0.0,0.0,0.0,0.042101,-0.066667,-0.059218,0.0,0.0,-0.015541,0.0,0.0,0.0,40-plus,static,Sub-Inspector,internal security duty,0
0.4336,0.553953,0.551014,0.485173,0.2253,0.2253,0.163814,0.276352,0.523543,0.638523,0.520371,0.440166,0.25,0.25,0.25,0.25,0.0,0.0,0.0,0.0,0.697086,0.60143,0.489278,0.433486,0.0,0.0,0.0,0.0,0.0,0.0,0.0,0.0,0.0,0.0,0.0,0.0,-0.051573,-0.051052,0.083377,0.0,0.0,0.2636,0.0,0.0,0.0,30-39,surged,Sub-Inspector,internal security duty,0
0.334386,0.4786,0.432513,0.441477,0.0,0.0,0.0,0.177778,0.373143,0.364807,0.370842,0.380246,0.25,0.25,0.25,0.25,0.0,0.0,0.0,0.0,0.279471,0.269343,0.365057,0.366462,0.6244,0.4116,0.452916,0.483622,0.0,0.0,0.0,0.0,0.0,0.0,0.0,0.0,-0.107091,-0.177778,-0.007103,0.0,0.0,-0.08699,0.140778,0.0,0.0,under-30,static,Constable,left-wing extremism area,0
0.454,0.40534,0.350313,0.382372,0.0,0.0,0.0,0.0,0.341686,0.32969,0.338313,0.345653,0.25,0.25,0.25,0.25,0.0,0.466667,0.155556,0.077778,0.3966,0.364933,0.360671,0.349229,0.0,0.0,0.0,0.0,0.330814,0.310237,0.299722,0.306679,0.0,0.0,0.0,0.0,0.071628,0.0,-0.003968,0.0,-0.077778,0.047371,0.0,0.024135,0.0,40-plus,static,Inspector,left-wing extremism area,0
0.397457,0.4102,0.386652,0.415177,0.0,0.0,0.0,0.2,0.230257,0.282203,0.337774,0.364395,0.25,0.25,0.25,0.25,0.0,0.0,0.0,0.0,0.5027,0.450893,0.387628,0.405418,0.5693,0.5693,0.499167,0.455333,0.0,0.0,0.0,0.0,0.0,0.0,0.0,0.0,-0.01772,-0.2,-0.134138,0.0,0.0,0.097282,0.113967,0.0,0.0,30-39,static,Assistant Sub-Inspector,law and order deployment,0
0.5299,0.47329,0.401022,0.397426,0.0,0.0,0.0,0.2,0.4692,0.453933,0.441521,0.398949,0.75,0.75,0.75,0.75,0.0,0.0,0.0,0.066667,0.3478,0.37534,0.414747,0.400073,0.296443,0.36472,0.369649,0.424453,0.0,0.0,0.0,0.0,0.0,0.0,0.0,0.0,0.132474,-0.2,0.070251,0.0,-0.066667,-0.052273,-0.12801,0.0,0.0,30-39,static,Assistant Sub-Inspector,group centre,0
0.3112,0.240883,0.370549,0.369083,0.0,0.0,0.366667,0.183333,0.521386,0.43753,0.390917,0.370726,0.25,0.25,0.25,0.25,0.0,0.0,0.0,0.0,0.424629,0.47158,0.369536,0.347656,0.5543,0.58246,0.589287,0.526247,0.2717,0.300313,0.344569,0.344078,0.0,0.0,0.0,0.0,-0.057883,-0.183333,0.15066,0.0,0.0,0.076973,0.028053,-0.072378,0.0,40-plus,static,Sub-Inspector,internal security duty,0
0.435514,0.35439,0.349059,0.373226,0.0,0.0,0.0,0.166667,0.439,0.346327,0.378983,0.345915,0.25,0.25,0.25,0.25,0.0,0.0,0.0,0.0,0.4967,0.3806,0.345168,0.352686,0.0,0.0,0.0,0.0,0.0,0.0,0.0,0.0,0.0,0.0,0.0,0.0,0.062289,-0.166667,0.093085,0.0,0.0,0.144014,0.0,0.0,0.0,under-30,static,Constable,election duty,0
0.3338,0.340013,0.381269,0.411407,0.0,0.0,0.366667,0.183333,0.438643,0.36015,0.32035,0.307411,0.75,0.75,0.75,0.75,0.0,0.1,0.155556,0.077778,0.2013,0.376357,0.397313,0.402306,0.2498,0.2498,0.305626,0.253363,0.350857,0.35587,0.359488,0.349017,0.0,0.0,0.0,0.0,-0.077607,-0.183333,0.131232,0.0,-0.077778,-0.201006,-0.003563,0.00184,0.0,30-39,static,Assistant Sub-Inspector,group centre,0
0.318314,0.39232,0.404354,0.379961,0.0,0.0,0.4,0.205556,0.3536,0.333633,0.404731,0.392612,0.25,0.25,0.25,0.25,0.0,0.0,0.0,0.0,0.483929,0.445807,0.391437,0.382241,0.0,0.0,0.0,0.0,0.359729,0.37429,0.376462,0.371943,0.0,0.0,0.0,0.0,-0.061646,-0.205556,-0.039012,0.0,0.0,0.101688,0.0,-0.012214,0.0,30-39,static,Assistant Sub-Inspector,internal security duty,0
0.265314,0.377907,0.38862,0.372669,0.0,0.0,0.055556,0.177778,0.407957,0.394757,0.362872,0.366809,0.75,0.75,0.75,0.75,0.0,0.0,0.0,0.0,0.4415,0.380163,0.330109,0.329882,0.191871,0.336673,0.320358,0.293962,0.388229,0.367477,0.35727,0.350906,0.0,0.0,0.0,0.0,-0.107355,-0.177778,0.041148,0.0,0.0,0.111618,-0.102091,0.037323,0.0,30-39,static,Sub-Inspector,left-wing extremism area,0
0.3994,0.383513,0.363434,0.324893,0.0,0.0,0.0,0.166667,0.446729,0.356243,0.3799,0.368009,0.25,0.25,0.25,0.25,0.0,0.0,0.0,0.077778,0.361171,0.422327,0.355037,0.354771,0.4118,0.4118,0.34883,0.376065,0.0,0.0,0.0,0.0,0.0,0.0,0.0,0.0,0.074507,-0.166667,0.078719,0.0,-0.077778,0.006401,0.035735,0.0,0.0,40-plus,static,Sub-Inspector,election duty,0
0.2822,0.36152,0.440091,0.422616,0.0,0.0,0.222222,0.2,0.321557,0.393283,0.40182,0.374022,0.25,0.25,0.25,0.25,0.0,0.0,0.0,0.0,0.320114,0.32772,0.388074,0.370944,0.4457,0.377967,0.287656,0.308169,0.421529,0.375553,0.390748,0.388023,0.0,0.0,0.0,0.0,-0.140416,-0.2,-0.052465,0.0,0.0,-0.05083,0.137531,0.033506,0.0,40-plus,static,Inspector,left-wing extremism area,0
0.317129,0.27111,0.279943,0.305498,0.0,0.0,0.0,0.0,0.473414,0.309423,0.320841,0.327791,0.25,0.25,0.25,0.25,0.0,0.0,0.0,0.077778,0.449129,0.438337,0.34167,0.342004,0.2008,0.236453,0.281071,0.269304,0.245629,0.28041,0.314892,0.315014,0.0,0.0,0.0,0.0,0.011631,0.0,0.145623,0.0,-0.077778,0.107124,-0.068504,-0.069386,0.0,under-30,static,Head Constable,group centre,0
0.5859,0.49555,0.515828,0.493241,0.0,0.0,0.377778,0.5,0.547571,0.54304,0.492106,0.486561,0.75,0.75,0.75,0.75,0.0,0.0,0.0,0.0,0.554743,0.5606,0.50042,0.505992,0.5953,0.5953,0.614611,0.550961,0.0,0.0,0.0,0.0,0.0,0.0,0.0,0.0,0.092659,-0.5,0.061011,0.0,0.0,0.048751,0.044339,0.0,0.0,under-30,static,Head Constable,left-wing extremism area,1
0.4826,0.48569,0.399721,0.362466,0.0,0.0,0.377778,0.188889,0.4293,0.368803,0.343269,0.382299,0.25,0.25,0.25,0.25,0.0,0.0,0.155556,0.077778,0.349271,0.3813,0.433801,0.387943,0.5193,0.5193,0.397511,0.300922,0.0,0.0,0.0,0.0,0.0,0.0,0.0,0.0,0.120134,-0.188889,0.047001,0.0,-0.077778,-0.038671,0.218378,0.0,0.0,under-30,static,Constable,internal security duty,0
0.341143,0.39999,0.385599,0.342252,0.0,0.0,0.333333,0.166667,0.238714,0.27959,0.315077,0.314347,0.25,0.25,0.25,0.25,0.0,0.0,0.0,0.0,0.173614,0.192987,0.253244,0.283023,0.1607,0.1607,0.14172,0.11836,0.0,0.0,0.0,0.0,0.0,0.0,0.0,0.0,-0.001109,-0.166667,-0.075632,0.0,0.0,-0.109409,0.04234,0.0,0.0,40-plus,static,Inspector,election duty,0
0.537171,0.55512,0.537384,0.447035,0.1685,0.1685,0.114206,0.134881,0.6343,0.574097,0.492829,0.434658,0.25,0.25,0.25,0.25,0.0,0.0,0.0,0.0,0.680129,0.60553,0.562698,0.461423,0.375,0.375,0.371726,0.357613,0.0,0.0,0.0,0.0,0.0,0.0,0.0,0.0,0.090136,0.033619,0.199642,0.0,0.0,0.218705,0.017387,0.0,0.0,30-39,surged,Sub-Inspector,internal security duty,0
0.280814,0.39878,0.339248,0.33941,0.0,0.466667,0.366667,0.183333,0.465071,0.387563,0.420737,0.408875,0.75,0.75,0.75,0.75,0.0,0.433333,0.311111,0.155556,0.428314,0.324097,0.306319,0.328786,0.4264,0.4264,0.466743,0.429162,0.0,0.0,0.0,0.0,0.0,0.0,0.0,0.0,-0.058596,-0.183333,0.056196,0.0,-0.155556,0.099528,-0.002762,0.0,0.0,30-39,static,Assistant Sub-Inspector,law and order deployment,0
0.2855,0.38342,0.384236,0.34892,0.0,0.0,0.0,0.0,0.2737,0.287527,0.332167,0.339918,0.25,0.25,0.25,0.25,0.0,0.0,0.0,0.0,0.4744,0.32002,0.347864,0.370925,0.0,0.0,0.0,0.0,0.0,0.0,0.0,0.0,0.0,0.0,0.0,0.0,-0.06342,0.0,-0.066218,0.0,0.0,0.103475,0.0,0.0,0.0,40-plus,static,Inspector,group centre,0
0.5608,0.56428,0.53308,0.468085,0.2322,0.2322,0.15738,0.07869,0.611257,0.631567,0.563266,0.462949,0.25,0.25,0.25,0.25,0.0,0.0,0.0,0.0,0.553,0.61227,0.557647,0.462516,0.423,0.3381,0.336544,0.373268,0.0,0.0,0.0,0.0,0.0,0.0,0.0,0.0,0.092715,0.15351,0.148308,0.0,0.0,0.090484,0.049732,0.0,0.0,40-plus,surged,Assistant Commandant,internal security duty,0
0.464,0.372167,0.352487,0.374906,0.0,0.0,0.0,0.0,0.414714,0.407933,0.362846,0.399846,0.25,0.25,0.25,0.25,0.0,0.0,0.0,0.0,0.367314,0.317063,0.334366,0.36388,0.0,0.0,0.0,0.0,0.0,0.0,0.0,0.0,0.0,0.0,0.0,0.0,0.089094,0.0,0.014869,0.0,0.0,0.003434,0.0,0.0,0.0,40-plus,static,Inspector,law and order deployment,0
0.6293,0.577077,0.511551,0.469262,0.0,0.4,0.488889,0.488889,0.438471,0.5376,0.48467,0.457272,0.25,0.25,0.25,0.25,0.0,0.0,0.0,0.0,0.392586,0.476847,0.46611,0.479491,0.523,0.523,0.483367,0.459047,0.0,0.0,0.0,0.0,0.0,0.0,0.0,0.0,0.160038,-0.488889,-0.018801,0.0,0.0,-0.086905,0.063953,0.0,0.0,under-30,static,Head Constable,election duty,1
0.281757,0.41642,0.369206,0.320247,0.0,0.666667,0.322222,0.161111,0.446086,0.448303,0.392141,0.354566,0.25,0.25,0.25,0.25,0.0,0.0,0.0,0.0,0.3806,0.33528,0.284964,0.28962,0.0,0.0,0.0,0.0,0.0,0.0,0.0,0.0,0.0,0.0,0.0,0.0,-0.03849,-0.161111,0.09152,0.0,0.0,0.09098,0.0,0.0,0.0,under-30,static,Head Constable,internal security duty,0
0.4612,0.45842,0.488109,0.486716,0.0,0.0,0.544444,0.322222,0.562543,0.470107,0.558513,0.512776,0.25,0.25,0.25,0.25,0.0,0.0,0.0,0.0,0.5063,0.526223,0.515527,0.490761,0.0,0.0,0.0,0.0,0.446929,0.387063,0.442326,0.434466,0.0,0.0,0.0,0.0,-0.025516,-0.322222,0.049767,0.0,0.0,0.015539,0.0,0.012462,0.0,under-30,static,Constable,group centre,0
0.332786,0.421687,0.469968,0.479836,0.0,0.166667,0.722222,0.477778,0.4976,0.563603,0.496026,0.454659,0.25,0.25,0.25,0.25,0.0,0.0,0.188889,0.127778,0.459,0.463313,0.542124,0.543358,0.0,0.0,0.0,0.0,0.498457,0.45934,0.453964,0.453842,0.0,0.0,0.0,0.0,-0.14705,-0.477778,0.042941,0.0,-0.127778,-0.084358,0.0,0.044615,0.0,40-plus,static,Sub-Inspector,left-wing extremism area,1
0.384014,0.430053,0.391441,0.360352,0.0,0.0,0.344444,0.172222,0.402543,0.36148,0.342276,0.304372,0.25,0.25,0.25,0.25,0.0,0.0,0.155556,0.155556,0.406043,0.282933,0.29888,0.330968,0.3276,0.3276,0.37828,0.352646,0.354371,0.30059,0.310366,0.315164,0.0,0.0,0.0,0.0,0.023663,-0.172222,0.098171,0.0,-0.155556,0.075075,-0.025046,0.039208,0.0,40-plus,static,Assistant Commandant,election duty,0
0.5313,0.590903,0.521517,0.425544,0.2977,0.2977,0.52544,0.26272,0.5463,0.64509,0.52851,0.446887,0.25,0.25,0.25,0.25,0.0,0.0,0.0,0.0,0.563757,0.563767,0.551401,0.481851,0.4747,0.4747,0.333893,0.311625,0.0,0.0,0.0,0.0,0.0,0.0,0.0,0.0,0.105756,0.03498,0.099413,0.0,0.0,0.081906,0.163075,0.0,0.0,40-plus,surged,Inspector,internal security duty,0
0.440814,0.452847,0.409869,0.381595,0.0,0.366667,0.4,0.2,0.2786,0.36965,0.342812,0.349024,0.25,0.25,0.25,0.25,0.0,0.466667,0.155556,0.155556,0.388914,0.4211,0.380122,0.401133,0.3802,0.3802,0.3802,0.369083,0.0,0.0,0.0,0.0,0.0,0.0,0.0,0.0,0.059219,-0.2,-0.070424,0.0,-0.155556,-0.012219,0.011117,0.0,0.0,40-plus,static,Inspector,law and order deployment,0
0.335957,0.37476,0.348956,0.375126,0.0,0.0,0.344444,0.172222,0.3244,0.322373,0.314419,0.339861,0.25,0.25,0.25,0.25,0.0,0.0,0.0,0.0,0.257429,0.26685,0.30773,0.317582,0.0,0.0,0.0,0.0,0.451071,0.33767,0.335933,0.330319,0.0,0.0,0.0,0.0,-0.039169,-0.172222,-0.015461,0.0,0.0,-0.060153,0.0,0.120752,0.0,40-plus,static,Assistant Commandant,internal security duty,0
0.544329,0.412393,0.443117,0.44361,0.0,0.066667,0.433333,0.216667,0.3928,0.337117,0.432363,0.432464,0.25,0.25,0.25,0.25,0.0,0.0,0.0,0.0,0.4991,0.51006,0.463522,0.418827,0.4691,0.4691,0.4691,0.4691,0.441914,0.378667,0.378964,0.375288,0.0,0.0,0.0,0.0,0.100719,-0.216667,-0.039664,0.0,0.0,0.080273,0.0,0.066627,0.0,under-30,static,Constable,internal security duty,0
0.315171,0.340113,0.346781,0.378602,0.0,0.666667,0.366667,0.183333,0.328871,0.382703,0.377217,0.365253,0.25,0.25,0.25,0.25,0.0,0.0,0.155556,0.077778,0.321,0.364403,0.350974,0.362416,0.2421,0.2421,0.2421,0.319067,0.0,0.0,0.0,0.0,0.0,0.0,0.0,0.0,-0.063431,-0.183333,-0.036381,0.0,-0.077778,-0.041416,-0.076967,0.0,0.0,40-plus,static,Assistant Commandant,election duty,0
0.243,0.342793,0.348981,0.363172,0.0,0.0,0.0,0.177778,0.279071,0.351177,0.338617,0.360699,0.25,0.25,0.25,0.25,0.0,0.0,0.0,0.0,0.235071,0.28749,0.30898,0.324566,0.2927,0.29931,0.304103,0.255567,0.0,0.0,0.0,0.0,0.0,0.0,0.0,0.0,-0.120172,-0.177778,-0.081628,0.0,0.0,-0.089494,0.037133,0.0,0.0,30-39,static,Head Constable,election duty,0
0.467986,0.396353,0.376072,0.382332,0.0,0.0,0.377778,0.188889,0.342557,0.35982,0.381967,0.398545,0.25,0.25,0.25,0.25,0.0,0.0,0.0,0.0,0.5413,0.49767,0.417507,0.440856,0.494,0.433467,0.299722,0.252073,0.352071,0.33857,0.34791,0.352313,0.0,0.0,0.0,0.0,0.085653,-0.188889,-0.055988,0.0,0.0,0.100444,0.241927,-0.000241,0.0,under-30,static,Head Constable,left-wing extremism area,0
0.264014,0.357283,0.37314,0.347638,0.0,0.0,0.0,0.077778,0.4106,0.38278,0.353214,0.321517,0.25,0.25,0.25,0.25,0.857143,0.666667,0.222222,0.111111,0.268271,0.350737,0.368552,0.360199,0.4892,0.4892,0.4892,0.4892,0.342371,0.316163,0.357507,0.335032,0.0,0.0,0.0,0.0,-0.083624,-0.077778,0.089083,0.0,0.746032,-0.091928,0.0,0.007339,0.0,under-30,static,Constable,group centre,0
0.305071,0.398327,0.348034,0.366579,0.0,0.333333,0.4,0.2,0.366371,0.353997,0.386874,0.397718,0.25,0.25,0.25,0.25,0.0,0.0,0.155556,0.077778,0.5564,0.45038,0.376714,0.389963,0.2844,0.2844,0.323833,0.346367,0.443386,0.367477,0.370332,0.367106,0.0,0.0,0.0,0.0,-0.061507,-0.2,-0.031346,0.0,-0.077778,0.166437,-0.061967,0.07628,0.0,30-39,static,Assistant Sub-Inspector,election duty,0
0.384,0.320627,0.29095,0.317302,0.0,0.0,0.0,0.177778,0.334086,0.30056,0.311557,0.31513,0.25,0.25,0.25,0.25,0.0,0.0,0.0,0.077778,0.2532,0.38106,0.334931,0.349551,0.2978,0.2978,0.349723,0.318172,0.346529,0.35935,0.350457,0.352599,0.0,0.0,0.0,0.0,0.066698,-0.177778,0.018956,0.0,-0.077778,-0.096351,-0.020372,-0.006071,0.0,under-30,static,Head Constable,election duty,0
0.495529,0.462393,0.503896,0.492838,0.0,0.0,0.0,0.022222,0.3273,0.403087,0.435818,0.437505,0.25,0.25,0.25,0.25,0.0,0.0,0.0,0.077778,0.555386,0.462097,0.503819,0.526237,0.5583,0.473633,0.445411,0.443338,0.0,0.0,0.0,0.0,0.0,0.0,0.0,0.0,0.002691,-0.022222,-0.110205,0.0,-0.077778,0.029149,0.114962,0.0,0.0,under-30,static,Head Constable,left-wing extremism area,0
0.409957,0.44529,0.422708,0.416532,0.0,0.0,0.0,0.211111,0.4516,0.424023,0.405241,0.417591,0.75,0.75,0.75,0.75,0.0,0.0,0.0,0.0,0.315514,0.29243,0.404976,0.410844,0.3756,0.3756,0.3756,0.441672,0.0,0.0,0.0,0.0,0.0,0.0,0.0,0.0,-0.006575,-0.211111,0.034009,0.0,0.0,-0.09533,-0.066072,0.0,0.0,40-plus,static,Inspector,internal security duty,0
0.4545,0.343493,0.363733,0.359047,0.0,0.0,0.0,0.172222,0.3576,0.33734,0.377016,0.369789,0.25,0.25,0.25,0.25,0.0,0.0,0.155556,0.077778,0.3935,0.32469,0.2996,0.318858,0.0,0.0,0.0,0.0,0.0,0.0,0.0,0.0,0.0,0.0,0.0,0.0,0.095453,-0.172222,-0.012189,0.0,-0.077778,0.074642,0.0,0.0,0.0,30-39,static,Assistant Sub-Inspector,group centre,0
0.2346,0.344167,0.351791,0.371217,0.0,0.0,0.0,0.188889,0.252657,0.381073,0.36434,0.377121,0.25,0.25,0.25,0.25,0.0,0.0,0.155556,0.155556,0.496657,0.342107,0.381503,0.365109,0.0,0.0,0.0,0.0,0.0,0.0,0.0,0.0,0.0,0.0,0.0,0.0,-0.136617,-0.188889,-0.124463,0.0,-0.155556,0.131548,0.0,0.0,0.0,30-39,static,Head Constable,left-wing extremism area,0
0.4701,0.36961,0.38983,0.388748,0.714286,0.933333,0.388889,0.194444,0.461429,0.34257,0.377261,0.376232,0.25,0.25,0.25,0.25,0.0,0.0,0.155556,0.077778,0.3636,0.3307,0.370776,0.34827,0.0,0.0,0.0,0.0,0.0,0.0,0.0,0.0,0.0,0.0,0.0,0.0,0.081352,0.519841,0.085196,0.0,-0.077778,0.01533,0.0,0.0,0.0,under-30,static,Constable,internal security duty,0
0.3603,0.40042,0.3492,0.313206,0.0,0.0,0.0,0.183333,0.319943,0.303723,0.311477,0.327817,0.25,0.25,0.25,0.25,0.571429,0.466667,0.155556,0.077778,0.2863,0.40879,0.404671,0.418072,0.4748,0.30514,0.280358,0.299319,0.0,0.0,0.0,0.0,0.0,0.0,0.0,0.0,0.047094,-0.183333,-0.007874,0.0,0.493651,-0.131772,0.175481,0.0,0.0,under-30,static,Constable,left-wing extremism area,0
0.504886,0.483107,0.451028,0.44008,0.0,0.0,0.3,0.2,0.4232,0.43978,0.396221,0.412957,0.25,0.25,0.25,0.25,0.0,0.0,0.0,0.0,0.5018,0.43485,0.42862,0.402644,0.0,0.0,0.0,0.0,0.390757,0.364047,0.38036,0.375393,0.0,0.0,0.0,0.0,0.064806,-0.2,0.010243,0.0,0.0,0.099156,0.0,0.015364,0.0,30-39,static,Assistant Sub-Inspector,internal security duty,0
0.345557,0.45693,0.406654,0.427544,0.0,0.0,0.0,0.116667,0.3486,0.393553,0.365726,0.378534,0.75,0.75,0.75,0.75,0.0,0.0,0.0,0.077778,0.405114,0.394307,0.345791,0.366179,0.0,0.0,0.0,0.0,0.0,0.0,0.0,0.0,0.0,0.0,0.0,0.0,-0.081987,-0.116667,-0.029934,0.0,-0.077778,0.038935,0.0,0.0,0.0,30-39,static,Assistant Sub-Inspector,group centre,0
0.279771,0.414203,0.343236,0.373097,0.0,0.0,0.0,0.183333,0.4379,0.423007,0.383848,0.370717,0.25,0.25,0.25,0.25,0.0,0.0,0.0,0.0,0.457214,0.351957,0.334292,0.340757,0.0,0.0,0.0,0.0,0.0,0.0,0.0,0.0,0.0,0.0,0.0,0.0,-0.093325,-0.183333,0.067183,0.0,0.0,0.116458,0.0,0.0,0.0,under-30,static,Head Constable,internal security duty,0
0.3405,0.383987,0.397547,0.394583,0.0,0.0,0.0,0.127778,0.348429,0.323847,0.356442,0.373051,0.25,0.25,0.25,0.25,0.0,0.0,0.155556,0.155556,0.478986,0.45297,0.3833,0.377873,0.2726,0.2818,0.24816,0.281041,0.0,0.0,0.0,0.0,0.0,0.0,0.0,0.0,-0.054083,-0.127778,-0.024622,0.0,-0.155556,0.101113,-0.008441,0.0,0.0,40-plus,static,Assistant Commandant,group centre,0
0.236986,0.24281,0.311006,0.319069,0.0,0.0,0.155556,0.155556,0.296114,0.21544,0.229879,0.269698,0.25,0.25,0.25,0.25,0.0,0.0,0.0,0.0,0.361,0.294113,0.303491,0.293031,0.0,0.0,0.0,0.0,0.0,0.0,0.0,0.0,0.0,0.0,0.0,0.0,-0.082083,-0.155556,0.026417,0.0,0.0,0.067969,0.0,0.0,0.0,under-30,static,Constable,law and order deployment,0
0.624971,0.51257,0.517002,0.419074,0.2518,0.2518,0.428458,0.214229,0.6989,0.69442,0.577268,0.445242,0.75,0.75,0.75,0.75,0.0,0.0,0.0,0.0,0.5216,0.582,0.550266,0.451839,0.2068,0.12628,0.153753,0.270642,0.0,0.0,0.0,0.0,0.0,0.0,0.0,0.0,0.205897,0.037571,0.253658,0.0,0.0,0.069761,-0.063842,0.0,0.0,40-plus,surged,Inspector,internal security duty,0
0.4638,0.423543,0.409703,0.358005,0.0661,0.0661,0.044801,0.022401,0.510129,0.405953,0.448818,0.410643,0.25,0.25,0.25,0.25,0.0,0.0,0.0,0.077778,0.416643,0.506017,0.419797,0.382449,0.3229,0.315753,0.308302,0.308775,0.0,0.0,0.0,0.0,0.0,0.0,0.0,0.0,0.105795,0.043699,0.099485,0.0,-0.077778,0.034193,0.014125,0.0,0.0,30-39,surged,Assistant Sub-Inspector,internal security duty,0
0.338957,0.398113,0.405716,0.399148,0.0,0.0,0.433333,0.216667,0.5607,0.4232,0.40504,0.421989,0.25,0.25,0.25,0.25,0.0,0.033333,0.155556,0.077778,0.480286,0.37796,0.422679,0.39893,0.0,0.0,0.0,0.0,0.470843,0.402367,0.406067,0.406323,0.0,0.0,0.0,0.0,-0.060191,-0.216667,0.138711,0.0,-0.077778,0.081356,0.0,0.06452,0.0,40-plus,static,Sub-Inspector,election duty,0
0.4685,0.422447,0.384948,0.386882,0.0,0.0,0.0,0.066667,0.4718,0.41889,0.394083,0.390068,0.75,0.75,0.75,0.75,0.0,0.0,0.155556,0.077778,0.2628,0.295923,0.31902,0.369141,0.156,0.349747,0.324973,0.327837,0.440486,0.372897,0.33999,0.362609,0.0,0.0,0.0,0.0,0.081618,-0.066667,0.081732,0.0,-0.077778,-0.106341,-0.171837,0.077876,0.0,30-39,static,Head Constable,internal security duty,0
0.410129,0.479113,0.489253,0.485463,0.0,0.0,0.0,0.261111,0.577986,0.58214,0.537957,0.508271,0.25,0.25,0.25,0.25,0.142857,0.466667,0.155556,0.077778,0.630914,0.570347,0.504431,0.504978,0.0,0.0,0.0,0.0,0.452114,0.43114,0.465411,0.467057,0.0,0.0,0.0,0.0,-0.075334,-0.261111,0.069715,0.0,0.065079,0.125937,0.0,-0.014943,0.0,30-39,static,Head Constable,left-wing extremism area,1
0.309357,0.326383,0.388517,0.392885,0.0,0.0,0.0,0.0,0.2671,0.35218,0.346469,0.343294,0.75,0.75,0.75,0.75,0.0,0.0,0.0,0.038889,0.2859,0.2878,0.338793,0.348825,0.0,0.0,0.0,0.0,0.0,0.0,0.0,0.0,0.0,0.0,0.0,0.0,-0.083528,0.0,-0.076194,0.0,-0.038889,-0.062925,0.0,0.0,0.0,40-plus,static,Assistant Commandant,left-wing extremism area,0
0.2158,0.25038,0.320567,0.335997,0.0,0.0,0.2,0.166667,0.297529,0.29624,0.309673,0.305316,0.25,0.25,0.25,0.25,0.0,0.0,0.0,0.0,0.433343,0.327147,0.296648,0.29274,0.3011,0.3011,0.250109,0.245324,0.0,0.0,0.0,0.0,0.0,0.0,0.0,0.0,-0.120197,-0.166667,-0.007788,0.0,0.0,0.140603,0.055776,0.0,0.0,30-39,static,Assistant Sub-Inspector,group centre,0
0.376443,0.327303,0.388618,0.379672,0.0,0.0,0.022222,0.177778,0.3768,0.368893,0.349467,0.359128,0.25,0.25,0.25,0.25,0.0,0.466667,0.155556,0.155556,0.334829,0.388097,0.329122,0.338296,0.4349,0.4349,0.4349,0.34666,0.316171,0.32918,0.334409,0.339414,0.0,0.0,0.0,0.0,-0.003229,-0.177778,0.017672,0.0,-0.155556,-0.003467,0.08824,-0.023242,0.0,40-plus,static,Inspector,election duty,0
0.427029,0.371133,0.297317,0.320107,0.0,0.0,0.333333,0.166667,0.2177,0.28383,0.287048,0.297414,0.25,0.25,0.25,0.25,0.0,0.0,0.066667,0.111111,0.211129,0.298747,0.300632,0.308965,0.3995,0.3995,0.3995,0.3995,0.0,0.0,0.0,0.0,0.0,0.0,0.0,0.0,0.106922,-0.166667,-0.079714,0.0,-0.111111,-0.097836,-0.0,0.0,0.0,30-39,static,Assistant Sub-Inspector,law and order deployment,0
0.506343,0.562933,0.504851,0.413689,0.2082,0.2082,0.141113,0.237223,0.477171,0.5134,0.423083,0.403769,0.25,0.25,0.25,0.25,0.0,0.0,0.0,0.0,0.690329,0.6494,0.488151,0.390189,0.0,0.0,0.0,0.0,0.0,0.0,0.0,0.0,0.0,0.0,0.0,0.0,0.092653,-0.029023,0.073402,0.0,0.0,0.300139,0.0,0.0,0.0,30-39,surged,Head Constable,internal security duty,0
0.5936,0.647627,0.598872,0.480034,0.2086,0.2086,0.141384,0.109581,0.493329,0.629033,0.514021,0.437401,0.25,0.25,0.25,0.25,0.0,0.0,0.0,0.155556,0.5912,0.606047,0.569287,0.438782,0.0,0.0,0.0,0.0,0.0,0.0,0.0,0.0,0.0,0.0,0.0,0.0,0.113566,0.099019,0.055928,0.0,-0.155556,0.152418,0.0,0.0,0.0,40-plus,surged,Assistant Commandant,internal security duty,0
0.542643,0.411307,0.407333,0.420626,0.0,0.0,0.0,0.216667,0.462543,0.494483,0.430892,0.428151,0.25,0.25,0.25,0.25,0.0,0.0,0.0,0.0,0.3948,0.442807,0.423064,0.419747,0.5294,0.5294,0.5294,0.534378,0.0,0.0,0.0,0.0,0.0,0.0,0.0,0.0,0.122017,-0.216667,0.034392,0.0,0.0,-0.024947,-0.004978,0.0,0.0,40-plus,static,Inspector,group centre,0
0.495,0.41852,0.448753,0.445861,0.0,0.0,0.0,0.0,0.3085,0.336147,0.422908,0.419471,0.75,0.75,0.75,0.75,0.0,0.466667,0.155556,0.077778,0.434743,0.434927,0.410049,0.400819,0.0,0.0,0.0,0.0,0.384814,0.344637,0.367066,0.372713,0.0,0.0,0.0,0.0,0.049139,0.0,-0.110971,0.0,-0.077778,0.033924,0.0,0.012101,0.0,30-39,static,Assistant Sub-Inspector,election duty,0
0.534443,0.492467,0.434101,0.370678,0.1571,0.1571,0.106479,0.053239,0.547443,0.450017,0.44065,0.363512,0.75,0.75,0.75,0.75,0.0,0.0,0.0,0.0,0.655886,0.556467,0.459811,0.401168,0.3206,0.3206,0.290505,0.294533,0.412686,0.346893,0.339267,0.319322,0.0,0.0,0.0,0.0,0.163765,0.103861,0.183931,0.0,0.0,0.254718,0.026067,0.093363,0.0,30-39,surged,Sub-Inspector,internal security duty,0
0.469471,0.469117,0.379748,0.390974,0.0,0.5,0.344444,0.172222,0.461386,0.432907,0.391692,0.356319,0.25,0.25,0.25,0.25,0.0,0.0,0.0,0.0,0.273057,0.261773,0.314968,0.317148,0.3705,0.3705,0.3705,0.333369,0.0,0.0,0.0,0.0,0.0,0.0,0.0,0.0,0.078497,-0.172222,0.105067,0.0,0.0,-0.044091,0.037131,0.0,0.0,under-30,static,Constable,left-wing extremism area,0
0.4046,0.387773,0.411796,0.408864,0.0,0.0,0.355556,0.205556,0.461757,0.39543,0.356837,0.373632,0.25,0.25,0.25,0.25,0.0,0.0,0.0,0.077778,0.5012,0.375867,0.381079,0.380485,0.0,0.0,0.0,0.0,0.415443,0.34404,0.384226,0.374101,0.0,0.0,0.0,0.0,-0.004264,-0.205556,0.088125,0.0,-0.077778,0.120715,0.0,0.041342,0.0,30-39,static,Head Constable,internal security duty,0
0.2315,0.29492,0.346207,0.341933,0.0,0.0,0.0,0.0,0.3121,0.312397,0.359391,0.354589,0.75,0.75,0.75,0.75,0.0,0.0,0.0,0.077778,0.462743,0.339173,0.321893,0.352453,0.4608,0.418373,0.291372,0.253839,0.3831,0.3274,0.324356,0.323324,0.0,0.0,0.0,0.0,-0.110433,0.0,-0.042489,0.0,-0.077778,0.11029,0.206961,0.059776,0.0,30-39,static,Assistant Sub-Inspector,law and order deployment,0
0.3467,0.46054,0.41369,0.459204,0.0,0.0,0.466667,0.233333,0.454943,0.493263,0.475904,0.46838,0.75,0.75,0.75,0.75,0.0,0.0,0.0,0.077778,0.436586,0.380533,0.384804,0.381965,0.4884,0.4884,0.469643,0.428692,0.0,0.0,0.0,0.0,0.0,0.0,0.0,0.0,-0.112504,-0.233333,-0.013437,0.0,-0.077778,0.054621,0.059708,0.0,0.0,30-39,static,Sub-Inspector,group centre,0
0.4987,0.40236,0.361553,0.381398,0.0,0.0,0.088889,0.2,0.4709,0.427913,0.386393,0.403878,0.25,0.25,0.25,0.25,0.0,0.0,0.0,0.0,0.4439,0.44569,0.420406,0.419716,0.0,0.0,0.0,0.0,0.0,0.0,0.0,0.0,0.0,0.0,0.0,0.0,0.117302,-0.2,0.067022,0.0,0.0,0.024184,0.0,0.0,0.0,40-plus,static,Inspector,left-wing extremism area,0
0.270857,0.30792,0.385989,0.385321,0.0,0.0,0.388889,0.194444,0.409357,0.39374,0.401652,0.435047,0.25,0.25,0.25,0.25,0.0,0.0,0.0,0.077778,0.299686,0.37175,0.369817,0.386663,0.0,0.0,0.0,0.0,0.0,0.0,0.0,0.0,0.0,0.0,0.0,0.0,-0.114463,-0.194444,-0.02569,0.0,-0.077778,-0.086978,0.0,0.0,0.0,40-plus,static,Assistant Commandant,internal security duty,0
0.5518,0.50163,0.44017,0.419233,0.0,0.7,0.422222,0.211111,0.324771,0.38943,0.430403,0.455141,0.25,0.25,0.25,0.25,0.0,0.0,0.0,0.0,0.368243,0.442453,0.399436,0.398567,0.4278,0.4278,0.4278,0.418654,0.448057,0.35893,0.380692,0.386561,0.0,0.0,0.0,0.0,0.132567,-0.211111,-0.130369,0.0,0.0,-0.030324,0.009146,0.061496,0.0,under-30,static,Head Constable,left-wing extremism area,0
0.307,0.400887,0.324431,0.328682,0.0,0.0,0.0,0.0,0.220086,0.30071,0.333588,0.323385,0.25,0.25,0.25,0.25,0.0,0.0,0.0,0.0,0.219,0.314027,0.340353,0.344836,0.2196,0.2196,0.218844,0.231311,0.0,0.0,0.0,0.0,0.0,0.0,0.0,0.0,-0.021682,0.0,-0.103299,0.0,0.0,-0.125836,-0.011711,0.0,0.0,under-30,static,Constable,left-wing extremism area,0
0.4973,0.457083,0.473047,0.441066,0.0,0.0,0.0,0.227778,0.554329,0.48478,0.494547,0.460332,0.25,0.25,0.25,0.25,0.0,0.0,0.044444,0.077778,0.587129,0.526167,0.462702,0.448117,0.4115,0.4115,0.4115,0.4157,0.427529,0.409637,0.425689,0.416011,0.0,0.0,0.0,0.0,0.056234,-0.227778,0.093997,0.0,-0.077778,0.139011,-0.0042,0.011518,0.0,30-39,static,Head Constable,group centre,0
0.2019,0.278863,0.318196,0.301414,0.857143,0.966667,0.355556,0.177778,0.399943,0.303217,0.34474,0.332431,0.75,0.75,0.75,0.75,0.428571,0.466667,0.155556,0.155556,0.4626,0.32377,0.377692,0.383565,0.0,0.0,0.0,0.0,0.0,0.0,0.0,0.0,0.0,0.0,0.0,0.0,-0.099514,0.679365,0.067512,0.0,0.273016,0.079035,0.0,0.0,0.0,30-39,static,Assistant Sub-Inspector,election duty,0
0.481629,0.367457,0.352436,0.362138,0.0,0.0,0.0,0.105556,0.441857,0.43881,0.369733,0.379573,0.25,0.25,0.25,0.25,0.0,0.0,0.155556,0.077778,0.406271,0.42077,0.457528,0.434665,0.2613,0.2613,0.2613,0.279562,0.0,0.0,0.0,0.0,0.0,0.0,0.0,0.0,0.119491,-0.105556,0.062284,0.0,-0.077778,-0.028394,-0.018262,0.0,0.0,40-plus,static,Inspector,left-wing extremism area,0
0.370814,0.403237,0.379197,0.358747,0.0,0.0,0.0,0.122222,0.451229,0.41208,0.356788,0.336538,0.25,0.25,0.25,0.25,0.0,0.0,0.155556,0.077778,0.462,0.412977,0.420804,0.413603,0.0,0.0,0.0,0.0,0.0,0.0,0.0,0.0,0.0,0.0,0.0,0.0,0.012067,-0.122222,0.11469,0.0,-0.077778,0.048397,0.0,0.0,0.0,30-39,static,Assistant Sub-Inspector,left-wing extremism area,0
0.344029,0.438527,0.401447,0.389634,0.0,0.0,0.0,0.194444,0.382886,0.39419,0.37103,0.382346,0.75,0.75,0.75,0.75,0.0,0.0,0.0,0.0,0.289629,0.291277,0.353478,0.393938,0.559657,0.42084,0.26835,0.303767,0.0,0.0,0.0,0.0,0.0,0.0,0.0,0.0,-0.045605,-0.194444,0.00054,0.0,0.0,-0.104309,0.25589,0.0,0.0,30-39,static,Head Constable,internal security duty,0
0.455,0.499653,0.391287,0.383614,0.0,0.0,0.377778,0.188889,0.245814,0.298543,0.322629,0.358426,0.75,0.75,0.75,0.75,0.0,0.0,0.0,0.0,0.451814,0.454637,0.386267,0.374423,0.2509,0.28274,0.305463,0.29841,0.0,0.0,0.0,0.0,0.0,0.0,0.0,0.0,0.071386,-0.188889,-0.112612,0.0,0.0,0.077392,-0.04751,0.0,0.0,under-30,static,Constable,election duty,0
0.5194,0.386323,0.354758,0.353201,0.0,0.0,0.0,0.0,0.392014,0.324743,0.382421,0.389529,0.25,0.25,0.25,0.25,0.0,0.0,0.0,0.0,0.318371,0.369693,0.350199,0.367127,0.3786,0.3786,0.3786,0.367827,0.468757,0.32283,0.340393,0.342518,0.0,0.0,0.0,0.0,0.166199,0.0,0.002485,0.0,0.0,-0.048756,0.010773,0.126239,0.0,under-30,static,Constable,left-wing extremism area,0
0.445586,0.540337,0.451198,0.419425,0.1611,0.1611,0.10919,0.054595,0.371,0.452717,0.469593,0.402774,0.25,0.25,0.25,0.25,0.0,0.0,0.0,0.0,0.6297,0.515007,0.421681,0.366042,0.0,0.0,0.0,0.0,0.0,0.0,0.0,0.0,0.0,0.0,0.0,0.0,0.026161,0.106505,-0.031774,0.0,0.0,0.263658,0.0,0.0,0.0,30-39,surged,Assistant Sub-Inspector,internal security duty,0
0.3723,0.356013,0.370144,0.376399,0.0,0.0,0.0,0.177778,0.303571,0.386627,0.396204,0.399078,0.25,0.25,0.25,0.25,0.0,0.166667,0.155556,0.077778,0.345014,0.406263,0.34483,0.326432,0.0,0.0,0.0,0.0,0.378071,0.323057,0.32925,0.33215,0.0,0.0,0.0,0.0,-0.004099,-0.177778,-0.095507,0.0,-0.077778,0.018583,0.0,0.045921,0.0,30-39,static,Sub-Inspector,election duty,0
0.436886,0.423433,0.348006,0.34516,0.0875,0.0875,0.059306,0.029653,0.3671,0.42929,0.391029,0.381109,0.25,0.25,0.25,0.25,0.0,0.0,0.155556,0.155556,0.4989,0.44583,0.397256,0.330756,0.0872,0.089263,0.129154,0.239627,0.0,0.0,0.0,0.0,0.0,0.0,0.0,0.0,0.091726,0.057847,-0.014009,0.0,-0.155556,0.168144,-0.152427,0.0,0.0,under-30,surged,Constable,internal security duty,0
0.317357,0.357453,0.345526,0.335727,0.0,0.166667,0.355556,0.177778,0.3686,0.392067,0.371908,0.381279,0.25,0.25,0.25,0.25,0.0,0.0,0.0,0.0,0.386371,0.35441,0.389024,0.375372,0.3931,0.3931,0.41962,0.376162,0.0,0.0,0.0,0.0,0.0,0.0,0.0,0.0,-0.01837,-0.177778,-0.012679,0.0,0.0,0.010999,0.016938,0.0,0.0,30-39,static,Head Constable,group centre,0
0.274086,0.427837,0.399637,0.398188,0.0,0.0,0.0,0.0,0.3245,0.337243,0.348396,0.339473,0.25,0.25,0.25,0.25,0.0,0.166667,0.155556,0.155556,0.3957,0.36058,0.389688,0.365725,0.0,0.0,0.0,0.0,0.348543,0.34692,0.366228,0.356806,0.0,0.0,0.0,0.0,-0.124103,0.0,-0.014973,0.0,-0.155556,0.029975,0.0,-0.008263,0.0,40-plus,static,Inspector,election duty,0
0.764114,0.706243,0.608103,0.492603,0.3118,0.3118,0.211331,0.294554,0.764057,0.720343,0.574017,0.472764,0.25,0.25,0.25,0.25,0.0,0.0,0.0,0.077778,0.565186,0.541857,0.51852,0.431039,0.2074,0.2074,0.353124,0.376902,0.0,0.0,0.0,0.0,0.0,0.0,0.0,0.0,0.271512,0.017246,0.291293,0.0,-0.077778,0.134146,-0.169502,0.0,0.0,under-30,surged,Constable,internal security duty,0
0.3868,0.338187,0.353831,0.366913,0.0,0.0,0.333333,0.166667,0.4165,0.328177,0.318431,0.311243,0.25,0.25,0.25,0.25,0.0,0.0,0.0,0.0,0.247386,0.318427,0.30363,0.358157,0.3083,0.3083,0.233438,0.25382,0.0,0.0,0.0,0.0,0.0,0.0,0.0,0.0,0.019887,-0.166667,0.105257,0.0,0.0,-0.110771,0.05448,0.0,0.0,30-39,static,Head Constable,left-wing extremism area,0
0.3554,0.41815,0.432861,0.434271,0.0,0.0,0.422222,0.211111,0.401614,0.423413,0.387318,0.381178,0.25,0.25,0.25,0.25,0.0,0.0,0.288889,0.144444,0.3373,0.344303,0.365932,0.396957,0.3087,0.3087,0.430847,0.451243,0.435243,0.36397,0.39851,0.392632,0.0,0.0,0.0,0.0,-0.078871,-0.211111,0.020436,0.0,-0.144444,-0.059657,-0.142543,0.042611,0.0,under-30,static,Constable,election duty,0
0.404371,0.373847,0.370552,0.370526,0.0,0.0,0.4,0.2,0.475057,0.430697,0.398438,0.385583,0.25,0.25,0.25,0.25,0.0,0.0,0.0,0.0,0.3169,0.29557,0.335458,0.373298,0.4175,0.4175,0.32864,0.346479,0.0,0.0,0.0,0.0,0.0,0.0,0.0,0.0,0.033846,-0.2,0.089474,0.0,0.0,-0.056398,0.071021,0.0,0.0,40-plus,static,Sub-Inspector,group centre,0
0.520771,0.37578,0.45803,0.45792,0.0,0.0,0.0,0.022222,0.4968,0.522307,0.473447,0.464929,0.25,0.25,0.25,0.25,0.0,0.0,0.0,0.0,0.497671,0.53047,0.440222,0.445322,0.4525,0.43295,0.591317,0.551715,0.0,0.0,0.0,0.0,0.0,0.0,0.0,0.0,0.062851,-0.022222,0.031871,0.0,0.0,0.052349,-0.099215,0.0,0.0,40-plus,static,Inspector,internal security duty,0
0.458257,0.3734,0.352194,0.369061,0.0,0.0,0.0,0.166667,0.455786,0.370033,0.367926,0.340076,0.25,0.25,0.25,0.25,0.0,0.0,0.155556,0.077778,0.2517,0.244767,0.324419,0.313066,0.0,0.0,0.0,0.0,0.0,0.0,0.0,0.0,0.0,0.0,0.0,0.0,0.089197,-0.166667,0.11571,0.0,-0.077778,-0.061366,0.0,0.0,0.0,under-30,static,Head Constable,internal security duty,0
0.325,0.312243,0.35002,0.361373,0.0,0.766667,0.377778,0.188889,0.5674,0.447717,0.417266,0.431672,0.25,0.25,0.25,0.25,0.0,0.0,0.0,0.0,0.419857,0.39579,0.363016,0.364855,0.0,0.0,0.0,0.0,0.3509,0.343987,0.362947,0.360351,0.0,0.0,0.0,0.0,-0.036373,-0.188889,0.135728,0.0,0.0,0.055002,0.0,-0.009451,0.0,30-39,static,Assistant Sub-Inspector,internal security duty,0
0.2663,0.290847,0.421488,0.443429,0.0,0.0,0.0,0.222222,0.3032,0.37048,0.376294,0.395717,0.25,0.25,0.25,0.25,0.0,0.0,0.0,0.0,0.3336,0.33343,0.357913,0.356532,0.0,0.0,0.0,0.0,0.0,0.0,0.0,0.0,0.0,0.0,0.0,0.0,-0.177129,-0.222222,-0.092517,0.0,0.0,-0.022932,0.0,0.0,0.0,under-30,static,Constable,internal security duty,0
0.489886,0.426027,0.411829,0.35889,0.0,0.0,0.0,0.188889,0.425157,0.48885,0.40362,0.413871,0.75,0.75,0.75,0.75,0.0,0.0,0.133333,0.077778,0.2545,0.291623,0.340403,0.384606,0.0,0.0,0.0,0.0,0.0,0.0,0.0,0.0,0.0,0.0,0.0,0.0,0.130996,-0.188889,0.011286,0.0,-0.077778,-0.130106,0.0,0.0,0.0,40-plus,static,Assistant Commandant,left-wing extremism area,0
0.3539,0.307837,0.315933,0.284495,0.0,0.0,0.155556,0.155556,0.409014,0.42515,0.31892,0.324308,0.25,0.25,0.25,0.25,0.0,0.0,0.0,0.0,0.2344,0.298987,0.27221,0.258324,0.1724,0.234607,0.282002,0.227857,0.359529,0.293817,0.305167,0.306583,0.0,0.0,0.0,0.0,0.069405,-0.155556,0.084706,0.0,0.0,-0.023924,-0.055457,0.052946,0.0,under-30,static,Head Constable,election duty,0
0.449257,0.295817,0.334692,0.331271,0.0,0.5,0.333333,0.166667,0.436971,0.273677,0.307039,0.304003,0.25,0.25,0.25,0.25,0.0,0.5,0.244444,0.122222,0.339271,0.30495,0.312686,0.307003,0.2732,0.2732,0.28864,0.346914,0.323443,0.280847,0.316776,0.321158,0.0,0.0,0.0,0.0,0.117986,-0.166667,0.132968,0.0,-0.122222,0.032269,-0.073714,0.002285,0.0,under-30,static,Head Constable,group centre,0
0.2849,0.37737,0.407404,0.380286,0.0,0.0,0.0,0.177778,0.4561,0.363437,0.450516,0.419499,0.25,0.25,0.25,0.25,0.0,0.0,0.0,0.0,0.414557,0.393597,0.385971,0.350512,0.3189,0.371633,0.329069,0.263001,0.0,0.0,0.0,0.0,0.0,0.0,0.0,0.0,-0.095386,-0.177778,0.036601,0.0,0.0,0.064045,0.055899,0.0,0.0,40-plus,static,Assistant Commandant,left-wing extremism area,0
0.1699,0.301267,0.317176,0.321116,0.0,0.333333,0.333333,0.166667,0.2201,0.26769,0.302092,0.332772,0.25,0.25,0.25,0.25,0.0,0.0,0.155556,0.077778,0.4438,0.350993,0.319813,0.336757,0.3203,0.3203,0.3203,0.27762,0.2997,0.313187,0.32236,0.319669,0.0,0.0,0.0,0.0,-0.151216,-0.166667,-0.112672,0.0,-0.077778,0.107043,0.04268,-0.019969,0.0,40-plus,static,Assistant Commandant,election duty,0
0.3345,0.359393,0.465869,0.448913,0.0,0.0,0.0,0.0,0.393929,0.462007,0.446939,0.442642,0.75,0.75,0.75,0.75,0.0,0.0,0.155556,0.077778,0.6512,0.521857,0.451237,0.455711,0.5504,0.464907,0.394179,0.393248,0.0,0.0,0.0,0.0,0.0,0.0,0.0,0.0,-0.114413,0.0,-0.048713,0.0,-0.077778,0.195489,0.157152,0.0,0.0,under-30,static,Head Constable,group centre,0
0.313914,0.342077,0.297743,0.312498,0.0,0.0,0.0,0.0,0.2535,0.321353,0.286178,0.326727,0.25,0.25,0.25,0.25,0.0,0.0,0.0,0.0,0.435986,0.33353,0.359619,0.345798,0.0,0.0,0.0,0.0,0.395129,0.327633,0.314281,0.312284,0.0,0.0,0.0,0.0,0.001417,0.0,-0.073227,0.0,0.0,0.090187,0.0,0.082844,0.0,40-plus,static,Assistant Commandant,internal security duty,0
0.447614,0.442123,0.37469,0.364737,0.1282,0.1282,0.086891,0.043446,0.3563,0.392957,0.391513,0.383167,0.25,0.25,0.25,0.25,0.0,0.0,0.0,0.0,0.355,0.407867,0.434212,0.379196,0.3054,0.250433,0.214322,0.221622,0.0,0.0,0.0,0.0,0.0,0.0,0.0,0.0,0.082877,0.084754,-0.026867,0.0,0.0,-0.024196,0.083778,0.0,0.0,under-30,surged,Head Constable,internal security duty,0
0.509257,0.464457,0.487148,0.460307,0.0,0.0,0.0,0.322222,0.358843,0.505813,0.456812,0.483602,0.25,0.25,0.25,0.25,0.0,0.0,0.0,0.077778,0.542743,0.526153,0.496771,0.471082,0.6511,0.6511,0.61621,0.601408,0.0,0.0,0.0,0.0,0.0,0.0,0.0,0.0,0.04895,-0.322222,-0.124759,0.0,-0.077778,0.071661,0.049692,0.0,0.0,40-plus,static,Assistant Commandant,law and order deployment,0
0.276,0.290813,0.301268,0.348914,0.0,0.0,0.0,0.194444,0.455529,0.41537,0.40505,0.36987,0.75,0.75,0.75,0.75,0.0,0.0,0.0,0.0,0.380429,0.392743,0.346626,0.360702,0.0,0.0,0.0,0.0,0.0,0.0,0.0,0.0,0.0,0.0,0.0,0.0,-0.072914,-0.194444,0.085659,0.0,0.0,0.019726,0.0,0.0,0.0,30-39,static,Assistant Sub-Inspector,internal security duty,0
0.4948,0.448327,0.418963,0.39684,0.0,0.0,0.0,0.188889,0.456257,0.365643,0.33863,0.358273,0.25,0.25,0.25,0.25,0.0,0.0,0.311111,0.155556,0.2957,0.301637,0.343519,0.328716,0.0,0.0,0.0,0.0,0.0,0.0,0.0,0.0,0.0,0.0,0.0,0.0,0.09796,-0.188889,0.097984,0.0,-0.155556,-0.033016,0.0,0.0,0.0,40-plus,static,Assistant Commandant,internal security duty,0
0.453957,0.41692,0.375793,0.414628,0.0,0.0,0.0,0.0,0.4645,0.45538,0.394088,0.402404,0.75,0.75,0.75,0.75,0.0,0.0,0.0,0.0,0.4778,0.384707,0.391296,0.389112,0.4452,0.4452,0.464291,0.467979,0.326771,0.353597,0.349238,0.363841,0.0,0.0,0.0,0.0,0.039329,0.0,0.062096,0.0,0.0,0.088688,-0.022779,-0.03707,0.0,under-30,static,Head Constable,left-wing extremism area,0
0.330771,0.34856,0.386127,0.385632,0.0,0.0,0.055556,0.183333,0.4029,0.42022,0.413057,0.404454,0.25,0.25,0.25,0.25,0.0,0.0,0.155556,0.155556,0.410114,0.443133,0.348281,0.354451,0.0,0.0,0.0,0.0,0.0,0.0,0.0,0.0,0.0,0.0,0.0,0.0,-0.054861,-0.183333,-0.001554,0.0,-0.155556,0.055664,0.0,0.0,0.0,40-plus,static,Sub-Inspector,internal security duty,0
0.455357,0.36604,0.40061,0.390252,0.0,0.0,0.422222,0.211111,0.3305,0.47369,0.439049,0.424798,0.25,0.25,0.25,0.25,0.0,0.0,0.155556,0.077778,0.443386,0.441877,0.434498,0.435109,0.0,0.0,0.0,0.0,0.386943,0.392777,0.404318,0.399179,0.0,0.0,0.0,0.0,0.065105,-0.211111,-0.094298,0.0,-0.077778,0.008277,0.0,-0.012237,0.0,40-plus,static,Assistant Commandant,left-wing extremism area,0
0.264829,0.3117,0.368564,0.344064,0.0,0.0,0.0,0.0,0.244,0.30611,0.376023,0.376537,0.25,0.25,0.25,0.25,0.0,0.0,0.0,0.0,0.4844,0.4763,0.405803,0.357598,0.0,0.0,0.0,0.0,0.0,0.0,0.0,0.0,0.0,0.0,0.0,0.0,-0.079236,0.0,-0.132537,0.0,0.0,0.126802,0.0,0.0,0.0,30-39,static,Assistant Sub-Inspector,group centre,0
0.245514,0.31966,0.389337,0.367544,0.0,0.0,0.0,0.0,0.3311,0.304693,0.356522,0.381606,0.25,0.25,0.25,0.25,0.0,0.0,0.0,0.0,0.5271,0.43064,0.403273,0.389229,0.5128,0.5128,0.40013,0.388083,0.384686,0.366297,0.398022,0.376165,0.0,0.0,0.0,0.0,-0.12203,0.0,-0.050506,0.0,0.0,0.137871,0.124717,0.008521,0.0,under-30,static,Constable,law and order deployment,0
0.4668,0.31724,0.285892,0.340327,0.0,0.0,0.0,0.0,0.474957,0.421063,0.348417,0.335879,0.25,0.25,0.25,0.25,0.0,0.0,0.0,0.077778,0.201214,0.300367,0.321273,0.333165,0.4769,0.4769,0.37729,0.37729,0.0,0.0,0.0,0.0,0.0,0.0,0.0,0.0,0.126473,0.0,0.139078,0.0,-0.077778,-0.131951,0.09961,0.0,0.0,40-plus,static,Assistant Commandant,election duty,0
0.3448,0.3028,0.327528,0.354304,0.0,0.0,0.0,0.0,0.273786,0.394797,0.371159,0.343597,0.75,0.75,0.75,0.75,0.0,0.166667,0.311111,0.155556,0.332,0.371997,0.369303,0.366563,0.5012,0.5012,0.44776,0.32418,0.0,0.0,0.0,0.0,0.0,0.0,0.0,0.0,-0.009504,0.0,-0.069811,0.0,-0.155556,-0.034563,0.17702,0.0,0.0,40-plus,static,Assistant Commandant,internal security duty,0
0.2251,0.350313,0.347414,0.297039,0.0,0.633333,0.311111,0.155556,0.3993,0.33466,0.330087,0.331952,0.25,0.25,0.25,0.25,0.0,0.0,0.0,0.0,0.342186,0.347467,0.31416,0.301078,0.3647,0.3647,0.3647,0.3647,0.0,0.0,0.0,0.0,0.0,0.0,0.0,0.0,-0.071939,-0.155556,0.067348,0.0,0.0,0.041107,0.0,0.0,0.0,40-plus,static,Inspector,left-wing extremism area,0
0.4752,0.390897,0.370026,0.362102,0.0,0.0,0.0,0.072222,0.2542,0.40784,0.341972,0.346032,0.25,0.25,0.25,0.25,0.0,0.0,0.0,0.0,0.369557,0.376933,0.348699,0.3622,0.0,0.0,0.0,0.0,0.0,0.0,0.0,0.0,0.0,0.0,0.0,0.0,0.113098,-0.072222,-0.091832,0.0,0.0,0.007357,0.0,0.0,0.0,40-plus,static,Inspector,election duty,0
0.2238,0.386263,0.40391,0.387704,0.0,0.433333,0.333333,0.166667,0.2205,0.23752,0.371928,0.366513,0.25,0.25,0.25,0.25,0.428571,0.466667,0.155556,0.077778,0.3874,0.31938,0.264704,0.272877,0.2126,0.2126,0.2126,0.288046,0.329943,0.296133,0.31593,0.329726,0.0,0.0,0.0,0.0,-0.163904,-0.166667,-0.146013,0.0,0.350794,0.114523,-0.075446,0.000217,0.0,under-30,static,Head Constable,law and order deployment,0
0.499029,0.568263,0.496013,0.470293,0.0,0.0,0.0,0.216667,0.358814,0.440147,0.402182,0.410942,0.75,0.75,0.75,0.75,0.0,0.0,0.022222,0.155556,0.2981,0.413737,0.435028,0.448561,0.4004,0.4004,0.390058,0.432853,0.414443,0.37668,0.411257,0.403409,0.0,0.0,0.0,0.0,0.028736,-0.216667,-0.052127,0.0,-0.155556,-0.150461,-0.032453,0.011034,0.0,under-30,static,Constable,group centre,0
0.494957,0.375037,0.384853,0.369583,0.0,0.0,0.011111,0.177778,0.311729,0.31336,0.315884,0.318554,0.25,0.25,0.25,0.25,0.0,0.0,0.277778,0.155556,0.308929,0.392823,0.381846,0.358178,0.43,0.43,0.43,0.417724,0.292286,0.277213,0.337623,0.332921,0.0,0.0,0.0,0.0,0.125374,-0.177778,-0.006826,0.0,-0.155556,-0.049249,0.012276,-0.040635,0.0,40-plus,static,Sub-Inspector,law and order deployment,0
0.3175,0.32078,0.338312,0.304959,0.0,0.0,0.0,0.0,0.4429,0.39264,0.348814,0.339778,0.25,0.25,0.25,0.25,0.0,0.0,0.0,0.0,0.395214,0.286677,0.318497,0.348196,0.0,0.0,0.0,0.0,0.387114,0.328387,0.323469,0.324699,0.0,0.0,0.0,0.0,0.012541,0.0,0.103122,0.0,0.0,0.047018,0.0,0.062415,0.0,under-30,static,Constable,internal security duty,0
0.388157,0.40711,0.394304,0.330211,0.0,0.0,0.0,0.0,0.3033,0.246367,0.273454,0.291888,0.25,0.25,0.25,0.25,0.0,0.0,0.155556,0.077778,0.2926,0.298993,0.25637,0.284872,0.3172,0.3172,0.343161,0.346586,0.219071,0.283003,0.307496,0.313823,0.0,0.0,0.0,0.0,0.057947,0.0,0.011412,0.0,-0.077778,0.007728,-0.029386,-0.094751,0.0,under-30,static,Constable,left-wing extremism area,0
0.367971,0.445837,0.430666,0.420406,0.0,0.0,0.6,0.45,0.527,0.49474,0.513841,0.488974,0.25,0.25,0.25,0.25,0.0,0.0,0.0,0.077778,0.321757,0.455007,0.472393,0.470058,0.3805,0.3805,0.406672,0.434967,0.409829,0.3954,0.424314,0.424052,0.0,0.0,0.0,0.0,-0.052434,-0.45,0.038026,0.0,-0.077778,-0.148301,-0.054467,-0.014223,0.0,under-30,static,Head Constable,law and order deployment,0
0.363114,0.37656,0.390936,0.366839,0.0,0.0,0.0,0.161111,0.283357,0.475517,0.37673,0.361777,0.25,0.25,0.25,0.25,0.0,0.0,0.311111,0.155556,0.4497,0.438143,0.459683,0.419141,0.0,0.0,0.0,0.0,0.0,0.0,0.0,0.0,0.0,0.0,0.0,0.0,-0.003725,-0.161111,-0.07842,0.0,-0.155556,0.030559,0.0,0.0,0.0,40-plus,static,Assistant Commandant,election duty,0
0.217214,0.314157,0.350389,0.364239,0.0,0.0,0.355556,0.177778,0.3613,0.301933,0.309744,0.305996,0.25,0.25,0.25,0.25,0.0,0.0,0.0,0.033333,0.4688,0.3678,0.38016,0.384279,0.2979,0.291,0.2266,0.289182,0.0,0.0,0.0,0.0,0.0,0.0,0.0,0.0,-0.147025,-0.177778,0.055304,0.0,-0.033333,0.084521,0.008718,0.0,0.0,under-30,static,Head Constable,election duty,0
0.597,0.480717,0.488692,0.452966,0.0,0.0,0.0,0.205556,0.486,0.42533,0.448371,0.426874,0.75,0.75,0.75,0.75,0.0,0.0,0.0,0.0,0.315143,0.28883,0.373338,0.403073,0.0,0.0,0.0,0.0,0.0,0.0,0.0,0.0,0.0,0.0,0.0,0.0,0.144034,-0.205556,0.059126,0.0,0.0,-0.08793,0.0,0.0,0.0,under-30,static,Head Constable,law and order deployment,0
0.429457,0.388583,0.338043,0.350429,0.0,0.0,0.0,0.0,0.402543,0.36944,0.350882,0.379652,0.25,0.25,0.25,0.25,0.0,0.0,0.0,0.0,0.5176,0.38488,0.375908,0.381338,0.6045,0.6045,0.6045,0.6045,0.3037,0.30278,0.325939,0.344048,0.0,0.0,0.0,0.0,0.079028,0.0,0.022891,0.0,0.0,0.136262,0.0,-0.040348,0.0,40-plus,static,Assistant Commandant,law and order deployment,0
0.234314,0.311317,0.333887,0.317674,0.0,0.0,0.0,0.0,0.1766,0.28714,0.278787,0.329173,0.25,0.25,0.25,0.25,0.0,0.0,0.155556,0.077778,0.4507,0.416457,0.383029,0.343163,0.1406,0.1462,0.164347,0.195546,0.0,0.0,0.0,0.0,0.0,0.0,0.0,0.0,-0.08336,0.0,-0.152573,0.0,-0.077778,0.107537,-0.054946,0.0,0.0,40-plus,static,Assistant Commandant,group centre,0
0.4259,0.419527,0.390891,0.388969,0.0,0.0,0.0,0.2,0.441629,0.38951,0.380924,0.366339,0.25,0.25,0.25,0.25,0.0,0.0,0.155556,0.088889,0.426629,0.347973,0.345474,0.371542,0.0,0.0,0.0,0.0,0.363557,0.332307,0.363202,0.365018,0.0,0.0,0.0,0.0,0.036931,-0.2,0.07529,0.0,-0.088889,0.055087,0.0,-0.001461,0.0,under-30,static,Constable,left-wing extremism area,0
0.6568,0.5646,0.51501,0.439208,0.1956,0.1956,0.132573,0.094064,0.537086,0.505977,0.453546,0.408331,0.25,0.25,0.25,0.25,0.0,0.0,0.0,0.0,0.590957,0.677407,0.611113,0.465999,0.2819,0.274577,0.285703,0.362831,0.417943,0.388803,0.370293,0.371473,0.0,0.0,0.0,0.0,0.217592,0.101536,0.128755,0.0,0.0,0.124958,-0.080931,0.04647,0.0,40-plus,surged,Assistant Commandant,internal security duty,0
0.406629,0.356393,0.383806,0.411226,0.0,0.133333,0.422222,0.211111,0.5411,0.481823,0.438797,0.400864,0.75,0.75,0.75,0.75,0.0,0.0,0.0,0.0,0.424771,0.42224,0.358922,0.375124,0.5788,0.36936,0.30952,0.356107,0.0,0.0,0.0,0.0,0.0,0.0,0.0,0.0,-0.004598,-0.211111,0.140236,0.0,0.0,0.049647,0.222693,0.0,0.0,under-30,static,Head Constable,internal security duty,0
0.391714,0.3497,0.335541,0.339612,0.0,0.0,0.0,0.0,0.2485,0.287083,0.253609,0.287124,0.25,0.25,0.25,0.25,0.0,0.0,0.0,0.0,0.3767,0.37553,0.333168,0.317101,0.0,0.0,0.0,0.0,0.3747,0.323833,0.31828,0.304927,0.0,0.0,0.0,0.0,0.052102,0.0,-0.038624,0.0,0.0,0.059599,0.0,0.069773,0.0,40-plus,static,Sub-Inspector,group centre,0
0.2674,0.359243,0.408798,0.425204,0.0,0.0,0.0,0.211111,0.4192,0.43146,0.379013,0.415007,0.25,0.25,0.25,0.25,0.0,0.0,0.233333,0.116667,0.310643,0.37668,0.391533,0.419346,0.5029,0.5029,0.5029,0.5029,0.0,0.0,0.0,0.0,0.0,0.0,0.0,0.0,-0.157804,-0.211111,0.004193,0.0,-0.116667,-0.108703,0.0,0.0,0.0,under-30,static,Constable,left-wing extremism area,0
0.3499,0.349393,0.380833,0.357384,0.0,0.0,0.0,0.0,0.504971,0.330453,0.400447,0.372681,0.25,0.25,0.25,0.25,0.0,0.0,0.155556,0.155556,0.338786,0.316867,0.324986,0.353654,0.0,0.0,0.0,0.0,0.410471,0.338407,0.361663,0.35949,0.0,0.0,0.0,0.0,-0.007484,0.0,0.13229,0.0,-0.155556,-0.014868,0.0,0.050981,0.0,under-30,static,Head Constable,law and order deployment,0
0.390814,0.319267,0.333986,0.34311,0.0,0.0,0.344444,0.172222,0.2647,0.325753,0.314089,0.336702,0.25,0.25,0.25,0.25,0.0,0.0,0.0,0.0,0.472,0.438677,0.401142,0.395734,0.0,0.0,0.0,0.0,0.0,0.0,0.0,0.0,0.0,0.0,0.0,0.0,0.047704,-0.172222,-0.072002,0.0,0.0,0.076266,0.0,0.0,0.0,40-plus,static,Inspector,left-wing extremism area,0
0.7911,0.650007,0.584003,0.495306,0.2863,0.2863,0.194048,0.097024,0.5051,0.621853,0.583233,0.507412,0.25,0.25,0.25,0.25,0.0,0.0,0.155556,0.077778,0.5817,0.65557,0.560824,0.483206,0.0,0.0,0.0,0.0,0.390829,0.332263,0.36573,0.369486,0.0,0.0,0.0,0.0,0.295794,0.189276,-0.002312,0.0,-0.077778,0.098494,0.0,0.021343,0.0,40-plus,surged,Inspector,internal security duty,0
0.4504,0.4696,0.419388,0.425391,0.0,0.0,0.133333,0.283333,0.3876,0.448673,0.458909,0.483583,0.25,0.25,0.25,0.25,0.0,0.0,0.0,0.0,0.452714,0.489243,0.526204,0.49178,0.0,0.0,0.0,0.0,0.4563,0.440813,0.44698,0.445973,0.0,0.0,0.0,0.0,0.025009,-0.283333,-0.095983,0.0,0.0,-0.039066,0.0,0.010327,0.0,40-plus,static,Assistant Commandant,internal security duty,0
0.358043,0.40982,0.425027,0.384929,0.0,0.0,0.0,0.011111,0.4348,0.44211,0.392011,0.374954,0.25,0.25,0.25,0.25,0.0,0.0,0.0,0.155556,0.4787,0.37465,0.367559,0.348234,0.3101,0.31496,0.36032,0.352867,0.0,0.0,0.0,0.0,0.0,0.0,0.0,0.0,-0.026886,-0.011111,0.059846,0.0,-0.155556,0.130466,-0.042767,0.0,0.0,under-30,static,Constable,group centre,0
0.362457,0.372527,0.366263,0.344683,0.0,0.0,0.0,0.172222,0.203457,0.331647,0.29886,0.320596,0.75,0.75,0.75,0.75,0.0,0.0,0.0,0.0,0.1862,0.20778,0.289261,0.310616,0.0,0.0,0.0,0.0,0.389457,0.323207,0.353209,0.335206,0.0,0.0,0.0,0.0,0.017774,-0.172222,-0.117139,0.0,0.0,-0.124416,0.0,0.054251,0.0,30-39,static,Assistant Sub-Inspector,election duty,0
0.287343,0.268193,0.28405,0.334056,0.0,0.0,0.0,0.177778,0.4041,0.432163,0.412869,0.408859,0.25,0.25,0.25,0.25,0.0,0.466667,0.155556,0.155556,0.363114,0.467073,0.411254,0.400849,0.4279,0.4279,0.4279,0.364364,0.355229,0.303843,0.316429,0.310538,0.0,0.0,0.0,0.0,-0.046713,-0.177778,-0.004759,0.0,-0.155556,-0.037735,0.063536,0.04469,0.0,30-39,static,Assistant Sub-Inspector,election duty,0
0.2275,0.309837,0.396938,0.350785,0.0365,0.0365,0.024739,0.145703,0.353957,0.306157,0.3075,0.312147,0.25,0.25,0.25,0.25,0.0,0.0,0.0,0.0,0.394043,0.302493,0.305717,0.301524,0.0,0.0,0.0,0.0,0.2393,0.263247,0.305462,0.307872,0.0,0.0,0.0,0.0,-0.123285,-0.109203,0.04181,0.0,0.0,0.092518,0.0,-0.068572,0.0,40-plus,surged,Sub-Inspector,internal security duty,0
0.3738,0.433627,0.526686,0.497917,0.0,0.633333,0.522222,0.522222,0.595757,0.506033,0.476321,0.473191,0.25,0.25,0.25,0.25,0.0,0.0,0.155556,0.077778,0.599186,0.518133,0.545718,0.520398,0.0,0.0,0.0,0.0,0.403086,0.446473,0.463522,0.464869,0.0,0.0,0.0,0.0,-0.124117,-0.522222,0.122567,0.0,-0.077778,0.078787,0.0,-0.061783,0.0,40-plus,static,Inspector,left-wing extremism area,1
0.3731,0.403353,0.388829,0.368242,0.0,0.0,0.344444,0.172222,0.269114,0.347973,0.348493,0.343208,0.75,0.75,0.75,0.75,0.0,0.0,0.155556,0.155556,0.4748,0.33101,0.305542,0.357198,0.0,0.0,0.0,0.0,0.3145,0.29741,0.315568,0.323834,0.0,0.0,0.0,0.0,0.004858,-0.172222,-0.074094,0.0,-0.155556,0.117602,0.0,-0.009334,0.0,40-plus,static,Sub-Inspector,election duty,0
0.459186,0.344113,0.40086,0.400104,0.0,0.0,0.0,0.0,0.423914,0.32269,0.37581,0.390682,0.25,0.25,0.25,0.25,0.0,0.0,0.0,0.0,0.283514,0.300813,0.29993,0.321145,0.1249,0.1249,0.1249,0.193635,0.0,0.0,0.0,0.0,0.0,0.0,0.0,0.0,0.059082,0.0,0.033232,0.0,0.0,-0.037631,-0.068735,0.0,0.0,40-plus,static,Sub-Inspector,left-wing extremism area,0
0.4921,0.41537,0.365962,0.348453,0.0,0.466667,0.366667,0.183333,0.3751,0.269833,0.292601,0.359936,0.25,0.25,0.25,0.25,0.0,0.0,0.0,0.0,0.376014,0.32487,0.350637,0.366798,0.0,0.0,0.0,0.0,0.0,0.0,0.0,0.0,0.0,0.0,0.0,0.0,0.143647,-0.183333,0.015164,0.0,0.0,0.009216,0.0,0.0,0.0,under-30,static,Constable,group centre,0
0.416914,0.448187,0.351528,0.363327,0.0,0.0,0.0,0.177778,0.331443,0.403827,0.430221,0.379476,0.25,0.25,0.25,0.25,0.0,0.0,0.0,0.0,0.411571,0.471337,0.376019,0.360386,0.3192,0.3192,0.3192,0.3192,0.358729,0.29866,0.331949,0.332051,0.0,0.0,0.0,0.0,0.053587,-0.177778,-0.048033,0.0,0.0,0.051185,0.0,0.026677,0.0,30-39,static,Sub-Inspector,left-wing extremism area,0
0.1649,0.29744,0.330043,0.310778,0.0,0.0,0.0,0.155556,0.359029,0.34263,0.349617,0.334432,0.25,0.25,0.25,0.25,0.0,0.0,0.0,0.111111,0.237657,0.26182,0.33628,0.312905,0.3338,0.2716,0.210224,0.27111,0.0,0.0,0.0,0.0,0.0,0.0,0.0,0.0,-0.145878,-0.155556,0.024596,0.0,-0.111111,-0.075248,0.06269,0.0,0.0,40-plus,static,Inspector,left-wing extremism area,0
0.3831,0.36364,0.364458,0.372681,0.0,0.0,0.022222,0.172222,0.4249,0.300043,0.31468,0.353847,0.25,0.25,0.25,0.25,0.0,0.0,0.0,0.0,0.260571,0.370677,0.32362,0.317152,0.0,0.0,0.0,0.0,0.0,0.0,0.0,0.0,0.0,0.0,0.0,0.0,0.010419,-0.172222,0.071053,0.0,0.0,-0.05658,0.0,0.0,0.0,under-30,static,Head Constable,election duty,0
0.3217,0.317193,0.39081,0.384026,0.0,0.0,0.0,0.188889,0.3418,0.354797,0.397363,0.396127,0.25,0.25,0.25,0.25,0.0,0.0,0.0,0.077778,0.2534,0.326113,0.313889,0.356267,0.2916,0.2916,0.2916,0.2916,0.347771,0.327457,0.361689,0.357237,0.0,0.0,0.0,0.0,-0.062326,-0.188889,-0.054327,0.0,-0.077778,-0.102867,0.0,-0.009465,0.0,30-39,static,Sub-Inspector,left-wing extremism area,0
0.347657,0.359687,0.382287,0.383541,0.0,0.0,0.411111,0.205556,0.430143,0.37427,0.447793,0.426237,0.25,0.25,0.25,0.25,0.0,0.0,0.0,0.0,0.5279,0.425043,0.40206,0.391094,0.3974,0.3974,0.3974,0.40047,0.0,0.0,0.0,0.0,0.0,0.0,0.0,0.0,-0.035884,-0.205556,0.003906,0.0,0.0,0.136806,-0.00307,0.0,0.0,40-plus,static,Inspector,left-wing extremism area,0
0.270771,0.23757,0.232874,0.285864,0.0,0.0,0.0,0.094444,0.2355,0.286307,0.334624,0.340718,0.25,0.25,0.25,0.25,0.0,0.0,0.0,0.0,0.245271,0.275607,0.303046,0.322462,0.5998,0.435827,0.269303,0.209747,0.0,0.0,0.0,0.0,0.0,0.0,0.0,0.0,-0.015093,-0.094444,-0.105218,0.0,0.0,-0.07719,0.390053,0.0,0.0,30-39,static,Sub-Inspector,internal security duty,0
0.4026,0.439677,0.489782,0.487332,0.0,0.0,0.611111,0.311111,0.627886,0.6098,0.556623,0.542406,0.25,0.25,0.25,0.25,0.0,0.0,0.0,0.0,0.4047,0.480023,0.46638,0.495568,0.6311,0.589453,0.501818,0.479909,0.593457,0.501393,0.471114,0.479541,0.0,0.0,0.0,0.0,-0.084732,-0.311111,0.08548,0.0,0.0,-0.090868,0.151191,0.113917,0.0,30-39,static,Head Constable,law and order deployment,1
0.515443,0.43313,0.464911,0.406759,0.0,0.0,0.255556,0.188889,0.4594,0.449387,0.406001,0.381205,0.75,0.75,0.75,0.75,0.0,0.0,0.0,0.077778,0.4524,0.46936,0.422554,0.383741,0.0,0.0,0.0,0.0,0.0,0.0,0.0,0.0,0.0,0.0,0.0,0.0,0.108683,-0.188889,0.078195,0.0,-0.077778,0.068659,0.0,0.0,0.0,40-plus,static,Assistant Commandant,left-wing extremism area,0
0.2813,0.285407,0.35259,0.353498,0.0,0.0,0.0,0.183333,0.400343,0.308803,0.359848,0.370453,0.25,0.25,0.25,0.25,0.0,0.0,0.0,0.0,0.356757,0.294943,0.361369,0.368278,0.3193,0.39217,0.231208,0.256174,0.0,0.0,0.0,0.0,0.0,0.0,0.0,0.0,-0.072198,-0.183333,0.02989,0.0,0.0,-0.011521,0.063126,0.0,0.0,40-plus,static,Assistant Commandant,left-wing extremism area,0
0.355357,0.28383,0.333956,0.329873,0.0,0.0,0.0,0.177778,0.359029,0.439237,0.384014,0.353424,0.25,0.25,0.25,0.25,0.0,0.0,0.0,0.0,0.2925,0.287013,0.320411,0.343637,0.3204,0.3204,0.3204,0.287822,0.3685,0.352637,0.356796,0.355417,0.0,0.0,0.0,0.0,0.025484,-0.177778,0.005604,0.0,0.0,-0.051137,0.032578,0.013083,0.0,under-30,static,Constable,internal security duty,0
0.8113,0.750933,0.639411,0.542102,0.322,0.7514,0.504511,0.252256,0.8203,0.762,0.576584,0.515248,0.75,0.75,0.75,0.75,0.0,0.0,0.0,0.0,0.7944,0.779203,0.680863,0.557667,0.289,0.289,0.358472,0.369986,0.0,0.0,0.0,0.0,0.0,0.0,0.0,0.0,0.269198,0.069744,0.305052,0.0,0.0,0.236733,-0.080986,0.0,0.0,40-plus,surged,Sub-Inspector,internal security duty,0
0.265971,0.360827,0.387314,0.409512,0.0,0.0,0.0,0.0,0.521114,0.502953,0.420561,0.395245,0.25,0.25,0.25,0.25,0.0,0.0,0.155556,0.077778,0.494114,0.47542,0.480291,0.477923,0.352914,0.401897,0.403747,0.410059,0.335686,0.355193,0.389996,0.390273,0.0,0.0,0.0,0.0,-0.143541,0.0,0.125869,0.0,-0.077778,0.016192,-0.057145,-0.054587,0.0,40-plus,static,Inspector,left-wing extremism area,0
0.450914,0.46705,0.349728,0.359712,0.0,0.0,0.0,0.177778,0.350986,0.4781,0.409363,0.370349,0.75,0.75,0.75,0.75,0.0,0.0,0.022222,0.155556,0.239543,0.409053,0.357954,0.352161,0.3583,0.3583,0.299633,0.355073,0.0,0.0,0.0,0.0,0.0,0.0,0.0,0.0,0.091202,-0.177778,-0.019364,0.0,-0.155556,-0.112618,0.003227,0.0,0.0,30-39,static,Assistant Sub-Inspector,law and order deployment,0
0.3694,0.381273,0.3839,0.372306,0.0,0.0,0.0,0.138889,0.358629,0.395297,0.391547,0.425121,0.25,0.25,0.25,0.25,0.0,0.0,0.0,0.0,0.3962,0.361703,0.344061,0.370886,0.2366,0.2366,0.285854,0.368628,0.0,0.0,0.0,0.0,0.0,0.0,0.0,0.0,-0.002906,-0.138889,-0.066493,0.0,0.0,0.025314,-0.132028,0.0,0.0,30-39,static,Head Constable,group centre,0
0.290629,0.34733,0.414399,0.403697,0.0,0.0,0.0,0.216667,0.325529,0.41471,0.456632,0.427651,0.25,0.25,0.25,0.25,0.0,0.0,0.0,0.077778,0.536257,0.501317,0.470702,0.451998,0.527,0.527,0.51076,0.49207,0.431486,0.384817,0.406272,0.397077,0.0,0.0,0.0,0.0,-0.113069,-0.216667,-0.102123,0.0,-0.077778,0.084259,0.03493,0.034409,0.0,40-plus,static,Assistant Commandant,law and order deployment,0
0.4704,0.46311,0.475688,0.489353,0.0,0.033333,0.5,0.466667,0.527386,0.4972,0.484346,0.507929,0.75,0.75,0.75,0.75,0.0,0.0,0.0,0.077778,0.477714,0.48469,0.465592,0.458201,0.0,0.0,0.0,0.0,0.0,0.0,0.0,0.0,0.0,0.0,0.0,0.0,-0.018953,-0.466667,0.019456,0.0,-0.077778,0.019513,0.0,0.0,0.0,30-39,static,Head Constable,law and order deployment,1
0.2393,0.281337,0.380486,0.366849,0.0,0.0,0.0,0.0,0.351,0.38511,0.340546,0.36034,0.75,0.75,0.75,0.75,0.0,0.0,0.0,0.0,0.4646,0.405297,0.323209,0.357164,0.1102,0.1102,0.289758,0.261689,0.0,0.0,0.0,0.0,0.0,0.0,0.0,0.0,-0.127549,0.0,-0.00934,0.0,0.0,0.107436,-0.151489,0.0,0.0,30-39,static,Assistant Sub-Inspector,law and order deployment,0
0.3484,0.38448,0.393729,0.453908,0.0,0.0,0.522222,0.266667,0.4763,0.41435,0.500726,0.496169,0.25,0.25,0.25,0.25,0.0,0.0,0.0,0.0,0.503329,0.53,0.472837,0.510172,0.0,0.0,0.0,0.0,0.0,0.0,0.0,0.0,0.0,0.0,0.0,0.0,-0.105508,-0.266667,-0.019869,0.0,0.0,-0.006844,0.0,0.0,0.0,30-39,static,Assistant Sub-Inspector,group centre,0
0.353771,0.450607,0.4114,0.37266,0.0,0.433333,0.411111,0.205556,0.442543,0.38355,0.411303,0.431802,0.75,0.75,0.75,0.75,0.285714,0.733333,0.244444,0.122222,0.5208,0.494067,0.472878,0.438614,0.4399,0.4399,0.4399,0.410575,0.369429,0.349057,0.370757,0.376392,0.0,0.0,0.0,0.0,-0.018889,-0.205556,0.010741,0.0,0.163492,0.082186,0.029325,-0.006963,0.0,40-plus,static,Inspector,left-wing extremism area,0
0.518214,0.492483,0.42767,0.388128,0.0,0.0,0.0,0.0,0.3112,0.337863,0.3026,0.339889,0.25,0.25,0.25,0.25,0.0,0.0,0.0,0.0,0.299686,0.280737,0.313323,0.331084,0.3822,0.3822,0.3822,0.3822,0.460657,0.38867,0.3559,0.354703,0.0,0.0,0.0,0.0,0.130087,0.0,-0.028689,0.0,0.0,-0.031399,0.0,0.105954,0.0,30-39,static,Assistant Sub-Inspector,left-wing extremism area,0
0.292243,0.409463,0.40634,0.399602,0.0,0.0,0.0,0.155556,0.3297,0.44297,0.361529,0.384956,0.25,0.25,0.25,0.25,0.0,0.466667,0.155556,0.077778,0.427314,0.340813,0.358712,0.371165,0.0,0.0,0.0,0.0,0.375529,0.377953,0.383239,0.386664,0.0,0.0,0.0,0.0,-0.107359,-0.155556,-0.055256,0.0,-0.077778,0.056149,0.0,-0.011135,0.0,30-39,static,Sub-Inspector,left-wing extremism area,0
0.7067,0.755723,0.627486,0.499631,0.2377,0.2377,0.161108,0.080554,0.569957,0.597557,0.517356,0.458476,0.25,0.25,0.25,0.25,0.857143,0.466667,0.155556,0.077778,0.683043,0.66388,0.548803,0.463134,0.2924,0.372587,0.278529,0.255014,0.0,0.0,0.0,0.0,0.0,0.0,0.0,0.0,0.207069,0.157146,0.111481,0.0,0.779365,0.219909,0.037386,0.0,0.0,under-30,surged,Constable,internal security duty,0
0.3756,0.287667,0.279179,0.332881,0.0,0.0,0.0,0.0,0.2772,0.27948,0.306102,0.320947,0.25,0.25,0.25,0.25,0.0,0.366667,0.155556,0.077778,0.4916,0.325233,0.331037,0.314943,0.3612,0.3612,0.317991,0.326096,0.342957,0.305017,0.311152,0.309332,0.0,0.0,0.0,0.0,0.042719,0.0,-0.043747,0.0,-0.077778,0.176657,0.035104,0.033625,0.0,30-39,static,Head Constable,election duty,0
0.375029,0.331597,0.360496,0.337039,0.0,0.0,0.0,0.0,0.4809,0.432727,0.392004,0.405959,0.75,0.75,0.75,0.75,0.0,0.0,0.0,0.0,0.3015,0.37508,0.372451,0.404146,0.0,0.0,0.0,0.0,0.0,0.0,0.0,0.0,0.0,0.0,0.0,0.0,0.03799,0.0,0.074941,0.0,0.0,-0.102646,0.0,0.0,0.0,40-plus,static,Assistant Commandant,internal security duty,0
0.345157,0.399757,0.392938,0.370619,0.0,0.0,0.0,0.0,0.5232,0.39763,0.398312,0.411821,0.75,0.75,0.75,0.75,0.0,0.0,0.0,0.0,0.4927,0.40628,0.42799,0.410938,0.4754,0.4754,0.492343,0.488236,0.443514,0.367547,0.392772,0.379908,0.0,0.0,0.0,0.0,-0.025462,0.0,0.111379,0.0,0.0,0.081762,-0.012836,0.063607,0.0,30-39,static,Sub-Inspector,left-wing extremism area,0
0.487529,0.384387,0.342998,0.377438,0.0,0.0,0.344444,0.222222,0.3192,0.366063,0.375742,0.425568,0.25,0.25,0.25,0.25,0.0,0.0,0.311111,0.155556,0.448143,0.47664,0.444504,0.416887,0.0,0.0,0.0,0.0,0.415457,0.379097,0.40616,0.404004,0.0,0.0,0.0,0.0,0.110091,-0.222222,-0.106368,0.0,-0.155556,0.031256,0.0,0.011453,0.0,under-30,static,Head Constable,election duty,0
0.5275,0.615863,0.558424,0.519702,0.2061,0.2061,0.195246,0.308734,0.678571,0.663943,0.609799,0.533795,0.75,0.75,0.75,0.75,0.0,0.0,0.0,0.077778,0.6401,0.65018,0.578712,0.513327,0.0,0.0,0.0,0.0,0.0,0.0,0.0,0.0,0.0,0.0,0.0,0.0,0.007798,-0.102634,0.144776,0.0,-0.077778,0.126773,0.0,0.0,0.0,30-39,surged,Assistant Sub-Inspector,internal security duty,0
0.255871,0.32385,0.385516,0.363478,0.0,0.0,0.155556,0.161111,0.360443,0.392647,0.352226,0.326871,0.75,0.75,0.75,0.75,0.0,0.0,0.0,0.077778,0.260986,0.250063,0.316631,0.30265,0.0,0.0,0.0,0.0,0.345029,0.321397,0.313529,0.312537,0.0,0.0,0.0,0.0,-0.107606,-0.161111,0.033572,0.0,-0.077778,-0.041664,0.0,0.032492,0.0,30-39,static,Assistant Sub-Inspector,election duty,0
0.552457,0.459387,0.472392,0.468542,0.0,0.0,0.466667,0.233333,0.373757,0.478083,0.474062,0.479561,0.25,0.25,0.25,0.25,0.0,0.0,0.0,0.077778,0.3901,0.458417,0.444559,0.445881,0.5943,0.5943,0.571267,0.548233,0.4023,0.392677,0.421014,0.427134,0.0,0.0,0.0,0.0,0.083915,-0.233333,-0.105804,0.0,-0.077778,-0.055781,0.046067,-0.024834,0.0,under-30,static,Constable,election duty,0
0.317643,0.362433,0.36667,0.349965,0.0,0.4,0.377778,0.188889,0.3361,0.385353,0.410313,0.420497,0.75,0.75,0.75,0.75,0.0,0.0,0.155556,0.077778,0.4594,0.39496,0.407341,0.391622,0.2937,0.2937,0.28545,0.264825,0.0,0.0,0.0,0.0,0.0,0.0,0.0,0.0,-0.032322,-0.188889,-0.084397,0.0,-0.077778,0.067778,0.028875,0.0,0.0,30-39,static,Assistant Sub-Inspector,internal security duty,0
0.428071,0.402867,0.42218,0.412152,0.0,0.133333,0.388889,0.194444,0.4819,0.41515,0.412753,0.410185,0.25,0.25,0.25,0.25,0.0,0.0,0.0,0.077778,0.3649,0.37869,0.389933,0.371139,0.2999,0.355253,0.303916,0.301756,0.0,0.0,0.0,0.0,0.0,0.0,0.0,0.0,0.01592,-0.194444,0.071715,0.0,-0.077778,-0.006239,-0.001856,0.0,0.0,40-plus,static,Inspector,group centre,0
0.220786,0.28938,0.348233,0.369036,0.0,0.0,0.0,0.0,0.275043,0.23415,0.286622,0.339258,0.25,0.25,0.25,0.25,0.0,0.0,0.0,0.0,0.495,0.333603,0.359763,0.39011,0.4122,0.4122,0.343763,0.393413,0.0,0.0,0.0,0.0,0.0,0.0,0.0,0.0,-0.14825,0.0,-0.064215,0.0,0.0,0.10489,0.018787,0.0,0.0,30-39,static,Sub-Inspector,law and order deployment,0
0.233929,0.3,0.367851,0.346282,0.0,0.0,0.344444,0.172222,0.430329,0.29188,0.326977,0.361159,0.25,0.25,0.25,0.25,0.0,0.0,0.0,0.077778,0.4007,0.284453,0.286507,0.299674,0.4253,0.295493,0.321091,0.286617,0.0,0.0,0.0,0.0,0.0,0.0,0.0,0.0,-0.112353,-0.172222,0.069169,0.0,-0.077778,0.101026,0.138683,0.0,0.0,40-plus,static,Inspector,law and order deployment,0
0.5006,0.482673,0.444582,0.438295,0.0,0.0,0.422222,0.211111,0.500343,0.462267,0.471131,0.437481,0.25,0.25,0.25,0.25,0.0,0.0,0.033333,0.077778,0.452443,0.544837,0.461863,0.42966,0.5991,0.5991,0.5991,0.5991,0.327957,0.374893,0.405554,0.384478,0.0,0.0,0.0,0.0,0.062305,-0.211111,0.062862,0.0,-0.077778,0.022783,0.0,-0.056521,0.0,under-30,static,Constable,internal security duty,0
0.436486,0.503737,0.46614,0.451672,0.0,0.0,0.0,0.0,0.3222,0.317717,0.341909,0.371686,0.75,0.75,0.75,0.75,0.0,0.0,0.0,0.0,0.4117,0.47253,0.500358,0.498013,0.0,0.0,0.0,0.0,0.0,0.0,0.0,0.0,0.0,0.0,0.0,0.0,-0.015187,0.0,-0.049486,0.0,0.0,-0.086313,0.0,0.0,0.0,40-plus,static,Inspector,group centre,0
0.423057,0.45053,0.414763,0.399357,0.0,0.0,0.366667,0.188889,0.298757,0.298953,0.379063,0.406512,0.75,0.75,0.75,0.75,0.0,0.0,0.0,0.083333,0.3242,0.32692,0.362818,0.354272,0.2989,0.3033,0.307121,0.321311,0.0,0.0,0.0,0.0,0.0,0.0,0.0,0.0,0.0237,-0.188889,-0.107755,0.0,-0.083333,-0.030072,-0.022411,0.0,0.0,40-plus,static,Inspector,law and order deployment,0
0.2721,0.33616,0.342743,0.401988,0.0,0.0,0.188889,0.194444,0.459071,0.404653,0.383128,0.377675,0.25,0.25,0.25,0.25,0.0,0.0,0.0,0.077778,0.3469,0.260517,0.331342,0.372069,0.3532,0.3532,0.3532,0.308063,0.474614,0.38059,0.368837,0.369727,0.0,0.0,0.0,0.0,-0.129888,-0.194444,0.081396,0.0,-0.077778,-0.025169,0.045137,0.104888,0.0,under-30,static,Head Constable,election duty,0
0.3916,0.377367,0.442682,0.456642,0.0,0.0,0.0,0.227778,0.2676,0.37015,0.420629,0.436548,0.25,0.25,0.25,0.25,0.0,0.0,0.155556,0.083333,0.410129,0.49625,0.423197,0.420062,0.4328,0.4328,0.470994,0.486936,0.417243,0.4005,0.422249,0.415803,0.0,0.0,0.0,0.0,-0.065042,-0.227778,-0.168948,0.0,-0.083333,-0.009933,-0.054136,0.00144,0.0,40-plus,static,Sub-Inspector,group centre,0
0.1726,0.28867,0.294363,0.326166,0.0,0.0,0.0,0.0,0.492171,0.455947,0.391349,0.371572,0.25,0.25,0.25,0.25,0.0,0.0,0.0,0.077778,0.331829,0.322573,0.304058,0.317171,0.0,0.0,0.0,0.0,0.382714,0.338683,0.334954,0.341409,0.0,0.0,0.0,0.0,-0.153566,0.0,0.1206,0.0,-0.077778,0.014658,0.0,0.041305,0.0,40-plus,static,Assistant Commandant,left-wing extremism area,0
0.369543,0.344217,0.344983,0.329391,0.0,0.0,0.322222,0.161111,0.2133,0.25795,0.326429,0.325378,0.25,0.25,0.25,0.25,0.0,0.0,0.0,0.0,0.362514,0.279477,0.314096,0.297179,0.0,0.0,0.0,0.0,0.318729,0.315173,0.324087,0.324311,0.0,0.0,0.0,0.0,0.040152,-0.161111,-0.112078,0.0,0.0,0.065335,0.0,-0.005582,0.0,40-plus,static,Assistant Commandant,left-wing extremism area,0
0.3996,0.499693,0.47762,0.462632,0.0,0.0,0.255556,0.233333,0.531,0.398927,0.462866,0.428187,0.25,0.25,0.25,0.25,0.0,0.0,0.0,0.077778,0.431729,0.523953,0.53725,0.512468,0.4117,0.495853,0.495747,0.571821,0.487229,0.400197,0.411172,0.417617,0.0,0.0,0.0,0.0,-0.063032,-0.233333,0.102813,0.0,-0.077778,-0.08074,-0.160121,0.069612,0.0,30-39,static,Assistant Sub-Inspector,internal security duty,0
0.356171,0.41626,0.356219,0.343592,0.0,0.0,0.0,0.177778,0.311057,0.301263,0.349349,0.369357,0.25,0.25,0.25,0.25,0.0,0.0,0.0,0.0,0.333714,0.273167,0.409417,0.395289,0.0,0.0,0.0,0.0,0.0,0.0,0.0,0.0,0.0,0.0,0.0,0.0,0.01258,-0.177778,-0.0583,0.0,0.0,-0.061575,0.0,0.0,0.0,40-plus,static,Assistant Commandant,election duty,0
0.332114,0.319667,0.385224,0.373656,0.0,0.0,0.077778,0.188889,0.2973,0.34586,0.371942,0.388158,0.75,0.75,0.75,0.75,0.0,0.0,0.155556,0.077778,0.4503,0.433403,0.379357,0.374749,0.2315,0.2315,0.237323,0.304646,0.0,0.0,0.0,0.0,0.0,0.0,0.0,0.0,-0.041541,-0.188889,-0.090858,0.0,-0.077778,0.075551,-0.073146,0.0,0.0,under-30,static,Constable,left-wing extremism area,0
0.524129,0.4542,0.436336,0.406178,0.0,0.0,0.311111,0.216667,0.5118,0.53818,0.504491,0.459611,0.25,0.25,0.25,0.25,0.0,0.0,0.0,0.077778,0.409557,0.408017,0.435877,0.419557,0.6014,0.571763,0.575899,0.562442,0.430186,0.357763,0.397319,0.406056,0.0,0.0,0.0,0.0,0.11795,-0.216667,0.052189,0.0,-0.077778,-0.01,0.038958,0.02413,0.0,under-30,static,Head Constable,left-wing extremism area,0
0.313586,0.400307,0.428836,0.421706,0.0,0.0,0.0,0.0,0.331971,0.396117,0.41045,0.39143,0.25,0.25,0.25,0.25,0.0,0.0,0.055556,0.155556,0.456357,0.462723,0.459436,0.408494,0.5202,0.5202,0.54895,0.563325,0.0,0.0,0.0,0.0,0.0,0.0,0.0,0.0,-0.10812,0.0,-0.059459,0.0,-0.155556,0.047863,-0.043125,0.0,0.0,40-plus,static,Inspector,law and order deployment,0
0.385986,0.302853,0.311703,0.34631,0.0,0.0,0.155556,0.177778,0.4986,0.393283,0.391598,0.371549,0.25,0.25,0.25,0.25,0.0,0.466667,0.155556,0.077778,0.323486,0.349483,0.334263,0.347145,0.0,0.0,0.0,0.0,0.312557,0.316847,0.353866,0.341494,0.0,0.0,0.0,0.0,0.039676,-0.177778,0.127051,0.0,-0.077778,-0.023659,0.0,-0.028937,0.0,40-plus,static,Inspector,group centre,0
0.4078,0.469517,0.414594,0.418362,0.0,0.0,0.0,0.222222,0.405114,0.478607,0.451487,0.429433,0.25,0.25,0.25,0.25,0.0,0.0,0.155556,0.077778,0.554243,0.508837,0.475284,0.471669,0.402814,0.39575,0.394317,0.397675,0.480986,0.394603,0.411853,0.409857,0.0,0.0,0.0,0.0,-0.010562,-0.222222,-0.024319,0.0,-0.077778,0.082574,0.005139,0.071128,0.0,40-plus,static,Sub-Inspector,internal security duty,0
0.5318,0.487343,0.416841,0.402161,0.0,0.0,0.0,0.0,0.335814,0.46404,0.384844,0.38811,0.75,0.75,0.75,0.75,0.0,0.0,0.0,0.077778,0.4753,0.503253,0.376692,0.388493,0.3292,0.46627,0.46369,0.399752,0.323529,0.319463,0.339558,0.342223,0.0,0.0,0.0,0.0,0.129639,0.0,-0.052296,0.0,-0.077778,0.086807,-0.070552,-0.018695,0.0,30-39,static,Assistant Sub-Inspector,internal security duty,0
0.396529,0.372287,0.377526,0.413023,0.0,0.2,0.444444,0.222222,0.3124,0.42881,0.438064,0.45151,0.25,0.25,0.25,0.25,0.0,0.0,0.155556,0.155556,0.357214,0.3451,0.426074,0.40199,0.398,0.398,0.361328,0.423254,0.482,0.41863,0.434484,0.413426,0.0,0.0,0.0,0.0,-0.016495,-0.222222,-0.13911,0.0,-0.155556,-0.044776,-0.025254,0.068574,0.0,40-plus,static,Sub-Inspector,law and order deployment,0
0.433,0.35826,0.368384,0.373399,0.0,0.0,0.0,0.0,0.278357,0.339123,0.331948,0.37543,0.25,0.25,0.25,0.25,0.0,0.0,0.0,0.094444,0.337643,0.324153,0.394877,0.411408,0.0,0.0,0.0,0.0,0.0,0.0,0.0,0.0,0.0,0.0,0.0,0.0,0.059601,0.0,-0.097073,0.0,-0.094444,-0.073765,0.0,0.0,0.0,under-30,static,Constable,election duty,0
0.544129,0.528863,0.420698,0.369633,0.1517,0.1517,0.158374,0.223632,0.577843,0.55849,0.450859,0.386645,0.25,0.25,0.25,0.25,0.0,0.0,0.0,0.0,0.559757,0.485303,0.462331,0.411393,0.2048,0.38498,0.39185,0.405153,0.0,0.0,0.0,0.0,0.0,0.0,0.0,0.0,0.174496,-0.071932,0.191198,0.0,0.0,0.148364,-0.200353,0.0,0.0,30-39,surged,Head Constable,internal security duty,0
0.5408,0.501827,0.458259,0.438109,0.0,0.0,0.466667,0.233333,0.354986,0.41337,0.437631,0.432677,0.25,0.25,0.25,0.25,0.0,0.0,0.0,0.0,0.539486,0.501017,0.480838,0.461378,0.6093,0.6093,0.621007,0.538809,0.0,0.0,0.0,0.0,0.0,0.0,0.0,0.0,0.102691,-0.233333,-0.077692,0.0,0.0,0.078108,0.070491,0.0,0.0,30-39,static,Sub-Inspector,left-wing extremism area,0
0.637543,0.715233,0.558909,0.506474,0.3016,0.3016,0.315529,0.31332,0.5874,0.747743,0.648017,0.553671,0.25,0.25,0.25,0.25,0.0,0.0,0.155556,0.077778,0.6975,0.706797,0.586848,0.533362,0.0,0.0,0.0,0.0,0.0,0.0,0.0,0.0,0.0,0.0,0.0,0.0,0.131068,-0.01172,0.033729,0.0,-0.077778,0.164138,0.0,0.0,0.0,40-plus,surged,Inspector,internal security duty,0
0.411214,0.33901,0.37452,0.353747,0.0,0.533333,0.344444,0.172222,0.3003,0.420237,0.383216,0.360162,0.25,0.25,0.25,0.25,0.0,0.2,0.155556,0.077778,0.2614,0.26185,0.354208,0.34301,0.0,0.0,0.0,0.0,0.387,0.300027,0.315204,0.315574,0.0,0.0,0.0,0.0,0.057468,-0.172222,-0.059862,0.0,-0.077778,-0.08161,0.0,0.071426,0.0,40-plus,static,Assistant Commandant,election duty,0
0.356,0.352273,0.335089,0.326934,0.0,0.0,0.155556,0.172222,0.464671,0.50343,0.40733,0.382093,0.25,0.25,0.25,0.25,0.0,0.0,0.0,0.0,0.4271,0.4309,0.414172,0.366051,0.0,0.0,0.0,0.0,0.0,0.0,0.0,0.0,0.0,0.0,0.0,0.0,0.029066,-0.172222,0.082579,0.0,0.0,0.061049,0.0,0.0,0.0,under-30,static,Constable,law and order deployment,0
0.2899,0.324703,0.311273,0.352979,0.0,0.0,0.0,0.194444,0.5049,0.42403,0.362722,0.376102,0.75,0.75,0.75,0.75,0.0,0.0,0.0,0.0,0.2312,0.40665,0.387304,0.396719,0.485871,0.30864,0.257662,0.238509,0.0,0.0,0.0,0.0,0.0,0.0,0.0,0.0,-0.063079,-0.194444,0.128798,0.0,0.0,-0.165519,0.247363,0.0,0.0,under-30,static,Head Constable,left-wing extremism area,0
0.441271,0.393543,0.388427,0.391897,0.0,0.0,0.0,0.188889,0.326386,0.373863,0.352492,0.344438,0.75,0.75,0.75,0.75,0.0,0.0,0.0,0.0,0.409857,0.341653,0.384011,0.383303,0.1424,0.1424,0.1424,0.230895,0.0,0.0,0.0,0.0,0.0,0.0,0.0,0.0,0.049374,-0.188889,-0.018053,0.0,0.0,0.026554,-0.088495,0.0,0.0,30-39,static,Head Constable,internal security duty,0
0.435,0.395917,0.472909,0.482959,0.0,0.0,0.477778,0.488889,0.594129,0.473097,0.446726,0.463544,0.25,0.25,0.25,0.25,0.0,0.0,0.155556,0.077778,0.5269,0.4027,0.451768,0.478184,0.4948,0.4948,0.42401,0.392905,0.0,0.0,0.0,0.0,0.0,0.0,0.0,0.0,-0.047959,-0.488889,0.130585,0.0,-0.077778,0.048716,0.101895,0.0,0.0,40-plus,static,Inspector,left-wing extremism area,0
0.311857,0.253793,0.327459,0.294061,0.0,0.133333,0.344444,0.172222,0.2671,0.361183,0.346492,0.357603,0.25,0.25,0.25,0.25,0.0,0.466667,0.155556,0.155556,0.365386,0.350703,0.324604,0.357806,0.1985,0.30542,0.327746,0.352538,0.413457,0.35643,0.359407,0.350579,0.0,0.0,0.0,0.0,0.017796,-0.172222,-0.090503,0.0,-0.155556,0.00758,-0.154038,0.062878,0.0,under-30,static,Constable,internal security duty,0
0.362857,0.474207,0.510354,0.495543,0.0,0.0,0.0,0.233333,0.5886,0.455273,0.450256,0.463587,0.75,0.75,0.75,0.75,0.0,0.0,0.0,0.077778,0.619343,0.569033,0.46758,0.459086,0.0,0.0,0.0,0.0,0.0,0.0,0.0,0.0,0.0,0.0,0.0,0.0,-0.132686,-0.233333,0.125013,0.0,-0.077778,0.160257,0.0,0.0,0.0,40-plus,static,Inspector,law and order deployment,0
0.2414,0.258173,0.289578,0.305383,0.0,0.0,0.044444,0.155556,0.3415,0.353203,0.320912,0.330778,0.25,0.25,0.25,0.25,0.0,0.0,0.0,0.077778,0.285557,0.2923,0.313056,0.309531,0.321657,0.31144,0.29638,0.297117,0.0,0.0,0.0,0.0,0.0,0.0,0.0,0.0,-0.063983,-0.155556,0.010722,0.0,-0.077778,-0.023973,0.02454,0.0,0.0,40-plus,static,Inspector,left-wing extremism area,0
0.3995,0.39982,0.359311,0.359097,0.0,0.0,0.0,0.0,0.3479,0.411593,0.402311,0.398911,0.25,0.25,0.25,0.25,0.0,0.0,0.155556,0.077778,0.458229,0.32474,0.27775,0.307857,0.0,0.0,0.0,0.0,0.407957,0.344267,0.357439,0.355985,0.0,0.0,0.0,0.0,0.040403,0.0,-0.051011,0.0,-0.077778,0.150372,0.0,0.051972,0.0,40-plus,static,Assistant Commandant,law and order deployment,0
0.313886,0.413313,0.381457,0.361133,0.0,0.0,0.0,0.0,0.365929,0.2555,0.323974,0.333681,0.25,0.25,0.25,0.25,0.0,0.0,0.0,0.0,0.2135,0.388003,0.331961,0.327984,0.1488,0.169223,0.221679,0.276267,0.3024,0.3132,0.320363,0.322114,0.0,0.0,0.0,0.0,-0.047248,0.0,0.032248,0.0,0.0,-0.114484,-0.127467,-0.019714,0.0,40-plus,static,Inspector,internal security duty,0
0.397329,0.34876,0.318574,0.319698,0.0,0.0,0.0,0.0,0.362586,0.354657,0.337229,0.349633,0.25,0.25,0.25,0.25,0.0,0.466667,0.155556,0.077778,0.3793,0.364457,0.329977,0.320011,0.0659,0.0659,0.0659,0.13605,0.363086,0.304353,0.322783,0.327105,0.0,0.0,0.0,0.0,0.07763,0.0,0.012952,0.0,-0.077778,0.059289,-0.07015,0.035981,0.0,30-39,static,Assistant Sub-Inspector,left-wing extremism area,0
0.228886,0.31344,0.358429,0.337248,0.0,0.0,0.0,0.155556,0.236943,0.352473,0.371946,0.375231,0.25,0.25,0.25,0.25,0.0,0.0,0.0,0.077778,0.3245,0.38368,0.41398,0.404134,0.2941,0.2941,0.314242,0.382571,0.0,0.0,0.0,0.0,0.0,0.0,0.0,0.0,-0.108363,-0.155556,-0.138288,0.0,-0.077778,-0.079634,-0.088471,0.0,0.0,40-plus,static,Inspector,election duty,0
0.446829,0.383747,0.417714,0.388082,0.0,0.0,0.0,0.0,0.319571,0.38402,0.388868,0.43681,0.25,0.25,0.25,0.25,0.0,0.0,0.0,0.0,0.3922,0.44014,0.422926,0.423511,0.2837,0.2837,0.299521,0.310965,0.315829,0.3237,0.35221,0.345953,0.0,0.0,0.0,0.0,0.058746,0.0,-0.117239,0.0,0.0,-0.031311,-0.027265,-0.030125,0.0,30-39,static,Head Constable,election duty,0
0.373271,0.40326,0.338536,0.335884,0.0,0.0,0.022222,0.177778,0.365771,0.299983,0.317383,0.328365,0.25,0.25,0.25,0.25,0.0,0.0,0.155556,0.077778,0.342457,0.28808,0.371548,0.413066,0.0,0.0,0.0,0.0,0.399357,0.336907,0.331304,0.346191,0.0,0.0,0.0,0.0,0.037387,-0.177778,0.037406,0.0,-0.077778,-0.070608,0.0,0.053167,0.0,30-39,static,Sub-Inspector,left-wing extremism area,0
0.371043,0.310837,0.331126,0.343881,0.0,0.0,0.0,0.0,0.3143,0.333253,0.36185,0.354249,0.25,0.25,0.25,0.25,0.0,0.0,0.0,0.0,0.2579,0.415883,0.410652,0.419343,0.4655,0.446947,0.442449,0.428588,0.0,0.0,0.0,0.0,0.0,0.0,0.0,0.0,0.027162,0.0,-0.039949,0.0,0.0,-0.161443,0.036912,0.0,0.0,40-plus,static,Inspector,group centre,0
0.529214,0.50082,0.446756,0.425889,0.0,0.0,0.0,0.0,0.4273,0.458107,0.456592,0.444037,0.25,0.25,0.25,0.25,0.0,0.0,0.155556,0.077778,0.360971,0.388313,0.413243,0.425558,0.6214,0.615347,0.524218,0.421124,0.374943,0.350203,0.37514,0.378952,0.0,0.0,0.0,0.0,0.103325,0.0,-0.016737,0.0,-0.077778,-0.064587,0.200276,-0.004009,0.0,40-plus,static,Inspector,left-wing extremism area,0
0.305671,0.379143,0.413236,0.415052,0.0,0.0,0.0,0.2,0.4345,0.41274,0.419233,0.431451,0.75,0.75,0.75,0.75,0.0,0.0,0.0,0.0,0.2949,0.305773,0.382048,0.398046,0.0,0.0,0.0,0.0,0.320371,0.320307,0.364566,0.366512,0.0,0.0,0.0,0.0,-0.109381,-0.2,0.003049,0.0,0.0,-0.103146,0.0,-0.046141,0.0,40-plus,static,Inspector,law and order deployment,0
0.315,0.406213,0.406679,0.437814,0.0,0.2,0.444444,0.222222,0.4596,0.51998,0.442828,0.442385,0.25,0.25,0.25,0.25,0.0,0.0,0.0,0.0,0.3668,0.34884,0.428328,0.437239,0.0,0.0,0.0,0.0,0.446,0.40134,0.414489,0.402638,0.0,0.0,0.0,0.0,-0.122814,-0.222222,0.017215,0.0,0.0,-0.070439,0.0,0.043362,0.0,under-30,static,Constable,group centre,0
0.3205,0.47268,0.45932,0.447094,0.0,0.0,0.233333,0.227778,0.484486,0.40314,0.441633,0.44664,0.25,0.25,0.25,0.25,0.0,0.0,0.244444,0.155556,0.534557,0.549123,0.52486,0.514376,0.0,0.0,0.0,0.0,0.0,0.0,0.0,0.0,0.0,0.0,0.0,0.0,-0.126594,-0.227778,0.037846,0.0,-0.155556,0.020182,0.0,0.0,0.0,40-plus,static,Inspector,election duty,0
0.351229,0.396867,0.402133,0.433436,0.0,0.0,0.0,0.0,0.393471,0.491647,0.446999,0.469357,0.25,0.25,0.25,0.25,0.0,0.0,0.0,0.0,0.5089,0.543787,0.449747,0.44363,0.435,0.54788,0.488262,0.44749,0.0,0.0,0.0,0.0,0.0,0.0,0.0,0.0,-0.082207,0.0,-0.075885,0.0,0.0,0.06527,-0.01249,0.0,0.0,30-39,static,Assistant Sub-Inspector,left-wing extremism area,0
0.526657,0.405473,0.358818,0.344227,0.0,0.0,0.0,0.0,0.411443,0.273973,0.343764,0.366556,0.25,0.25,0.25,0.25,0.0,0.0,0.0,0.0,0.283886,0.281217,0.380741,0.365724,0.2676,0.2676,0.2676,0.2676,0.387657,0.329473,0.34425,0.344157,0.0,0.0,0.0,0.0,0.18243,0.0,0.044887,0.0,0.0,-0.081838,0.0,0.0435,0.0,40-plus,static,Inspector,law and order deployment,0
0.353143,0.380513,0.394351,0.384592,0.0,0.0,0.0,0.0,0.5447,0.45331,0.395048,0.389719,0.25,0.25,0.25,0.25,0.0,0.0,0.0,0.0,0.481586,0.3547,0.290229,0.333405,0.4034,0.4034,0.380631,0.369152,0.0,0.0,0.0,0.0,0.0,0.0,0.0,0.0,-0.031449,0.0,0.154981,0.0,0.0,0.148181,0.034248,0.0,0.0,under-30,static,Head Constable,group centre,0
0.4979,0.456343,0.383852,0.400577,0.0,0.0,0.344444,0.188889,0.329143,0.38832,0.383296,0.370102,0.25,0.25,0.25,0.25,0.0,0.0,0.122222,0.077778,0.263786,0.35236,0.310716,0.332756,0.3349,0.288037,0.354647,0.386153,0.0,0.0,0.0,0.0,0.0,0.0,0.0,0.0,0.097323,-0.188889,-0.040959,0.0,-0.077778,-0.06897,-0.051253,0.0,0.0,40-plus,static,Assistant Commandant,internal security duty,0
0.370557,0.41216,0.412718,0.394634,0.0,0.7,0.388889,0.194444,0.2911,0.338463,0.356123,0.382534,0.25,0.25,0.25,0.25,0.0,0.0,0.0,0.077778,0.397371,0.357857,0.360462,0.369239,0.0,0.0,0.0,0.0,0.0,0.0,0.0,0.0,0.0,0.0,0.0,0.0,-0.024077,-0.194444,-0.091434,0.0,-0.077778,0.028132,0.0,0.0,0.0,under-30,static,Head Constable,left-wing extremism area,0
0.341771,0.386567,0.402713,0.388828,0.0,0.0,0.155556,0.188889,0.431357,0.306643,0.347293,0.374419,0.25,0.25,0.25,0.25,0.0,0.0,0.0,0.0,0.294686,0.29738,0.314964,0.352117,0.0,0.0,0.0,0.0,0.0,0.0,0.0,0.0,0.0,0.0,0.0,0.0,-0.047056,-0.188889,0.056938,0.0,0.0,-0.057432,0.0,0.0,0.0,30-39,static,Sub-Inspector,left-wing extremism area,0
0.333914,0.455537,0.46796,0.447044,0.0,0.0,0.0,0.027778,0.3589,0.33065,0.372682,0.376448,0.75,0.75,0.75,0.75,0.0,0.0,0.0,0.0,0.4205,0.38761,0.383812,0.377413,0.0,0.0,0.0,0.0,0.0,0.0,0.0,0.0,0.0,0.0,0.0,0.0,-0.11313,-0.027778,-0.017548,0.0,0.0,0.043087,0.0,0.0,0.0,40-plus,static,Inspector,left-wing extremism area,0
0.306714,0.229353,0.328804,0.338978,0.0,0.633333,0.355556,0.177778,0.2434,0.347117,0.317176,0.330393,0.25,0.25,0.25,0.25,0.0,0.0,0.0,0.077778,0.310771,0.325803,0.318202,0.345826,0.0,0.0,0.0,0.0,0.0,0.0,0.0,0.0,0.0,0.0,0.0,0.0,-0.032263,-0.177778,-0.086993,0.0,-0.077778,-0.035054,0.0,0.0,0.0,under-30,static,Head Constable,group centre,0
0.479557,0.468757,0.430162,0.399821,0.0,0.0,0.411111,0.205556,0.3979,0.391843,0.38835,0.425364,0.25,0.25,0.25,0.25,0.0,0.0,0.155556,0.155556,0.458429,0.485707,0.458681,0.449683,0.3319,0.3319,0.3319,0.310966,0.0,0.0,0.0,0.0,0.0,0.0,0.0,0.0,0.079737,-0.205556,-0.027464,0.0,-0.155556,0.008745,0.020934,0.0,0.0,30-39,static,Sub-Inspector,group centre,0
0.2692,0.41201,0.415566,0.393333,0.0,0.0,0.044444,0.211111,0.520029,0.400883,0.404481,0.388587,0.25,0.25,0.25,0.25,0.0,0.0,0.0,0.116667,0.508514,0.487113,0.407358,0.418197,0.0,0.0,0.0,0.0,0.0,0.0,0.0,0.0,0.0,0.0,0.0,0.0,-0.124133,-0.211111,0.131441,0.0,-0.116667,0.090317,0.0,0.0,0.0,30-39,static,Head Constable,law and order deployment,0
0.4562,0.333483,0.274417,0.320776,0.0,0.0,0.0,0.0,0.316129,0.308233,0.284312,0.290517,0.75,0.75,0.75,0.75,0.0,0.0,0.155556,0.077778,0.270657,0.315013,0.336557,0.330277,0.2801,0.285173,0.326784,0.315932,0.360971,0.312357,0.34251,0.327696,0.0,0.0,0.0,0.0,0.135424,0.0,0.025611,0.0,-0.077778,-0.05962,-0.035832,0.033275,0.0,40-plus,static,Assistant Commandant,election duty,0
0.2751,0.402623,0.386504,0.381121,0.0,0.2,0.344444,0.172222,0.4064,0.423093,0.357629,0.340831,0.75,0.75,0.75,0.75,0.0,0.0,0.155556,0.077778,0.451014,0.3131,0.288,0.308678,0.2261,0.26104,0.304202,0.342311,0.262457,0.318913,0.336489,0.318301,0.0,0.0,0.0,0.0,-0.106021,-0.172222,0.065569,0.0,-0.077778,0.142336,-0.116211,-0.055844,0.0,30-39,static,Head Constable,group centre,0
0.372886,0.457447,0.495614,0.500394,0.0,0.0,0.0,0.0,0.541086,0.475867,0.449862,0.444077,0.25,0.25,0.25,0.25,0.0,0.0,0.0,0.0,0.482943,0.41599,0.431519,0.456707,0.3476,0.3476,0.3476,0.368887,0.0,0.0,0.0,0.0,0.0,0.0,0.0,0.0,-0.127509,0.0,0.097009,0.0,0.0,0.026236,-0.021287,0.0,0.0,under-30,static,Constable,group centre,0
0.5683,0.39847,0.398452,0.399078,0.0639,0.0639,0.04331,0.132766,0.570614,0.503,0.445358,0.440201,0.25,0.25,0.25,0.25,0.0,0.0,0.0,0.077778,0.334529,0.347757,0.387864,0.375188,0.3046,0.3046,0.270082,0.371854,0.0,0.0,0.0,0.0,0.0,0.0,0.0,0.0,0.169222,-0.068866,0.130414,0.0,-0.077778,-0.040659,-0.067254,0.0,0.0,40-plus,surged,Inspector,internal security duty,0
0.324943,0.330053,0.315672,0.315631,0.0,0.0,0.366667,0.183333,0.393729,0.377307,0.406099,0.402887,0.75,0.75,0.75,0.75,0.0,0.0,0.0,0.0,0.2496,0.375307,0.36,0.385965,0.0,0.0,0.0,0.0,0.0,0.0,0.0,0.0,0.0,0.0,0.0,0.0,0.009312,-0.183333,-0.009158,0.0,0.0,-0.136365,0.0,0.0,0.0,40-plus,static,Inspector,left-wing extremism area,0
0.6041,0.587957,0.44668,0.376972,0.1842,0.5921,0.414909,0.207454,0.693671,0.70065,0.516993,0.446078,0.25,0.25,0.25,0.25,0.0,0.0,0.155556,0.077778,0.461143,0.597717,0.503437,0.42794,0.0,0.0,0.0,0.0,0.0,0.0,0.0,0.0,0.0,0.0,0.0,0.0,0.227128,-0.023254,0.247594,0.0,-0.077778,0.033203,0.0,0.0,0.0,40-plus,surged,Sub-Inspector,internal security duty,0
0.2958,0.300883,0.412039,0.392225,0.0,0.433333,0.411111,0.205556,0.427629,0.383647,0.376592,0.398393,0.25,0.25,0.25,0.25,0.0,0.0,0.0,0.0,0.361,0.421183,0.436516,0.427857,0.4588,0.459493,0.509842,0.525401,0.0,0.0,0.0,0.0,0.0,0.0,0.0,0.0,-0.096425,-0.205556,0.029235,0.0,0.0,-0.066857,-0.066601,0.0,0.0,under-30,static,Constable,group centre,0
0.2233,0.281253,0.304699,0.380228,0.0,0.0,0.377778,0.211111,0.510314,0.36022,0.388022,0.410116,0.25,0.25,0.25,0.25,0.0,0.0,0.0,0.0,0.407,0.373463,0.438171,0.419448,0.0,0.0,0.0,0.0,0.392514,0.351763,0.384574,0.38312,0.0,0.0,0.0,0.0,-0.156928,-0.211111,0.100199,0.0,0.0,-0.012448,0.0,0.009394,0.0,under-30,static,Constable,left-wing extremism area,0
0.2121,0.379193,0.369829,0.3877,0.0,0.333333,0.366667,0.183333,0.2491,0.28115,0.403771,0.379693,0.25,0.25,0.25,0.25,0.0,0.0,0.0,0.0,0.320071,0.326567,0.334071,0.342048,0.2406,0.263213,0.301604,0.290502,0.288943,0.331517,0.350931,0.361992,0.0,0.0,0.0,0.0,-0.1756,-0.183333,-0.130593,0.0,0.0,-0.021977,-0.049902,-0.073049,0.0,30-39,static,Assistant Sub-Inspector,internal security duty,0
0.477014,0.415297,0.473327,0.491022,0.0,0.0,0.111111,0.394444,0.511386,0.413877,0.442558,0.464413,0.25,0.25,0.25,0.25,0.0,0.0,0.0,0.0,0.568,0.453567,0.431146,0.492116,0.592,0.55342,0.45054,0.47038,0.385857,0.39156,0.43558,0.423978,0.0,0.0,0.0,0.0,-0.014008,-0.394444,0.046972,0.0,0.0,0.075884,0.12162,-0.038121,0.0,40-plus,static,Assistant Commandant,election duty,0
0.331929,0.395473,0.368057,0.342228,0.0,0.0,0.0,0.0,0.2192,0.291963,0.301841,0.339991,0.25,0.25,0.25,0.25,0.0,0.0,0.0,0.0,0.262786,0.27614,0.319473,0.332825,0.0,0.0,0.0,0.0,0.0,0.0,0.0,0.0,0.0,0.0,0.0,0.0,-0.0103,0.0,-0.120791,0.0,0.0,-0.070039,0.0,0.0,0.0,40-plus,static,Inspector,law and order deployment,0
0.446314,0.410817,0.423418,0.443953,0.0,0.0,0.0,0.211111,0.441257,0.414013,0.383043,0.428031,0.25,0.25,0.25,0.25,0.0,0.0,0.155556,0.077778,0.3277,0.440633,0.439071,0.441509,0.3665,0.3665,0.408384,0.392696,0.4874,0.40677,0.392302,0.393667,0.0,0.0,0.0,0.0,0.002361,-0.211111,0.013227,0.0,-0.077778,-0.113809,-0.026196,0.093733,0.0,40-plus,static,Inspector,group centre,0
0.405814,0.38469,0.341564,0.350295,0.0,0.0,0.233333,0.155556,0.244,0.207213,0.240371,0.257936,0.25,0.25,0.25,0.25,0.0,0.466667,0.155556,0.155556,0.218714,0.25225,0.271487,0.315763,0.3507,0.3507,0.3507,0.382063,0.0,0.0,0.0,0.0,0.0,0.0,0.0,0.0,0.055519,-0.155556,-0.013936,0.0,-0.155556,-0.097048,-0.031363,0.0,0.0,40-plus,static,Assistant Commandant,left-wing extremism area,0
0.3673,0.408163,0.415442,0.40748,0.0,0.0,0.0,0.222222,0.530443,0.4675,0.452387,0.445384,0.25,0.25,0.25,0.25,0.0,0.0,0.0,0.0,0.4055,0.33688,0.432514,0.426689,0.0,0.0,0.0,0.0,0.400586,0.36004,0.394521,0.392041,0.0,0.0,0.0,0.0,-0.04018,-0.222222,0.085058,0.0,0.0,-0.021189,0.0,0.008545,0.0,under-30,static,Constable,left-wing extremism area,0
0.370443,0.374673,0.356927,0.353062,0.1495,0.1495,0.101328,0.050664,0.408014,0.42614,0.360128,0.37564,0.25,0.25,0.25,0.25,0.0,0.0,0.0,0.0,0.590443,0.553677,0.453666,0.377986,0.1448,0.1448,0.201953,0.275277,0.381457,0.332847,0.342786,0.343094,0.0,0.0,0.0,0.0,0.017381,0.098836,0.032374,0.0,0.0,0.212457,-0.130477,0.038363,0.0,40-plus,surged,Inspector,internal security duty,0
0.485729,0.431183,0.348204,0.360453,0.0,0.133333,0.388889,0.194444,0.238,0.376413,0.329082,0.349863,0.75,0.75,0.75,0.75,0.0,0.0,0.0,0.0,0.4194,0.372983,0.331554,0.390586,0.4309,0.4309,0.352374,0.30897,0.377971,0.313427,0.35163,0.355406,0.0,0.0,0.0,0.0,0.125275,-0.194444,-0.111863,0.0,0.0,0.028814,0.12193,0.022565,0.0,30-39,static,Assistant Sub-Inspector,group centre,0
0.5317,0.492277,0.384791,0.359752,0.0,0.0,0.044444,0.161111,0.255129,0.357713,0.287122,0.289584,0.25,0.25,0.25,0.25,0.0,0.0,0.255556,0.127778,0.1261,0.288243,0.324554,0.320021,0.0,0.0,0.0,0.0,0.0,0.0,0.0,0.0,0.0,0.0,0.0,0.0,0.171948,-0.161111,-0.034455,0.0,-0.127778,-0.193921,0.0,0.0,0.0,under-30,static,Head Constable,group centre,0
0.499,0.372373,0.320488,0.317377,0.0,0.0,0.0,0.183333,0.4636,0.33188,0.339219,0.34701,0.25,0.25,0.25,0.25,0.0,0.0,0.155556,0.077778,0.2326,0.380857,0.390691,0.38843,0.0,0.0,0.0,0.0,0.406657,0.352153,0.356619,0.351326,0.0,0.0,0.0,0.0,0.181623,-0.183333,0.11659,0.0,-0.077778,-0.15583,0.0,0.055331,0.0,40-plus,static,Inspector,left-wing extremism area,0
0.300029,0.341507,0.355688,0.373254,0.0,0.266667,0.355556,0.177778,0.3048,0.345977,0.328923,0.345627,0.75,0.75,0.75,0.75,0.0,0.0,0.155556,0.077778,0.424614,0.40006,0.383383,0.362488,0.0,0.0,0.0,0.0,0.0,0.0,0.0,0.0,0.0,0.0,0.0,0.0,-0.073225,-0.177778,-0.040827,0.0,-0.077778,0.062126,0.0,0.0,0.0,30-39,static,Sub-Inspector,internal security duty,0
0.398671,0.37975,0.402829,0.393023,0.0,0.0,0.0,0.0,0.475943,0.44856,0.421671,0.4157,0.75,0.75,0.75,0.75,0.0,0.0,0.0,0.077778,0.369114,0.378417,0.411912,0.396077,0.4043,0.45311,0.505712,0.459544,0.495914,0.368977,0.373036,0.363623,0.0,0.0,0.0,0.0,0.005649,0.0,0.060243,0.0,-0.077778,-0.026963,-0.055244,0.132292,0.0,30-39,static,Sub-Inspector,left-wing extremism area,0
0.344,0.347453,0.43249,0.406387,0.0,0.0,0.0,0.0,0.525414,0.400307,0.461992,0.418369,0.25,0.25,0.25,0.25,0.0,0.0,0.0,0.133333,0.4879,0.49056,0.397627,0.414822,0.536,0.536,0.536,0.499437,0.0,0.0,0.0,0.0,0.0,0.0,0.0,0.0,-0.062387,0.0,0.107045,0.0,-0.133333,0.073078,0.036563,0.0,0.0,40-plus,static,Sub-Inspector,group centre,0
0.431114,0.41551,0.413056,0.342768,0.0,0.0,0.0,0.061111,0.281986,0.399527,0.351504,0.347538,0.75,0.75,0.75,0.75,0.0,0.1,0.155556,0.077778,0.229343,0.37091,0.353086,0.376618,0.0,0.0,0.0,0.0,0.3251,0.317463,0.328634,0.325543,0.0,0.0,0.0,0.0,0.088346,-0.061111,-0.065553,0.0,-0.077778,-0.147275,0.0,-0.000443,0.0,40-plus,static,Assistant Commandant,left-wing extremism area,0
0.485,0.369427,0.378679,0.377421,0.0,0.0,0.0,0.05,0.369529,0.335427,0.357516,0.372953,0.25,0.25,0.25,0.25,0.0,0.0,0.0,0.0,0.4881,0.361873,0.393101,0.368736,0.4017,0.4017,0.4017,0.4017,0.355257,0.3346,0.337206,0.342709,0.0,0.0,0.0,0.0,0.107579,-0.05,-0.003424,0.0,0.0,0.119364,0.0,0.012548,0.0,30-39,static,Head Constable,election duty,0
0.490957,0.384983,0.3724,0.381881,0.0,0.0,0.0,0.188889,0.3137,0.48601,0.400441,0.37366,0.25,0.25,0.25,0.25,0.0,0.0,0.0,0.0,0.2872,0.388293,0.379769,0.396952,0.5208,0.5208,0.509138,0.411602,0.417686,0.38161,0.374946,0.367487,0.0,0.0,0.0,0.0,0.109076,-0.188889,-0.05996,0.0,0.0,-0.109752,0.109198,0.050199,0.0,30-39,static,Head Constable,election duty,0
0.5115,0.463987,0.419878,0.412759,0.0,0.0,0.0,0.111111,0.440786,0.450557,0.443098,0.411974,0.25,0.25,0.25,0.25,0.0,0.0,0.0,0.077778,0.403686,0.345307,0.423946,0.411137,0.5848,0.61626,0.557139,0.464669,0.383,0.381267,0.390272,0.393694,0.0,0.0,0.0,0.0,0.098741,-0.111111,0.028812,0.0,-0.077778,-0.007452,0.120131,-0.010694,0.0,30-39,static,Sub-Inspector,internal security duty,0
0.2774,0.3955,0.415503,0.404419,0.0,0.0,0.0,0.0,0.519271,0.416033,0.403859,0.377512,0.25,0.25,0.25,0.25,0.0,0.0,0.155556,0.077778,0.477257,0.435007,0.407062,0.378659,0.0,0.0,0.0,0.0,0.321157,0.312627,0.333358,0.333312,0.0,0.0,0.0,0.0,-0.127019,0.0,0.141759,0.0,-0.077778,0.098598,0.0,-0.012155,0.0,40-plus,static,Assistant Commandant,left-wing extremism area,0
0.444129,0.351497,0.2956,0.349998,0.0,0.633333,0.366667,0.183333,0.418871,0.42967,0.432261,0.389235,0.25,0.25,0.25,0.25,0.0,0.0,0.155556,0.077778,0.2991,0.285207,0.358831,0.345237,0.1312,0.1312,0.1312,0.1517,0.0,0.0,0.0,0.0,0.0,0.0,0.0,0.0,0.094131,-0.183333,0.029636,0.0,-0.077778,-0.046137,-0.0205,0.0,0.0,under-30,static,Constable,group centre,0
0.386986,0.34054,0.377767,0.353303,0.0,0.133333,0.355556,0.177778,0.252429,0.255813,0.345577,0.347159,0.25,0.25,0.25,0.25,0.0,0.0,0.0,0.077778,0.189429,0.309503,0.35306,0.362894,0.5141,0.5141,0.4671,0.446301,0.2926,0.318613,0.338679,0.337697,0.0,0.0,0.0,0.0,0.033682,-0.177778,-0.09473,0.0,-0.077778,-0.173465,0.067799,-0.045097,0.0,40-plus,static,Inspector,internal security duty,0
0.245,0.279513,0.339468,0.326014,0.0,0.0,0.0,0.0,0.204229,0.342953,0.367993,0.35711,0.25,0.25,0.25,0.25,0.0,0.0,0.0,0.0,0.389229,0.315257,0.315138,0.336227,0.0,0.0,0.0,0.0,0.354071,0.35349,0.365033,0.353903,0.0,0.0,0.0,0.0,-0.081014,0.0,-0.152881,0.0,0.0,0.053001,0.0,0.000169,0.0,30-39,static,Sub-Inspector,election duty,0
0.526,0.50224,0.474989,0.468104,0.0,0.0,0.166667,0.216667,0.523,0.462543,0.42298,0.438884,0.25,0.25,0.25,0.25,0.0,0.0,0.0,0.066667,0.319057,0.334963,0.397609,0.407836,0.0,0.0,0.0,0.0,0.0,0.0,0.0,0.0,0.0,0.0,0.0,0.0,0.057896,-0.216667,0.084116,0.0,-0.066667,-0.088779,0.0,0.0,0.0,40-plus,static,Inspector,left-wing extremism area,0
0.377057,0.518973,0.472512,0.421098,0.0,0.0,0.0,0.15,0.4717,0.437113,0.429843,0.418183,0.25,0.25,0.25,0.25,0.142857,0.466667,0.155556,0.155556,0.3076,0.38066,0.423726,0.4208,0.4199,0.4199,0.407267,0.364188,0.423157,0.402117,0.383353,0.381514,0.0,0.0,0.0,0.0,-0.044041,-0.15,0.053517,0.0,-0.012698,-0.1132,0.055712,0.041643,0.0,under-30,static,Constable,internal security duty,0
0.330214,0.442787,0.420756,0.413028,0.0,0.266667,0.4,0.2,0.275029,0.396867,0.393147,0.397118,0.25,0.25,0.25,0.25,0.0,0.0,0.0,0.0,0.3183,0.3322,0.32985,0.374018,0.3916,0.3916,0.3916,0.39988,0.338929,0.367217,0.389027,0.375852,0.0,0.0,0.0,0.0,-0.082813,-0.2,-0.122089,0.0,0.0,-0.055718,-0.00828,-0.036924,0.0,40-plus,static,Assistant Commandant,law and order deployment,0
0.630571,0.69856,0.60335,0.503861,0.2737,0.2737,0.185508,0.287198,0.776843,0.74746,0.576417,0.462051,0.25,0.25,0.25,0.25,0.0,0.0,0.0,0.077778,0.637771,0.62299,0.564793,0.458987,0.3657,0.3657,0.391758,0.427346,0.364657,0.349287,0.374256,0.369842,0.0,0.0,0.0,0.0,0.12671,-0.013498,0.314792,0.0,-0.077778,0.178784,-0.061646,-0.005185,0.0,40-plus,surged,Inspector,internal security duty,0
0.379114,0.324227,0.344882,0.357362,0.0,0.0,0.0,0.088889,0.475429,0.475847,0.455152,0.426644,0.25,0.25,0.25,0.25,0.0,0.0,0.155556,0.077778,0.483429,0.450963,0.439482,0.432494,0.0,0.0,0.0,0.0,0.442,0.412903,0.413688,0.40956,0.0,0.0,0.0,0.0,0.021753,-0.088889,0.048785,0.0,-0.077778,0.050934,0.0,0.03244,0.0,under-30,static,Head Constable,left-wing extremism area,0
0.4079,0.455607,0.457104,0.450618,0.0,0.0,0.466667,0.233333,0.3169,0.33875,0.428878,0.458273,0.75,0.75,0.75,0.75,0.0,0.0,0.0,0.0,0.466643,0.489773,0.487213,0.48354,0.6687,0.6687,0.6687,0.652961,0.452086,0.397653,0.420626,0.430722,0.0,0.0,0.0,0.0,-0.042718,-0.233333,-0.141373,0.0,0.0,-0.016897,0.015739,0.021364,0.0,under-30,static,Constable,law and order deployment,0
0.549371,0.528197,0.481799,0.437984,0.0,0.0,0.155556,0.216667,0.5236,0.486933,0.473313,0.453042,0.25,0.25,0.25,0.25,0.0,0.0,0.0,0.0,0.5633,0.398823,0.365088,0.412174,0.5465,0.5465,0.595407,0.610253,0.0,0.0,0.0,0.0,0.0,0.0,0.0,0.0,0.111387,-0.216667,0.070558,0.0,0.0,0.151126,-0.063753,0.0,0.0,30-39,static,Head Constable,election duty,0
0.4011,0.36032,0.392161,0.35479,0.0,0.1,0.333333,0.166667,0.2106,0.296983,0.389239,0.365129,0.25,0.25,0.25,0.25,0.0,0.633333,0.211111,0.105556,0.382214,0.34603,0.343238,0.329736,0.0,0.0,0.0,0.0,0.0,0.0,0.0,0.0,0.0,0.0,0.0,0.0,0.04631,-0.166667,-0.154529,0.0,-0.105556,0.052478,0.0,0.0,0.0,under-30,static,Constable,left-wing extremism area,0
0.440543,0.378057,0.36877,0.397924,0.0,0.0,0.0,0.205556,0.2722,0.428553,0.328794,0.350257,0.25,0.25,0.25,0.25,0.0,0.0,0.0,0.0,0.484043,0.31669,0.392489,0.403637,0.5605,0.5605,0.478207,0.448554,0.0,0.0,0.0,0.0,0.0,0.0,0.0,0.0,0.042618,-0.205556,-0.078057,0.0,0.0,0.080406,0.111946,0.0,0.0,40-plus,static,Assistant Commandant,left-wing extremism area,0
0.4399,0.372807,0.395772,0.329099,0.0,0.0,0.0,0.0,0.2337,0.297993,0.384908,0.353754,0.25,0.25,0.25,0.25,0.0,0.0,0.0,0.0,0.289943,0.316547,0.342991,0.330912,0.2545,0.2545,0.2545,0.330547,0.0,0.0,0.0,0.0,0.0,0.0,0.0,0.0,0.110801,0.0,-0.120054,0.0,0.0,-0.040969,-0.076047,0.0,0.0,30-39,static,Head Constable,left-wing extremism area,0
0.3927,0.30536,0.321726,0.345563,0.0,0.0,0.0,0.177778,0.335529,0.39735,0.359391,0.331984,0.25,0.25,0.25,0.25,0.0,0.066667,0.311111,0.155556,0.446429,0.438453,0.394234,0.380907,0.3879,0.373207,0.35803,0.373632,0.0,0.0,0.0,0.0,0.0,0.0,0.0,0.0,0.047137,-0.177778,0.003545,0.0,-0.155556,0.065522,0.014268,0.0,0.0,under-30,static,Constable,election duty,0
0.371,0.3611,0.378144,0.365077,0.0,0.0,0.0,0.155556,0.392871,0.42016,0.414331,0.391814,0.25,0.25,0.25,0.25,0.0,0.0,0.0,0.0,0.320029,0.359587,0.401982,0.371722,0.0,0.0,0.0,0.0,0.0,0.0,0.0,0.0,0.0,0.0,0.0,0.0,0.005923,-0.155556,0.001058,0.0,0.0,-0.051693,0.0,0.0,0.0,under-30,static,Constable,left-wing extremism area,0
0.4303,0.416583,0.378502,0.371145,0.0,0.0,0.0,0.0,0.291,0.30845,0.290852,0.324133,0.25,0.25,0.25,0.25,0.0,0.0,0.0,0.0,0.462129,0.39254,0.443,0.421874,0.6195,0.6195,0.560837,0.425746,0.389114,0.304747,0.332883,0.348576,0.0,0.0,0.0,0.0,0.059155,0.0,-0.033133,0.0,0.0,0.040255,0.193754,0.040538,0.0,30-39,static,Assistant Sub-Inspector,left-wing extremism area,0
0.390457,0.380243,0.38905,0.367676,0.0,0.0,0.0,0.077778,0.2473,0.294653,0.314824,0.299184,0.25,0.25,0.25,0.25,0.0,0.0,0.0,0.077778,0.273957,0.33851,0.363087,0.371106,0.291,0.291,0.291,0.328345,0.0,0.0,0.0,0.0,0.0,0.0,0.0,0.0,0.022781,-0.077778,-0.051884,0.0,-0.077778,-0.097149,-0.037345,0.0,0.0,30-39,static,Assistant Sub-Inspector,group centre,0
0.315529,0.366387,0.388362,0.388042,0.0,0.0,0.166667,0.183333,0.440171,0.402267,0.342924,0.343716,0.75,0.75,0.75,0.75,0.0,0.0,0.155556,0.077778,0.4075,0.35342,0.368221,0.378384,0.353,0.353,0.384707,0.320847,0.312257,0.304727,0.354268,0.357561,0.0,0.0,0.0,0.0,-0.072514,-0.183333,0.096455,0.0,-0.077778,0.029116,0.032153,-0.045304,0.0,40-plus,static,Sub-Inspector,left-wing extremism area,0
0.381,0.44342,0.441977,0.434448,0.0,0.0,0.388889,0.211111,0.569129,0.448147,0.482276,0.446641,0.25,0.25,0.25,0.25,0.0,0.0,0.0,0.0,0.315571,0.3397,0.373032,0.382935,0.620843,0.616747,0.473807,0.347353,0.437814,0.368383,0.401042,0.393859,0.0,0.0,0.0,0.0,-0.053448,-0.211111,0.122488,0.0,0.0,-0.067364,0.27349,0.043955,0.0,under-30,static,Constable,election duty,0
0.280543,0.37873,0.39515,0.414816,0.0,0.0,0.0,0.0,0.462471,0.41554,0.420766,0.433714,0.75,0.75,0.75,0.75,0.0,0.0,0.0,0.077778,0.366243,0.425073,0.47256,0.461828,0.4301,0.4301,0.441481,0.443996,0.0,0.0,0.0,0.0,0.0,0.0,0.0,0.0,-0.134273,0.0,0.028758,0.0,-0.077778,-0.095585,-0.013896,0.0,0.0,30-39,static,Sub-Inspector,internal security duty,0
0.343486,0.34321,0.350926,0.355515,0.0,0.0,0.344444,0.172222,0.1957,0.29128,0.293627,0.348117,0.25,0.25,0.25,0.25,0.0,0.0,0.0,0.0,0.493786,0.414257,0.367246,0.376617,0.2336,0.2336,0.2336,0.239853,0.0,0.0,0.0,0.0,0.0,0.0,0.0,0.0,-0.012029,-0.172222,-0.152417,0.0,0.0,0.117169,-0.006253,0.0,0.0,30-39,static,Assistant Sub-Inspector,law and order deployment,0
0.477329,0.444167,0.382789,0.394089,0.0,0.0,0.377778,0.188889,0.4825,0.411593,0.382909,0.38995,0.75,0.75,0.75,0.75,0.0,0.0,0.0,0.0,0.4138,0.470083,0.419906,0.38827,0.0,0.0,0.0,0.0,0.0,0.0,0.0,0.0,0.0,0.0,0.0,0.0,0.08324,-0.188889,0.09255,0.0,0.0,0.02553,0.0,0.0,0.0,40-plus,static,Inspector,election duty,0
0.2633,0.323513,0.370203,0.366846,0.0,0.0,0.0,0.0,0.4914,0.450237,0.398502,0.357297,0.75,0.75,0.75,0.75,0.0,0.0,0.0,0.0,0.218071,0.32312,0.34984,0.362164,0.2933,0.2933,0.294286,0.327851,0.0,0.0,0.0,0.0,0.0,0.0,0.0,0.0,-0.103546,0.0,0.134103,0.0,0.0,-0.144092,-0.034551,0.0,0.0,under-30,static,Constable,internal security duty,0
0.4031,0.3509,0.355701,0.367663,0.0,0.0,0.444444,0.222222,0.308086,0.357327,0.375269,0.391156,0.25,0.25,0.25,0.25,0.0,0.0,0.0,0.0,0.2832,0.407373,0.372102,0.414862,0.0,0.0,0.0,0.0,0.465071,0.410347,0.414816,0.403332,0.0,0.0,0.0,0.0,0.035437,-0.222222,-0.08307,0.0,0.0,-0.131662,0.0,0.06174,0.0,under-30,static,Constable,law and order deployment,0
0.490414,0.531387,0.461226,0.407712,0.0,0.0,0.077778,0.2,0.329829,0.410567,0.423757,0.391938,0.25,0.25,0.25,0.25,0.0,0.0,0.155556,0.077778,0.381514,0.48644,0.415258,0.389076,0.0,0.0,0.0,0.0,0.0,0.0,0.0,0.0,0.0,0.0,0.0,0.0,0.082703,-0.2,-0.062109,0.0,-0.077778,-0.007562,0.0,0.0,0.0,under-30,static,Constable,left-wing extremism area,0
0.410457,0.344177,0.34394,0.370039,0.0,0.0,0.0,0.188889,0.405414,0.36075,0.392437,0.376897,0.25,0.25,0.25,0.25,0.0,0.0,0.0,0.0,0.440143,0.377303,0.419438,0.399345,0.0,0.0,0.0,0.0,0.418914,0.368923,0.382543,0.360677,0.0,0.0,0.0,0.0,0.040418,-0.188889,0.028518,0.0,0.0,0.040798,0.0,0.058238,0.0,30-39,static,Assistant Sub-Inspector,internal security duty,0
0.5419,0.508407,0.493423,0.4682,0.0,0.0,0.0,0.0,0.488,0.43725,0.388582,0.403565,0.25,0.25,0.25,0.25,0.0,0.0,0.0,0.077778,0.3701,0.39587,0.408058,0.413202,0.0,0.0,0.0,0.0,0.432243,0.37557,0.399594,0.404443,0.0,0.0,0.0,0.0,0.0737,0.0,0.084435,0.0,-0.077778,-0.043102,0.0,0.0278,0.0,under-30,static,Head Constable,election duty,0
0.445243,0.337063,0.412058,0.399277,0.0,0.4,0.377778,0.188889,0.3226,0.433033,0.36539,0.340852,0.25,0.25,0.25,0.25,0.0,0.466667,0.155556,0.077778,0.3365,0.366807,0.364187,0.348349,0.0,0.0,0.0,0.0,0.0,0.0,0.0,0.0,0.0,0.0,0.0,0.0,0.045966,-0.188889,-0.018252,0.0,-0.077778,-0.011849,0.0,0.0,0.0,under-30,static,Head Constable,left-wing extremism area,0
0.3524,0.42132,0.366702,0.377357,0.0,0.0,0.0,0.0,0.464857,0.41186,0.436969,0.392564,0.75,0.75,0.75,0.75,0.0,0.0,0.0,0.0,0.3341,0.291527,0.369804,0.369063,0.4128,0.388377,0.430793,0.371847,0.356371,0.330707,0.35971,0.368407,0.0,0.0,0.0,0.0,-0.024957,0.0,0.072293,0.0,0.0,-0.034963,0.040953,-0.012035,0.0,30-39,static,Assistant Sub-Inspector,left-wing extremism area,0
0.316486,0.34422,0.418268,0.428323,0.0,0.0,0.0,0.0,0.3657,0.372313,0.37598,0.386696,0.25,0.25,0.25,0.25,0.0,0.0,0.0,0.0,0.565429,0.5146,0.448558,0.410568,0.4634,0.43784,0.394937,0.326268,0.0,0.0,0.0,0.0,0.0,0.0,0.0,0.0,-0.111837,0.0,-0.020996,0.0,0.0,0.154861,0.137132,0.0,0.0,30-39,static,Assistant Sub-Inspector,left-wing extremism area,0
0.4165,0.431847,0.393491,0.372416,0.0,0.0,0.0,0.0,0.301071,0.293707,0.364576,0.390988,0.25,0.25,0.25,0.25,0.0,0.0,0.155556,0.077778,0.437343,0.385713,0.338679,0.345864,0.5114,0.5114,0.378719,0.375124,0.326971,0.28509,0.327197,0.324128,0.0,0.0,0.0,0.0,0.044084,0.0,-0.089916,0.0,-0.077778,0.091479,0.136276,0.002844,0.0,30-39,static,Head Constable,internal security duty,0
0.371343,0.34537,0.337097,0.363552,0.0,0.133333,0.422222,0.211111,0.468743,0.4966,0.444011,0.423451,0.25,0.25,0.25,0.25,0.0,0.0,0.0,0.0,0.465471,0.511183,0.459481,0.439231,0.3011,0.43239,0.462962,0.420718,0.0,0.0,0.0,0.0,0.0,0.0,0.0,0.0,0.007791,-0.211111,0.045292,0.0,0.0,0.02624,-0.119618,0.0,0.0,40-plus,static,Inspector,law and order deployment,0
0.398757,0.330403,0.347816,0.374414,0.0,0.0,0.0,0.0,0.4316,0.357373,0.342437,0.344585,0.25,0.25,0.25,0.25,0.0,0.0,0.311111,0.155556,0.295329,0.360103,0.364656,0.37021,0.0,0.0,0.0,0.0,0.329886,0.306617,0.342533,0.344788,0.0,0.0,0.0,0.0,0.024343,0.0,0.087015,0.0,-0.155556,-0.074881,0.0,-0.014902,0.0,under-30,static,Constable,group centre,0
0.4595,0.317317,0.322679,0.348769,0.0,0.0,0.0,0.0,0.287886,0.27168,0.289619,0.327299,0.25,0.25,0.25,0.25,0.0,0.466667,0.155556,0.077778,0.313457,0.299477,0.35727,0.355826,0.0,0.0,0.0,0.0,0.382957,0.301917,0.34357,0.347104,0.0,0.0,0.0,0.0,0.110731,0.0,-0.039413,0.0,-0.077778,-0.042369,0.0,0.035853,0.0,40-plus,static,Inspector,left-wing extremism area,0
0.429,0.440773,0.474676,0.435291,0.0,0.0,0.0,0.211111,0.583286,0.47945,0.444184,0.417074,0.25,0.25,0.25,0.25,0.0,0.0,0.0,0.0,0.4638,0.390997,0.383121,0.400735,0.3142,0.3294,0.460944,0.505413,0.0,0.0,0.0,0.0,0.0,0.0,0.0,0.0,-0.006291,-0.211111,0.166212,0.0,0.0,0.063065,-0.191213,0.0,0.0,30-39,static,Assistant Sub-Inspector,law and order deployment,0
0.428286,0.417377,0.378463,0.363111,0.0,0.0,0.366667,0.183333,0.409143,0.436873,0.362613,0.388796,0.25,0.25,0.25,0.25,0.0,0.0,0.0,0.0,0.382771,0.395307,0.390579,0.3588,0.2859,0.2859,0.287811,0.275393,0.0,0.0,0.0,0.0,0.0,0.0,0.0,0.0,0.065175,-0.183333,0.020347,0.0,0.0,0.023971,0.010507,0.0,0.0,under-30,static,Constable,group centre,0
0.3135,0.355273,0.392283,0.380291,0.0,0.0,0.0,0.0,0.5389,0.404697,0.382188,0.40294,0.25,0.25,0.25,0.25,0.0,0.0,0.0,0.0,0.339029,0.393967,0.371053,0.388282,0.0,0.0,0.0,0.0,0.386929,0.35953,0.375974,0.370052,0.0,0.0,0.0,0.0,-0.066791,0.0,0.13596,0.0,0.0,-0.049254,0.0,0.016876,0.0,40-plus,static,Inspector,left-wing extremism area,0
0.3609,0.4286,0.436154,0.436006,0.0,0.0,0.433333,0.227778,0.427929,0.447583,0.41705,0.411757,0.75,0.75,0.75,0.75,0.0,0.0,0.022222,0.155556,0.499171,0.54929,0.503753,0.483061,0.0,0.0,0.0,0.0,0.0,0.0,0.0,0.0,0.0,0.0,0.0,0.0,-0.075106,-0.227778,0.016171,0.0,-0.155556,0.016111,0.0,0.0,0.0,40-plus,static,Inspector,election duty,0
0.3412,0.43322,0.361818,0.365481,0.0,0.0,0.0,0.177778,0.356714,0.491997,0.385578,0.400148,0.75,0.75,0.75,0.75,0.0,0.0,0.0,0.0,0.4618,0.419067,0.376767,0.360969,0.2922,0.2922,0.255041,0.276716,0.342957,0.305737,0.334539,0.340747,0.0,0.0,0.0,0.0,-0.024281,-0.177778,-0.043434,0.0,0.0,0.100831,0.015484,0.00221,0.0,40-plus,static,Assistant Commandant,left-wing extremism area,0
0.2859,0.38575,0.398022,0.369038,0.0,0.0,0.0,0.161111,0.313386,0.348673,0.333633,0.354416,0.25,0.25,0.25,0.25,0.0,0.0,0.0,0.0,0.173529,0.28876,0.322363,0.327086,0.2926,0.34355,0.315631,0.320028,0.0,0.0,0.0,0.0,0.0,0.0,0.0,0.0,-0.083138,-0.161111,-0.04103,0.0,0.0,-0.153557,-0.027428,0.0,0.0,30-39,static,Assistant Sub-Inspector,internal security duty,0
0.5092,0.41547,0.410336,0.405612,0.0,0.0,0.0,0.0,0.4596,0.425257,0.378258,0.380788,0.75,0.75,0.75,0.75,0.0,0.0,0.111111,0.077778,0.306,0.353627,0.433922,0.416533,0.3202,0.3202,0.3202,0.33272,0.369786,0.33685,0.362867,0.367976,0.0,0.0,0.0,0.0,0.103588,0.0,0.078812,0.0,-0.077778,-0.110533,-0.01252,0.00181,0.0,40-plus,static,Inspector,law and order deployment,0
0.466414,0.367367,0.301116,0.318998,0.0,0.0,0.322222,0.161111,0.309414,0.36444,0.354194,0.341561,0.25,0.25,0.25,0.25,0.0,0.0,0.0,0.0,0.1989,0.25194,0.264852,0.275541,0.0,0.0,0.0,0.0,0.357671,0.30069,0.3303,0.327464,0.0,0.0,0.0,0.0,0.147417,-0.161111,-0.032147,0.0,0.0,-0.076641,0.0,0.030208,0.0,40-plus,static,Assistant Commandant,left-wing extremism area,0
0.2391,0.417543,0.402293,0.415818,0.0,0.0,0.422222,0.211111,0.471314,0.44504,0.440128,0.427127,0.75,0.75,0.75,0.75,0.0,0.466667,0.155556,0.077778,0.543014,0.466013,0.466572,0.45666,0.6386,0.6386,0.6386,0.568818,0.0,0.0,0.0,0.0,0.0,0.0,0.0,0.0,-0.176718,-0.211111,0.044187,0.0,-0.077778,0.086354,0.069782,0.0,0.0,40-plus,static,Assistant Commandant,election duty,0
0.361671,0.352177,0.382277,0.41779,0.0,0.366667,0.433333,0.216667,0.402629,0.45429,0.426916,0.438249,0.25,0.25,0.25,0.25,0.0,0.0,0.155556,0.077778,0.3712,0.297613,0.359766,0.394414,0.1085,0.26327,0.30749,0.360595,0.0,0.0,0.0,0.0,0.0,0.0,0.0,0.0,-0.056119,-0.216667,-0.03562,0.0,-0.077778,-0.023214,-0.252095,0.0,0.0,under-30,static,Constable,internal security duty,0
0.533,0.39913,0.33003,0.323537,0.0,0.0,0.0,0.172222,0.4093,0.348567,0.335529,0.345231,0.25,0.25,0.25,0.25,0.0,0.0,0.0,0.077778,0.250543,0.32789,0.339307,0.354058,0.1666,0.1666,0.21261,0.248816,0.281114,0.286187,0.316526,0.30881,0.0,0.0,0.0,0.0,0.209463,-0.172222,0.064069,0.0,-0.077778,-0.103515,-0.082216,-0.027696,0.0,30-39,static,Head Constable,election duty,0
0.5476,0.4172,0.409059,0.398602,0.0,0.0,0.0,0.105556,0.279671,0.328933,0.368952,0.372162,0.75,0.75,0.75,0.75,0.0,0.0,0.0,0.077778,0.372714,0.34936,0.347203,0.349566,0.0,0.0,0.0,0.0,0.0,0.0,0.0,0.0,0.0,0.0,0.0,0.0,0.148998,-0.105556,-0.09249,0.0,-0.077778,0.023148,0.0,0.0,0.0,30-39,static,Assistant Sub-Inspector,left-wing extremism area,0
0.412157,0.40833,0.383486,0.405896,0.0,0.533333,0.433333,0.216667,0.548371,0.49302,0.462551,0.444634,0.25,0.25,0.25,0.25,0.0,0.0,0.0,0.0,0.514629,0.47973,0.429729,0.437395,0.4051,0.4051,0.432322,0.399463,0.3396,0.37362,0.387106,0.403541,0.0,0.0,0.0,0.0,0.006262,-0.216667,0.103738,0.0,0.0,0.077234,0.005637,-0.063941,0.0,40-plus,static,Assistant Commandant,internal security duty,0
0.333214,0.40993,0.443632,0.441092,0.0,0.0,0.0,0.211111,0.425629,0.505717,0.417833,0.417652,0.25,0.25,0.25,0.25,0.0,0.0,0.0,0.077778,0.322629,0.34262,0.422197,0.427585,0.357286,0.30398,0.27986,0.325423,0.4344,0.36002,0.39096,0.383346,0.0,0.0,0.0,0.0,-0.107878,-0.211111,0.007977,0.0,-0.077778,-0.104956,0.031862,0.051054,0.0,under-30,static,Head Constable,left-wing extremism area,0
0.638571,0.64197,0.56223,0.472374,0.2943,0.2943,0.484387,0.242193,0.5985,0.690967,0.594154,0.480441,0.25,0.25,0.25,0.25,0.0,0.0,0.155556,0.077778,0.5273,0.643257,0.606358,0.471553,0.1816,0.1816,0.232311,0.260555,0.350771,0.296927,0.340778,0.346284,0.0,0.0,0.0,0.0,0.166197,0.052107,0.118059,0.0,-0.077778,0.055747,-0.078955,0.004488,0.0,40-plus,surged,Assistant Commandant,internal security duty,0
0.2403,0.244677,0.323977,0.356042,0.0,0.0,0.0,0.177778,0.310271,0.421607,0.400959,0.381053,0.75,0.75,0.75,0.75,0.0,0.0,0.0,0.077778,0.490871,0.438853,0.386649,0.384641,0.0,0.0,0.0,0.0,0.399214,0.329787,0.355249,0.337503,0.0,0.0,0.0,0.0,-0.115742,-0.177778,-0.070782,0.0,-0.077778,0.10623,0.0,0.061712,0.0,40-plus,static,Inspector,left-wing extremism area,0
0.2439,0.254727,0.25336,0.275466,0.0,0.0,0.0,0.083333,0.448057,0.369803,0.359674,0.358988,0.25,0.25,0.25,0.25,0.0,0.0,0.0,0.0,0.232443,0.28525,0.275283,0.299257,0.0,0.0,0.0,0.0,0.366229,0.292457,0.334001,0.311363,0.0,0.0,0.0,0.0,-0.031566,-0.083333,0.089069,0.0,0.0,-0.066814,0.0,0.054865,0.0,40-plus,static,Inspector,left-wing extremism area,0
0.524429,0.524573,0.490276,0.445052,0.0,0.0,0.0,0.0,0.264629,0.331997,0.360768,0.381447,0.75,0.75,0.75,0.75,0.0,0.0,0.0,0.0,0.3586,0.384417,0.415524,0.38386,0.5566,0.530327,0.285109,0.332178,0.0,0.0,0.0,0.0,0.0,0.0,0.0,0.0,0.079376,0.0,-0.116818,0.0,0.0,-0.02526,0.224422,0.0,0.0,30-39,static,Sub-Inspector,election duty,0
0.2836,0.314493,0.324514,0.319416,0.0,0.0,0.366667,0.183333,0.350343,0.321847,0.319231,0.354446,0.25,0.25,0.25,0.25,0.0,0.0,0.0,0.0,0.396171,0.281807,0.361534,0.357171,0.2791,0.2791,0.338067,0.364363,0.0,0.0,0.0,0.0,0.0,0.0,0.0,0.0,-0.035816,-0.183333,-0.004103,0.0,0.0,0.039,-0.085263,0.0,0.0,30-39,static,Head Constable,group centre,0
0.399086,0.355837,0.368561,0.387775,0.0,0.0,0.0,0.0,0.472,0.443977,0.412947,0.433179,0.75,0.75,0.75,0.75,0.0,0.0,0.0,0.0,0.4687,0.47693,0.399611,0.406555,0.0,0.0,0.0,0.0,0.324571,0.321747,0.376293,0.369501,0.0,0.0,0.0,0.0,0.011311,0.0,0.038821,0.0,0.0,0.062145,0.0,-0.04493,0.0,30-39,static,Sub-Inspector,left-wing extremism area,0
0.517529,0.473253,0.486447,0.465053,0.0,0.0,0.155556,0.488889,0.589,0.563893,0.531476,0.495028,0.25,0.25,0.25,0.25,0.0,0.0,0.0,0.0,0.473257,0.38801,0.493442,0.484537,0.0,0.0,0.0,0.0,0.0,0.0,0.0,0.0,0.0,0.0,0.0,0.0,0.052475,-0.488889,0.093972,0.0,0.0,-0.01128,0.0,0.0,0.0,30-39,static,Assistant Sub-Inspector,law and order deployment,1
0.297386,0.37728,0.413417,0.468966,0.0,0.0,0.0,0.0,0.371571,0.39142,0.41976,0.434099,0.75,0.75,0.75,0.75,0.0,0.0,0.0,0.0,0.416757,0.41743,0.446703,0.405083,0.0,0.0,0.0,0.0,0.4678,0.41933,0.449748,0.443799,0.0,0.0,0.0,0.0,-0.17158,0.0,-0.062528,0.0,0.0,0.011674,0.0,0.024001,0.0,40-plus,static,Inspector,election duty,0
0.265757,0.349567,0.341724,0.321647,0.0,0.0,0.0,0.155556,0.435914,0.394763,0.333879,0.334171,0.25,0.25,0.25,0.25,0.0,0.0,0.0,0.0,0.340229,0.306503,0.352472,0.348267,0.0,0.0,0.0,0.0,0.366414,0.30391,0.299879,0.309308,0.0,0.0,0.0,0.0,-0.05589,-0.155556,0.101744,0.0,0.0,-0.008038,0.0,0.057107,0.0,30-39,static,Assistant Sub-Inspector,law and order deployment,0
0.2294,0.417873,0.389246,0.409932,0.0,0.0,0.0,0.0,0.300771,0.297377,0.383873,0.351043,0.25,0.25,0.25,0.25,0.0,0.0,0.0,0.077778,0.2524,0.274507,0.349243,0.370629,0.4526,0.4526,0.334108,0.347738,0.0,0.0,0.0,0.0,0.0,0.0,0.0,0.0,-0.180532,0.0,-0.050272,0.0,-0.077778,-0.118229,0.104862,0.0,0.0,30-39,static,Head Constable,election duty,0
0.250043,0.438203,0.443412,0.437947,0.0,0.0,0.0,0.0,0.574143,0.491377,0.421337,0.367587,0.25,0.25,0.25,0.25,0.0,0.0,0.0,0.15,0.2765,0.366087,0.348996,0.391424,0.3947,0.431183,0.473194,0.449942,0.0,0.0,0.0,0.0,0.0,0.0,0.0,0.0,-0.187904,0.0,0.206556,0.0,-0.15,-0.114924,-0.055242,0.0,0.0,40-plus,static,Inspector,left-wing extremism area,0
0.406929,0.405487,0.390042,0.364879,0.0,0.0,0.0,0.066667,0.506,0.42517,0.382882,0.374231,0.25,0.25,0.25,0.25,0.0,0.0,0.0,0.0,0.2742,0.311717,0.362666,0.374066,0.5326,0.5326,0.488646,0.418663,0.404543,0.355963,0.382934,0.377271,0.0,0.0,0.0,0.0,0.04205,-0.066667,0.131769,0.0,0.0,-0.099866,0.113937,0.027272,0.0,40-plus,static,Inspector,group centre,0
0.4457,0.361877,0.397792,0.405517,0.0,0.0,0.0,0.216667,0.390729,0.36792,0.417151,0.433011,0.75,0.75,0.75,0.75,0.0,0.0,0.155556,0.077778,0.5269,0.50473,0.442193,0.437061,0.3852,0.417237,0.509937,0.5112,0.0,0.0,0.0,0.0,0.0,0.0,0.0,0.0,0.040183,-0.216667,-0.042283,0.0,-0.077778,0.089839,-0.126,0.0,0.0,30-39,static,Assistant Sub-Inspector,election duty,0
0.4034,0.413037,0.364864,0.353536,0.0,0.0,0.0,0.177778,0.3329,0.40346,0.374014,0.353982,0.75,0.75,0.75,0.75,0.0,0.0,0.0,0.077778,0.2819,0.28913,0.286419,0.291113,0.4024,0.4024,0.4024,0.32819,0.0,0.0,0.0,0.0,0.0,0.0,0.0,0.0,0.049864,-0.177778,-0.021082,0.0,-0.077778,-0.009213,0.07421,0.0,0.0,40-plus,static,Sub-Inspector,group centre,0
0.2988,0.359607,0.397473,0.36806,0.0,0.5,0.355556,0.177778,0.341486,0.290067,0.300183,0.314132,0.25,0.25,0.25,0.25,0.0,0.0,0.0,0.077778,0.4772,0.423813,0.364668,0.359432,0.0,0.0,0.0,0.0,0.0,0.0,0.0,0.0,0.0,0.0,0.0,0.0,-0.06926,-0.177778,0.027353,0.0,-0.077778,0.117768,0.0,0.0,0.0,40-plus,static,Inspector,election duty,0
0.355129,0.39209,0.430191,0.428014,0.0,0.0,0.344444,0.233333,0.320929,0.359663,0.452637,0.469909,0.25,0.25,0.25,0.25,0.0,0.0,0.0,0.0,0.2926,0.465887,0.467936,0.447541,0.533343,0.428603,0.350934,0.372389,0.0,0.0,0.0,0.0,0.0,0.0,0.0,0.0,-0.072886,-0.233333,-0.148981,0.0,0.0,-0.154941,0.160954,0.0,0.0,30-39,static,Assistant Sub-Inspector,group centre,0
0.199929,0.37619,0.353324,0.351034,0.0,0.133333,0.311111,0.155556,0.279157,0.30366,0.339452,0.307732,0.25,0.25,0.25,0.25,0.0,0.0,0.0,0.0,0.440414,0.33601,0.363966,0.335544,0.0,0.0,0.0,0.0,0.390857,0.32546,0.320481,0.305927,0.0,0.0,0.0,0.0,-0.151106,-0.155556,-0.028575,0.0,0.0,0.10487,0.0,0.08493,0.0,under-30,static,Head Constable,left-wing extremism area,0
0.289857,0.360697,0.363671,0.362427,0.0,0.0,0.0,0.166667,0.1754,0.348433,0.293199,0.319859,0.25,0.25,0.25,0.25,0.0,0.0,0.0,0.0,0.3322,0.276927,0.378531,0.400361,0.0,0.0,0.0,0.0,0.0,0.0,0.0,0.0,0.0,0.0,0.0,0.0,-0.07257,-0.166667,-0.144459,0.0,0.0,-0.068161,0.0,0.0,0.0,40-plus,static,Sub-Inspector,left-wing extremism area,0
0.3286,0.427517,0.359713,0.365868,0.0,0.0,0.0,0.033333,0.250286,0.25752,0.302016,0.334311,0.25,0.25,0.25,0.25,0.0,0.0,0.0,0.0,0.439429,0.397193,0.43108,0.413474,0.4243,0.4243,0.408118,0.392865,0.328,0.3269,0.331907,0.332922,0.0,0.0,0.0,0.0,-0.037268,-0.033333,-0.084025,0.0,0.0,0.025954,0.031435,-0.004922,0.0,30-39,static,Assistant Sub-Inspector,group centre,0
0.401586,0.407913,0.324136,0.342667,0.0,0.0,0.0,0.161111,0.416886,0.27539,0.275601,0.308137,0.25,0.25,0.25,0.25,0.0,0.0,0.0,0.0,0.258143,0.361137,0.347459,0.348724,0.2097,0.21523,0.24841,0.201026,0.0,0.0,0.0,0.0,0.0,0.0,0.0,0.0,0.058918,-0.161111,0.108748,0.0,0.0,-0.090582,0.008674,0.0,0.0,40-plus,static,Assistant Commandant,group centre,0
0.2225,0.32376,0.381941,0.373629,0.0,0.0,0.0,0.0,0.2711,0.29982,0.350579,0.371237,0.25,0.25,0.25,0.25,0.0,0.0,0.155556,0.077778,0.5427,0.405973,0.390921,0.391459,0.0,0.0,0.0,0.0,0.324829,0.32588,0.339539,0.349659,0.0,0.0,0.0,0.0,-0.151129,0.0,-0.100137,0.0,-0.077778,0.151241,0.0,-0.024831,0.0,under-30,static,Constable,election duty,0
0.341943,0.398677,0.436109,0.496446,0.0,0.0,0.0,0.233333,0.4952,0.424487,0.435798,0.446703,0.25,0.25,0.25,0.25,0.0,0.0,0.0,0.0,0.520657,0.512237,0.459247,0.435728,0.0,0.0,0.0,0.0,0.4575,0.41467,0.416939,0.420834,0.0,0.0,0.0,0.0,-0.154503,-0.233333,0.048497,0.0,0.0,0.084929,0.0,0.036666,0.0,30-39,static,Assistant Sub-Inspector,left-wing extremism area,0
0.2017,0.208063,0.263918,0.253431,0.0,0.0,0.322222,0.161111,0.2388,0.265147,0.323749,0.331169,0.25,0.25,0.25,0.25,0.0,0.0,0.0,0.077778,0.4431,0.332887,0.304869,0.312051,0.0,0.0,0.0,0.0,0.390729,0.28903,0.320526,0.313273,0.0,0.0,0.0,0.0,-0.051731,-0.161111,-0.092369,0.0,-0.077778,0.131049,0.0,0.077455,0.0,30-39,static,Assistant Sub-Inspector,internal security duty,0
0.394143,0.40292,0.367436,0.400058,0.0,0.0,0.388889,0.211111,0.4259,0.46338,0.477293,0.438835,0.25,0.25,0.25,0.25,0.0,0.0,0.0,0.0,0.264714,0.33887,0.379443,0.40947,0.3504,0.3504,0.44215,0.400879,0.0,0.0,0.0,0.0,0.0,0.0,0.0,0.0,-0.005915,-0.211111,-0.012935,0.0,0.0,-0.144756,-0.050479,0.0,0.0,40-plus,static,Inspector,election duty,0
0.408114,0.439657,0.349283,0.3116,0.0,0.0,0.0,0.0,0.390457,0.394083,0.341766,0.336391,0.75,0.75,0.75,0.75,0.0,0.0,0.0,0.0,0.501929,0.35292,0.367687,0.37255,0.0,0.0,0.0,0.0,0.419129,0.345247,0.343641,0.344843,0.0,0.0,0.0,0.0,0.096514,0.0,0.054066,0.0,0.0,0.129379,0.0,0.074286,0.0,30-39,static,Head Constable,internal security duty,0
0.2566,0.311213,0.343057,0.380876,0.0,0.0,0.166667,0.194444,0.4646,0.428923,0.423109,0.387725,0.75,0.75,0.75,0.75,0.0,0.0,0.0,0.0,0.265986,0.335363,0.390399,0.38363,0.4721,0.33952,0.305906,0.305906,0.405871,0.369133,0.388382,0.374054,0.0,0.0,0.0,0.0,-0.124276,-0.194444,0.076875,0.0,0.0,-0.117644,0.166194,0.031818,0.0,under-30,static,Head Constable,left-wing extremism area,0
0.399029,0.448537,0.323831,0.293458,0.0,0.0,0.0,0.161111,0.279,0.296727,0.304191,0.345775,0.75,0.75,0.75,0.75,0.0,0.0,0.155556,0.077778,0.414971,0.389033,0.327823,0.349667,0.0,0.0,0.0,0.0,0.0,0.0,0.0,0.0,0.0,0.0,0.0,0.0,0.105571,-0.161111,-0.066775,0.0,-0.077778,0.065305,0.0,0.0,0.0,40-plus,static,Inspector,internal security duty,0
0.5147,0.513923,0.421398,0.392661,0.0,0.0,0.0,0.0,0.453829,0.398113,0.39486,0.397507,0.25,0.25,0.25,0.25,0.0,0.0,0.0,0.0,0.2987,0.313603,0.349902,0.372032,0.0,0.0,0.0,0.0,0.0,0.0,0.0,0.0,0.0,0.0,0.0,0.0,0.122039,0.0,0.056322,0.0,0.0,-0.073332,0.0,0.0,0.0,40-plus,static,Inspector,left-wing extremism area,0
0.355114,0.315247,0.365456,0.381468,0.0,0.0,0.0,0.0,0.5459,0.429553,0.413848,0.438405,0.75,0.75,0.75,0.75,0.0,0.0,0.0,0.0,0.305157,0.387657,0.4281,0.411545,0.437457,0.4161,0.411767,0.475079,0.0,0.0,0.0,0.0,0.0,0.0,0.0,0.0,-0.026353,0.0,0.107495,0.0,0.0,-0.106388,-0.037622,0.0,0.0,40-plus,static,Sub-Inspector,law and order deployment,0
0.287614,0.26195,0.28057,0.321686,0.0,0.5,0.322222,0.161111,0.400214,0.373027,0.331187,0.30673,0.25,0.25,0.25,0.25,0.0,0.0,0.0,0.0,0.2191,0.229167,0.257459,0.290407,0.3131,0.297167,0.237361,0.237361,0.0,0.0,0.0,0.0,0.0,0.0,0.0,0.0,-0.034071,-0.161111,0.093484,0.0,0.0,-0.071307,0.075739,0.0,0.0,30-39,static,Assistant Sub-Inspector,law and order deployment,0
0.460286,0.562447,0.50748,0.400074,0.1738,0.1738,0.117798,0.108899,0.4737,0.453363,0.451794,0.392281,0.25,0.25,0.25,0.25,0.0,0.0,0.0,0.077778,0.397343,0.475407,0.420146,0.406353,0.0,0.0,0.0,0.0,0.0,0.0,0.0,0.0,0.0,0.0,0.0,0.0,0.060212,0.064901,0.081419,0.0,-0.077778,-0.00901,0.0,0.0,0.0,under-30,surged,Constable,internal security duty,0
0.733771,0.693713,0.540252,0.434941,0.3041,0.3041,0.496494,0.248247,0.5856,0.595913,0.537156,0.446832,0.25,0.25,0.25,0.25,0.0,0.0,0.0,0.0,0.8189,0.701767,0.597041,0.474697,0.1632,0.1632,0.30608,0.308458,0.359971,0.322513,0.340039,0.347724,0.0,0.0,0.0,0.0,0.29883,0.055853,0.138768,0.0,0.0,0.344203,-0.145258,0.012247,0.0,30-39,surged,Assistant Sub-Inspector,internal security duty,0
0.3685,0.42905,0.392707,0.360713,0.1454,0.1454,0.20966,0.20483,0.3821,0.395657,0.434726,0.375736,0.25,0.25,0.25,0.25,0.0,0.0,0.0,0.077778,0.522543,0.530413,0.413137,0.350368,0.0,0.0,0.0,0.0,0.355057,0.304023,0.318151,0.327889,0.0,0.0,0.0,0.0,0.007787,-0.05943,0.006364,0.0,-0.077778,0.172175,0.0,0.027168,0.0,30-39,surged,Assistant Sub-Inspector,internal security duty,0
0.439643,0.332527,0.356528,0.363088,0.0,0.0,0.0,0.188889,0.430471,0.482657,0.459153,0.4062,0.25,0.25,0.25,0.25,0.0,0.0,0.0,0.0,0.391571,0.4119,0.390247,0.387894,0.0,0.0,0.0,0.0,0.0,0.0,0.0,0.0,0.0,0.0,0.0,0.0,0.076555,-0.188889,0.024271,0.0,0.0,0.003677,0.0,0.0,0.0,40-plus,static,Inspector,law and order deployment,0
0.454286,0.47633,0.466729,0.435722,0.0,0.0,0.0,0.205556,0.329,0.512883,0.50108,0.435047,0.25,0.25,0.25,0.25,0.0,0.0,0.0,0.0,0.480143,0.437087,0.425978,0.412502,0.3561,0.3561,0.3561,0.363376,0.426186,0.344987,0.368489,0.371842,0.0,0.0,0.0,0.0,0.018564,-0.205556,-0.106047,0.0,0.0,0.067641,-0.007276,0.054344,0.0,40-plus,static,Assistant Commandant,internal security duty,0
0.574471,0.487827,0.418603,0.420353,0.0,0.0,0.0,0.0,0.3548,0.34084,0.368689,0.366333,0.75,0.75,0.75,0.75,0.0,0.0,0.0,0.0,0.384371,0.447463,0.42973,0.434038,0.0,0.0,0.0,0.0,0.352186,0.37468,0.383559,0.38471,0.0,0.0,0.0,0.0,0.154119,0.0,-0.011533,0.0,0.0,-0.049667,0.0,-0.032524,0.0,under-30,static,Constable,law and order deployment,0
0.526271,0.525757,0.494787,0.415466,0.0,0.066667,0.433333,0.216667,0.436386,0.52578,0.460111,0.438857,0.25,0.25,0.25,0.25,0.0,0.0,0.0,0.077778,0.339814,0.42916,0.438747,0.438788,0.5802,0.5802,0.54424,0.448224,0.0,0.0,0.0,0.0,0.0,0.0,0.0,0.0,0.110806,-0.216667,-0.002472,0.0,-0.077778,-0.098974,0.131976,0.0,0.0,30-39,static,Sub-Inspector,law and order deployment,0
0.459829,0.540187,0.507991,0.421824,0.182,0.182,0.4536,0.2268,0.5456,0.610927,0.471968,0.446615,0.25,0.25,0.25,0.25,0.0,0.0,0.0,0.0,0.467514,0.5548,0.530902,0.465722,0.4315,0.417633,0.380433,0.407861,0.0,0.0,0.0,0.0,0.0,0.0,0.0,0.0,0.038005,-0.0448,0.098985,0.0,0.0,0.001793,0.023639,0.0,0.0,30-39,surged,Assistant Sub-Inspector,internal security duty,0
0.349414,0.31318,0.361439,0.352728,0.0,0.0,0.0,0.177778,0.363271,0.372043,0.358882,0.369919,0.25,0.25,0.25,0.25,0.0,0.0,0.0,0.0,0.4532,0.36005,0.317998,0.347611,0.0,0.0,0.0,0.0,0.0,0.0,0.0,0.0,0.0,0.0,0.0,0.0,-0.003313,-0.177778,-0.006648,0.0,0.0,0.105589,0.0,0.0,0.0,under-30,static,Head Constable,group centre,0
0.445814,0.386137,0.432669,0.388258,0.0,0.0,0.0,0.194444,0.3104,0.312563,0.375641,0.395891,0.25,0.25,0.25,0.25,0.0,0.0,0.0,0.0,0.495686,0.490833,0.434462,0.426526,0.4125,0.22515,0.31594,0.341874,0.449357,0.342333,0.352967,0.362407,0.0,0.0,0.0,0.0,0.057557,-0.194444,-0.085491,0.0,0.0,0.06916,0.070626,0.08695,0.0,under-30,static,Constable,law and order deployment,0
0.4495,0.356313,0.384866,0.396186,0.0,0.0,0.0,0.0,0.424986,0.393487,0.384407,0.418977,0.75,0.75,0.75,0.75,0.0,0.0,0.0,0.0,0.3068,0.43263,0.378904,0.39177,0.0,0.0,0.0,0.0,0.402271,0.366767,0.38541,0.391291,0.0,0.0,0.0,0.0,0.053314,0.0,0.006008,0.0,0.0,-0.08497,0.0,0.01098,0.0,40-plus,static,Assistant Commandant,law and order deployment,0
0.4703,0.430207,0.384002,0.35812,0.0,0.0,0.0,0.161111,0.5405,0.452067,0.418266,0.404193,0.25,0.25,0.25,0.25,0.0,0.0,0.0,0.055556,0.469586,0.442257,0.400452,0.362022,0.183,0.183,0.224689,0.270844,0.372457,0.36446,0.379113,0.368919,0.0,0.0,0.0,0.0,0.11218,-0.161111,0.136307,0.0,-0.055556,0.107563,-0.087844,0.003538,0.0,40-plus,static,Assistant Commandant,election duty,0
0.2875,0.369177,0.358348,0.395481,0.0,0.0,0.0,0.0,0.282829,0.332933,0.371284,0.37661,0.25,0.25,0.25,0.25,0.0,0.0,0.311111,0.155556,0.235171,0.299367,0.336244,0.376869,0.5261,0.5261,0.514836,0.457467,0.422871,0.3289,0.373998,0.370541,0.0,0.0,0.0,0.0,-0.107981,0.0,-0.093781,0.0,-0.155556,-0.141697,0.068633,0.05233,0.0,40-plus,static,Sub-Inspector,left-wing extremism area,0
0.476243,0.349,0.380486,0.408387,0.0,0.0,0.0,0.0,0.481186,0.411907,0.41276,0.409352,0.25,0.25,0.25,0.25,0.0,0.0,0.155556,0.077778,0.340686,0.37409,0.396751,0.413672,0.485671,0.5366,0.553044,0.545194,0.403429,0.387727,0.367296,0.374293,0.0,0.0,0.0,0.0,0.067856,0.0,0.071834,0.0,-0.077778,-0.072986,-0.059522,0.029136,0.0,30-39,static,Sub-Inspector,left-wing extremism area,0
0.4275,0.37818,0.34302,0.338044,0.0,0.0,0.2,0.172222,0.43,0.34536,0.327273,0.376439,0.25,0.25,0.25,0.25,0.0,0.0,0.0,0.077778,0.296529,0.329717,0.358697,0.361371,0.3222,0.515433,0.351684,0.291998,0.402343,0.3441,0.355182,0.337653,0.0,0.0,0.0,0.0,0.089456,-0.172222,0.053561,0.0,-0.077778,-0.064842,0.030202,0.06469,0.0,30-39,static,Sub-Inspector,left-wing extremism area,0
0.278271,0.230013,0.339916,0.353256,0.0,0.266667,0.388889,0.194444,0.305843,0.309867,0.379758,0.384872,0.25,0.25,0.25,0.25,0.0,0.0,0.0,0.0,0.1982,0.279897,0.340653,0.369593,0.362457,0.372227,0.374209,0.378671,0.0,0.0,0.0,0.0,0.0,0.0,0.0,0.0,-0.074985,-0.194444,-0.079029,0.0,0.0,-0.171393,-0.016214,0.0,0.0,40-plus,static,Inspector,group centre,0
0.258886,0.31114,0.336836,0.308497,0.0,0.133333,0.333333,0.166667,0.3524,0.355187,0.382228,0.338393,0.25,0.25,0.25,0.25,0.0,0.0,0.0,0.0,0.398471,0.38073,0.277122,0.32625,0.0,0.0,0.0,0.0,0.0,0.0,0.0,0.0,0.0,0.0,0.0,0.0,-0.049612,-0.166667,0.014007,0.0,0.0,0.072221,0.0,0.0,0.0,40-plus,static,Inspector,left-wing extremism area,0
0.4341,0.43542,0.364606,0.354476,0.0,0.0,0.0,0.0,0.181886,0.247293,0.323,0.355825,0.25,0.25,0.25,0.25,0.0,0.0,0.0,0.0,0.531714,0.31487,0.325566,0.360398,0.0,0.0,0.0,0.0,0.0,0.0,0.0,0.0,0.0,0.0,0.0,0.0,0.079624,0.0,-0.173939,0.0,0.0,0.171317,0.0,0.0,0.0,40-plus,static,Inspector,internal security duty,0
0.368514,0.429433,0.406373,0.374044,0.0,0.0,0.188889,0.177778,0.2592,0.34119,0.407216,0.378769,0.25,0.25,0.25,0.25,0.0,0.0,0.0,0.077778,0.448457,0.453783,0.355984,0.343597,0.2874,0.281387,0.303729,0.397944,0.0,0.0,0.0,0.0,0.0,0.0,0.0,0.0,-0.00553,-0.177778,-0.119569,0.0,-0.077778,0.10486,-0.110544,0.0,0.0,30-39,static,Sub-Inspector,group centre,0
0.5063,0.350677,0.304384,0.322499,0.0,0.0,0.0,0.0,0.439871,0.38739,0.344142,0.311323,0.25,0.25,0.25,0.25,0.0,0.466667,0.155556,0.077778,0.383786,0.329417,0.365402,0.329886,0.0,0.0,0.0,0.0,0.0,0.0,0.0,0.0,0.0,0.0,0.0,0.0,0.183801,0.0,0.128549,0.0,-0.077778,0.0539,0.0,0.0,0.0,40-plus,static,Assistant Commandant,internal security duty,0
0.288271,0.26689,0.308191,0.322288,0.0,0.0,0.0,0.088889,0.2356,0.310623,0.352317,0.351608,0.75,0.75,0.75,0.75,0.142857,0.466667,0.311111,0.155556,0.278886,0.320643,0.361888,0.374961,0.0,0.0,0.0,0.0,0.432543,0.343567,0.333992,0.347454,0.0,0.0,0.0,0.0,-0.034017,-0.088889,-0.116008,0.0,-0.012698,-0.096075,0.0,0.085089,0.0,under-30,static,Constable,law and order deployment,0
0.262057,0.394163,0.36846,0.388462,0.0,0.0,0.0,0.177778,0.245543,0.337597,0.356677,0.322879,0.25,0.25,0.25,0.25,0.0,0.0,0.0,0.0,0.220771,0.347933,0.37367,0.358586,0.3605,0.3605,0.366837,0.335875,0.0,0.0,0.0,0.0,0.0,0.0,0.0,0.0,-0.126405,-0.177778,-0.077336,0.0,0.0,-0.137815,0.024625,0.0,0.0,40-plus,static,Sub-Inspector,internal security duty,0
0.342971,0.368903,0.334703,0.322647,0.0,0.0,0.0,0.0,0.234643,0.35747,0.367089,0.351312,0.25,0.25,0.25,0.25,0.0,0.0,0.122222,0.077778,0.5472,0.463127,0.383352,0.374439,0.2701,0.2701,0.321534,0.252067,0.320771,0.298723,0.31332,0.333523,0.0,0.0,0.0,0.0,0.020324,0.0,-0.116669,0.0,-0.077778,0.172761,0.018033,-0.012751,0.0,40-plus,static,Assistant Commandant,left-wing extremism area,0
0.267586,0.29532,0.333803,0.377087,0.0,0.0,0.0,0.172222,0.455686,0.339923,0.335546,0.314606,0.25,0.25,0.25,0.25,0.0,0.0,0.0,0.144444,0.268371,0.3819,0.3941,0.370943,0.1795,0.1795,0.1795,0.216787,0.329614,0.29999,0.312016,0.320051,0.0,0.0,0.0,0.0,-0.109501,-0.172222,0.14108,0.0,-0.144444,-0.102572,-0.037287,0.009564,0.0,30-39,static,Sub-Inspector,left-wing extremism area,0
0.5366,0.49245,0.377509,0.39261,0.0,0.0,0.0,0.0,0.233357,0.312653,0.404563,0.402497,0.75,0.75,0.75,0.75,0.0,0.0,0.0,0.077778,0.476443,0.37525,0.36748,0.392851,0.609771,0.595303,0.514527,0.413263,0.346629,0.361803,0.370178,0.367525,0.0,0.0,0.0,0.0,0.14399,0.0,-0.16914,0.0,-0.077778,0.083592,0.196508,-0.020896,0.0,30-39,static,Assistant Sub-Inspector,law and order deployment,0
0.237714,0.4076,0.372777,0.354651,0.0,0.0,0.3,0.183333,0.405029,0.403373,0.374524,0.396142,0.25,0.25,0.25,0.25,0.0,0.0,0.0,0.022222,0.314486,0.3834,0.332243,0.350108,0.432757,0.410867,0.378656,0.360697,0.328129,0.364567,0.345818,0.358014,0.0,0.0,0.0,0.0,-0.116937,-0.183333,0.008887,0.0,-0.022222,-0.035622,0.07206,-0.029886,0.0,30-39,static,Sub-Inspector,group centre,0
0.392314,0.3491,0.363949,0.407209,0.0,0.0,0.0,0.2,0.462929,0.496197,0.438758,0.440764,0.25,0.25,0.25,0.25,0.0,0.0,0.155556,0.077778,0.4719,0.32586,0.387936,0.371928,0.4303,0.4303,0.466122,0.453086,0.417857,0.366313,0.375153,0.380372,0.0,0.0,0.0,0.0,-0.014895,-0.2,0.022164,0.0,-0.077778,0.099972,-0.022786,0.037485,0.0,30-39,static,Assistant Sub-Inspector,law and order deployment,0
0.3231,0.27514,0.272284,0.293555,0.0,0.0,0.0,0.161111,0.417571,0.42178,0.372096,0.329612,0.25,0.25,0.25,0.25,0.0,0.0,0.0,0.0,0.283771,0.26891,0.344066,0.369046,0.0,0.0,0.0,0.0,0.0,0.0,0.0,0.0,0.0,0.0,0.0,0.0,0.029545,-0.161111,0.08796,0.0,0.0,-0.085275,0.0,0.0,0.0,under-30,static,Head Constable,election duty,0
0.307286,0.4129,0.400774,0.385878,0.0,0.066667,0.344444,0.172222,0.394871,0.367297,0.394254,0.380858,0.25,0.25,0.25,0.25,0.0,0.0,0.0,0.0,0.302114,0.40959,0.350659,0.356093,0.2484,0.2484,0.244797,0.220195,0.355629,0.310133,0.321506,0.327686,0.0,0.0,0.0,0.0,-0.078592,-0.172222,0.014013,0.0,0.0,-0.053978,0.028205,0.027942,0.0,30-39,static,Sub-Inspector,internal security duty,0
0.4643,0.367437,0.386861,0.361213,0.0,0.0,0.0,0.177778,0.309986,0.27393,0.358228,0.335023,0.25,0.25,0.25,0.25,0.0,0.333333,0.155556,0.077778,0.412786,0.291213,0.30783,0.326781,0.2976,0.465787,0.551529,0.572964,0.413071,0.33042,0.344947,0.335179,0.0,0.0,0.0,0.0,0.103087,-0.177778,-0.025037,0.0,-0.077778,0.086005,-0.275364,0.077893,0.0,under-30,static,Constable,internal security duty,0
0.412786,0.4054,0.366039,0.370427,0.0,0.0,0.0,0.172222,0.235343,0.268213,0.35418,0.356193,0.25,0.25,0.25,0.25,0.0,0.0,0.0,0.077778,0.2941,0.368313,0.333612,0.334956,0.2571,0.2571,0.278074,0.342905,0.343771,0.278177,0.299482,0.314262,0.0,0.0,0.0,0.0,0.042358,-0.172222,-0.12085,0.0,-0.077778,-0.040856,-0.085805,0.02951,0.0,under-30,static,Constable,election duty,0
0.364957,0.42081,0.413666,0.426935,0.0,0.0,0.0,0.0,0.440543,0.36711,0.382621,0.412301,0.25,0.25,0.25,0.25,0.0,0.0,0.0,0.0,0.457414,0.395757,0.477424,0.472333,0.0,0.0,0.0,0.0,0.0,0.0,0.0,0.0,0.0,0.0,0.0,0.0,-0.061978,0.0,0.028242,0.0,0.0,-0.014919,0.0,0.0,0.0,30-39,static,Head Constable,election duty,0
0.516214,0.377283,0.433134,0.448755,0.0,0.0,0.155556,0.227778,0.3457,0.391423,0.443482,0.468224,0.25,0.25,0.25,0.25,0.0,0.466667,0.155556,0.077778,0.5434,0.397,0.45216,0.467137,0.2743,0.2743,0.426913,0.466799,0.0,0.0,0.0,0.0,0.0,0.0,0.0,0.0,0.067459,-0.227778,-0.122524,0.0,-0.077778,0.076263,-0.192499,0.0,0.0,under-30,static,Constable,election duty,0
0.439186,0.414093,0.436889,0.460143,0.0,0.0,0.0,0.155556,0.460129,0.442253,0.418494,0.427496,0.75,0.75,0.75,0.75,0.0,0.0,0.0,0.0,0.546229,0.51734,0.46603,0.462733,0.0,0.0,0.0,0.0,0.398729,0.376947,0.396827,0.407737,0.0,0.0,0.0,0.0,-0.020957,-0.155556,0.032633,0.0,0.0,0.083495,0.0,-0.009008,0.0,under-30,static,Constable,internal security duty,0
0.296171,0.33953,0.417406,0.391623,0.0,0.0,0.0,0.0,0.390071,0.468597,0.440636,0.413309,0.25,0.25,0.25,0.25,0.0,0.0,0.0,0.0,0.4397,0.38487,0.388104,0.390562,0.2637,0.2637,0.2637,0.2637,0.0,0.0,0.0,0.0,0.0,0.0,0.0,0.0,-0.095452,0.0,-0.023238,0.0,0.0,0.049138,0.0,0.0,0.0,under-30,static,Constable,election duty,0
0.4692,0.46386,0.479961,0.436703,0.0,0.2,0.433333,0.216667,0.429729,0.44124,0.460311,0.438642,0.75,0.75,0.75,0.75,0.0,0.0,0.122222,0.077778,0.3147,0.386097,0.347246,0.367353,0.3802,0.41788,0.486583,0.577342,0.0,0.0,0.0,0.0,0.0,0.0,0.0,0.0,0.032497,-0.216667,-0.008914,0.0,-0.077778,-0.052653,-0.197142,0.0,0.0,40-plus,static,Inspector,election duty,0
0.2403,0.36996,0.385788,0.400672,0.0,0.0,0.0,0.0,0.481371,0.496173,0.43021,0.404694,0.25,0.25,0.25,0.25,0.0,0.0,0.0,0.0,0.2437,0.303487,0.305088,0.349226,0.2677,0.26878,0.306027,0.336988,0.3508,0.357817,0.366027,0.368831,0.0,0.0,0.0,0.0,-0.160372,0.0,0.076677,0.0,0.0,-0.105526,-0.069288,-0.018031,0.0,30-39,static,Assistant Sub-Inspector,group centre,0
0.474657,0.476747,0.489813,0.479793,0.0,0.0,0.166667,0.466667,0.4158,0.3952,0.414332,0.439207,0.75,0.75,0.75,0.75,0.0,0.0,0.0,0.061111,0.429257,0.464033,0.445701,0.417451,0.415,0.477353,0.551131,0.493207,0.4555,0.4383,0.43201,0.433631,0.0,0.0,0.0,0.0,-0.005136,-0.466667,-0.023407,0.0,-0.061111,0.011806,-0.078207,0.021869,0.0,40-plus,static,Sub-Inspector,group centre,0
0.424814,0.380147,0.348882,0.300544,0.0,0.0,0.0,0.0,0.227129,0.254687,0.33214,0.331518,0.75,0.75,0.75,0.75,0.0,0.0,0.0,0.0,0.223057,0.3343,0.345064,0.356822,0.2736,0.2736,0.278361,0.292192,0.332757,0.295943,0.297798,0.315406,0.0,0.0,0.0,0.0,0.12427,0.0,-0.10439,0.0,0.0,-0.133765,-0.018592,0.017352,0.0,40-plus,static,Sub-Inspector,left-wing extremism area,0
0.313214,0.310493,0.282983,0.279242,0.0,0.0,0.155556,0.161111,0.2513,0.362127,0.337538,0.343457,0.25,0.25,0.25,0.25,0.0,0.0,0.0,0.077778,0.432614,0.35043,0.364771,0.344794,0.1723,0.1723,0.212947,0.271025,0.357257,0.3128,0.326818,0.326299,0.0,0.0,0.0,0.0,0.033972,-0.161111,-0.092157,0.0,-0.077778,0.08782,-0.098725,0.030958,0.0,under-30,static,Constable,internal security duty,0
0.355271,0.387597,0.35505,0.341328,0.0,0.0,0.0,0.0,0.4494,0.358547,0.33342,0.321476,0.25,0.25,0.25,0.25,0.0,0.0,0.0,0.077778,0.3204,0.23814,0.320952,0.323437,0.4207,0.389783,0.322061,0.321591,0.286571,0.29191,0.309062,0.299099,0.0,0.0,0.0,0.0,0.013943,0.0,0.127924,0.0,-0.077778,-0.003037,0.099109,-0.012528,0.0,40-plus,static,Sub-Inspector,election duty,0
0.397514,0.46876,0.434079,0.415496,0.0,0.0,0.033333,0.211111,0.3318,0.42479,0.406259,0.422686,0.25,0.25,0.25,0.25,0.0,0.0,0.0,0.077778,0.337786,0.409393,0.444062,0.439222,0.3947,0.3947,0.488211,0.471399,0.0,0.0,0.0,0.0,0.0,0.0,0.0,0.0,-0.017981,-0.211111,-0.090886,0.0,-0.077778,-0.101437,-0.076699,0.0,0.0,30-39,static,Head Constable,election duty,0
0.408243,0.369837,0.33438,0.375408,0.0,0.0,0.4,0.2,0.3572,0.425277,0.447231,0.439678,0.25,0.25,0.25,0.25,0.0,0.0,0.0,0.0,0.5678,0.346383,0.403399,0.392025,0.2704,0.2704,0.2979,0.3254,0.429929,0.38565,0.381044,0.374438,0.0,0.0,0.0,0.0,0.032835,-0.2,-0.082478,0.0,0.0,0.175775,-0.055,0.055491,0.0,30-39,static,Sub-Inspector,internal security duty,0
0.384457,0.519577,0.421911,0.445823,0.0,0.0,0.0,0.0,0.371886,0.52982,0.472139,0.427679,0.25,0.25,0.25,0.25,0.0,0.0,0.0,0.0,0.504443,0.47817,0.476061,0.435743,0.0,0.0,0.0,0.0,0.0,0.0,0.0,0.0,0.0,0.0,0.0,0.0,-0.061366,0.0,-0.055793,0.0,0.0,0.0687,0.0,0.0,0.0,30-39,static,Sub-Inspector,internal security duty,0
0.389129,0.367083,0.351308,0.350801,0.0,0.0,0.0,0.183333,0.425443,0.373,0.389801,0.386547,0.25,0.25,0.25,0.25,0.0,0.0,0.0,0.0,0.341386,0.338193,0.363882,0.364238,0.0,0.0,0.0,0.0,0.320214,0.306997,0.336579,0.333653,0.0,0.0,0.0,0.0,0.038328,-0.183333,0.038896,0.0,0.0,-0.022853,0.0,-0.013438,0.0,40-plus,static,Inspector,internal security duty,0
0.3105,0.326053,0.353938,0.373276,0.0,0.0,0.0,0.177778,0.4896,0.344637,0.369599,0.364928,0.25,0.25,0.25,0.25,0.0,0.0,0.0,0.155556,0.387014,0.334643,0.369656,0.350021,0.323,0.323,0.386787,0.417293,0.375257,0.339693,0.352083,0.340159,0.0,0.0,0.0,0.0,-0.062776,-0.177778,0.124672,0.0,-0.155556,0.036994,-0.094293,0.035098,0.0,30-39,static,Assistant Sub-Inspector,law and order deployment,0
0.5349,0.4274,0.401072,0.402581,0.0,0.0,0.0,0.0,0.5487,0.484457,0.420701,0.421004,0.25,0.25,0.25,0.25,0.0,0.0,0.0,0.0,0.2485,0.39065,0.393962,0.396855,0.3066,0.3066,0.3066,0.326717,0.0,0.0,0.0,0.0,0.0,0.0,0.0,0.0,0.132319,0.0,0.127696,0.0,0.0,-0.148355,-0.020117,0.0,0.0,under-30,static,Head Constable,election duty,0
0.374343,0.420453,0.357974,0.396152,0.0,0.0,0.0,0.0,0.446429,0.380823,0.431097,0.387628,0.25,0.25,0.25,0.25,0.0,0.0,0.0,0.0,0.436014,0.398483,0.341374,0.372448,0.4287,0.43438,0.455002,0.422391,0.279686,0.334867,0.371091,0.357564,0.0,0.0,0.0,0.0,-0.021809,0.0,0.0588,0.0,0.0,0.063566,0.006309,-0.077878,0.0,40-plus,static,Inspector,internal security duty,0
0.401357,0.448843,0.455509,0.420611,0.0,0.0,0.0,0.088889,0.223071,0.29535,0.34627,0.338715,0.25,0.25,0.25,0.25,0.0,0.0,0.0,0.0,0.3929,0.4249,0.400641,0.414899,0.0,0.0,0.0,0.0,0.0,0.0,0.0,0.0,0.0,0.0,0.0,0.0,-0.019253,-0.088889,-0.115644,0.0,0.0,-0.021999,0.0,0.0,0.0,40-plus,static,Sub-Inspector,group centre,0
0.3731,0.295633,0.353756,0.374973,0.0,0.0,0.0,0.0,0.4848,0.4174,0.420816,0.371627,0.25,0.25,0.25,0.25,0.0,0.0,0.0,0.0,0.4706,0.45173,0.376761,0.347558,0.192243,0.44728,0.46471,0.346477,0.0,0.0,0.0,0.0,0.0,0.0,0.0,0.0,-0.001873,0.0,0.113173,0.0,0.0,0.123042,-0.154234,0.0,0.0,40-plus,static,Inspector,group centre,0
0.2391,0.371963,0.320146,0.314269,0.0,0.0,0.0,0.0,0.443371,0.341777,0.385151,0.359212,0.75,0.75,0.75,0.75,0.0,0.0,0.0,0.0,0.3863,0.365793,0.35188,0.351548,0.2949,0.2949,0.2949,0.2949,0.0,0.0,0.0,0.0,0.0,0.0,0.0,0.0,-0.075169,0.0,0.084159,0.0,0.0,0.034752,0.0,0.0,0.0,30-39,static,Head Constable,group centre,0
0.4992,0.347377,0.365578,0.356393,0.0,0.0,0.0,0.0,0.307871,0.33363,0.356643,0.377068,0.25,0.25,0.25,0.25,0.0,0.0,0.0,0.0,0.5154,0.424247,0.457784,0.412661,0.3504,0.3504,0.3504,0.348297,0.308157,0.33195,0.32836,0.342423,0.0,0.0,0.0,0.0,0.142807,0.0,-0.069196,0.0,0.0,0.102739,0.002103,-0.034266,0.0,under-30,static,Constable,election duty,0
0.3791,0.40783,0.436658,0.417568,0.0,0.0,0.0,0.2,0.480886,0.365303,0.359898,0.38939,0.25,0.25,0.25,0.25,0.0,0.0,0.0,0.0,0.3584,0.347553,0.371994,0.344947,0.3933,0.3933,0.4264,0.374514,0.0,0.0,0.0,0.0,0.0,0.0,0.0,0.0,-0.038468,-0.2,0.091496,0.0,0.0,0.013453,0.018786,0.0,0.0,40-plus,static,Inspector,election duty,0
0.395,0.445233,0.491852,0.473662,0.0,0.0,0.0,0.005556,0.558614,0.482063,0.495743,0.470839,0.25,0.25,0.25,0.25,0.0,0.0,0.0,0.077778,0.5269,0.42571,0.428187,0.442428,0.5472,0.5472,0.5472,0.5472,0.0,0.0,0.0,0.0,0.0,0.0,0.0,0.0,-0.078662,-0.005556,0.087775,0.0,-0.077778,0.084472,0.0,0.0,0.0,40-plus,static,Inspector,law and order deployment,0
0.529757,0.485943,0.405712,0.411997,0.0,0.0,0.4,0.2,0.390786,0.387657,0.368631,0.355221,0.25,0.25,0.25,0.25,0.0,0.0,0.0,0.0,0.212,0.300683,0.377276,0.389144,0.4673,0.4673,0.4673,0.4673,0.0,0.0,0.0,0.0,0.0,0.0,0.0,0.0,0.11776,-0.2,0.035565,0.0,0.0,-0.177144,-0.0,0.0,0.0,40-plus,static,Inspector,left-wing extremism area,0
0.3637,0.3557,0.383973,0.358742,0.0,0.0,0.0,0.111111,0.5221,0.391077,0.377186,0.375683,0.25,0.25,0.25,0.25,0.0,0.0,0.0,0.077778,0.197914,0.259893,0.272528,0.336092,0.0,0.0,0.357941,0.371511,0.331371,0.342737,0.34633,0.33839,0.0,0.0,0.0,0.0,0.004958,-0.111111,0.146417,0.0,-0.077778,-0.138177,-0.371511,-0.007019,0.0,under-30,static,Head Constable,law and order deployment,0
0.367771,0.3126,0.33014,0.357927,0.0,0.0,0.344444,0.172222,0.4402,0.39478,0.384622,0.363934,0.25,0.25,0.25,0.25,0.0,0.0,0.0,0.0,0.4222,0.324613,0.298214,0.321781,0.0,0.0,0.0,0.0,0.373914,0.316857,0.332924,0.333486,0.0,0.0,0.0,0.0,0.009844,-0.172222,0.076266,0.0,0.0,0.100419,0.0,0.040428,0.0,30-39,static,Assistant Sub-Inspector,left-wing extremism area,0
0.493186,0.430847,0.368984,0.366572,0.0,0.0,0.0,0.188889,0.1714,0.319277,0.339679,0.351857,0.75,0.75,0.75,0.75,0.0,0.0,0.0,0.077778,0.2511,0.347043,0.316061,0.355506,0.0,0.0,0.0,0.0,0.414714,0.34276,0.351378,0.35132,0.0,0.0,0.0,0.0,0.126614,-0.188889,-0.180457,0.0,-0.077778,-0.104406,0.0,0.063394,0.0,under-30,static,Constable,left-wing extremism area,0
0.269814,0.24928,0.343904,0.329391,0.0,0.0,0.0,0.155556,0.440471,0.354737,0.307483,0.331169,0.75,0.75,0.75,0.75,0.0,0.0,0.0,0.0,0.2732,0.29623,0.310354,0.288839,0.1062,0.1062,0.144244,0.196766,0.0,0.0,0.0,0.0,0.0,0.0,0.0,0.0,-0.059576,-0.155556,0.109302,0.0,0.0,-0.015639,-0.090566,0.0,0.0,40-plus,static,Assistant Commandant,election duty,0
0.5454,0.373907,0.467759,0.432928,0.0,0.0,0.0,0.216667,0.4842,0.439213,0.419402,0.427971,0.25,0.25,0.25,0.25,0.0,0.0,0.0,0.0,0.4363,0.40174,0.414577,0.421041,0.0,0.0,0.0,0.0,0.4493,0.38654,0.412088,0.404889,0.0,0.0,0.0,0.0,0.112472,-0.216667,0.056229,0.0,0.0,0.015259,0.0,0.044411,0.0,under-30,static,Constable,election duty,0
0.258971,0.275323,0.327777,0.302364,0.0,0.7,0.311111,0.155556,0.441914,0.34982,0.343294,0.346562,0.25,0.25,0.25,0.25,0.0,0.0,0.155556,0.077778,0.399457,0.373473,0.332793,0.344866,0.377,0.317057,0.299063,0.337501,0.306043,0.255287,0.294897,0.303522,0.0,0.0,0.0,0.0,-0.043393,-0.155556,0.095353,0.0,-0.077778,0.054591,0.039499,0.002521,0.0,under-30,static,Constable,left-wing extremism area,0
0.278,0.394857,0.336002,0.321949,0.0,0.0,0.0,0.0,0.338743,0.38375,0.341867,0.344695,0.25,0.25,0.25,0.25,0.0,0.166667,0.155556,0.077778,0.336357,0.404283,0.374862,0.343662,0.0,0.0,0.0,0.0,0.0,0.0,0.0,0.0,0.0,0.0,0.0,0.0,-0.043949,0.0,-0.005952,0.0,-0.077778,-0.007305,0.0,0.0,0.0,under-30,static,Head Constable,left-wing extremism area,0
0.2621,0.33166,0.381856,0.394577,0.0,0.0,0.166667,0.188889,0.365286,0.309157,0.398231,0.382664,0.25,0.25,0.25,0.25,0.0,0.0,0.0,0.0,0.2588,0.26978,0.309632,0.321259,0.414,0.434453,0.444841,0.398551,0.400771,0.310967,0.3481,0.342511,0.0,0.0,0.0,0.0,-0.132477,-0.188889,-0.017379,0.0,0.0,-0.062459,0.015449,0.05826,0.0,30-39,static,Sub-Inspector,law and order deployment,0
0.466229,0.39257,0.346747,0.33966,0.0,0.0,0.0,0.172222,0.2721,0.230297,0.315103,0.330211,0.75,0.75,0.75,0.75,0.0,0.0,0.0,0.077778,0.376329,0.299513,0.315842,0.333483,0.0,0.0,0.0,0.0,0.387243,0.327877,0.337896,0.335073,0.0,0.0,0.0,0.0,0.126569,-0.172222,-0.058111,0.0,-0.077778,0.042845,0.0,0.05217,0.0,30-39,static,Assistant Sub-Inspector,left-wing extremism area,0
0.380771,0.329377,0.359931,0.365623,0.0,0.0,0.0,0.0,0.238057,0.286523,0.369337,0.331774,0.25,0.25,0.25,0.25,0.0,0.0,0.0,0.0,0.262171,0.255137,0.355853,0.350057,0.4028,0.4028,0.337533,0.33317,0.0,0.0,0.0,0.0,0.0,0.0,0.0,0.0,0.015149,0.0,-0.093717,0.0,0.0,-0.087886,0.06963,0.0,0.0,under-30,static,Head Constable,group centre,0
0.2807,0.420153,0.436484,0.430379,0.0,0.0,0.0,0.0,0.418314,0.46184,0.436512,0.406824,0.25,0.25,0.25,0.25,0.0,0.0,0.0,0.077778,0.581771,0.486673,0.454909,0.469864,0.0,0.0,0.0,0.0,0.417414,0.394907,0.391772,0.381332,0.0,0.0,0.0,0.0,-0.149679,0.0,0.01149,0.0,-0.077778,0.111907,0.0,0.036082,0.0,30-39,static,Assistant Sub-Inspector,left-wing extremism area,0
0.388514,0.410177,0.367466,0.362376,0.142857,0.8,0.322222,0.161111,0.300686,0.276827,0.336641,0.320012,0.75,0.75,0.75,0.75,0.0,0.0,0.155556,0.155556,0.275386,0.303743,0.282071,0.3121,0.0,0.0,0.0,0.0,0.0,0.0,0.0,0.0,0.0,0.0,0.0,0.0,0.026138,-0.018254,-0.019326,0.0,-0.155556,-0.036714,0.0,0.0,0.0,30-39,static,Assistant Sub-Inspector,group centre,0
0.2037,0.33411,0.299474,0.287983,0.0,0.0,0.0,0.166667,0.394,0.2579,0.280491,0.322057,0.75,0.75,0.75,0.75,0.0,0.0,0.0,0.0,0.194771,0.352987,0.367136,0.340908,0.4989,0.4989,0.378531,0.33666,0.0,0.0,0.0,0.0,0.0,0.0,0.0,0.0,-0.084283,-0.166667,0.071943,0.0,0.0,-0.146137,0.16224,0.0,0.0,30-39,static,Assistant Sub-Inspector,internal security duty,0
0.2967,0.387807,0.375538,0.389914,0.0,0.0,0.0,0.038889,0.4774,0.305273,0.339686,0.338599,0.75,0.75,0.75,0.75,0.0,0.0,0.0,0.0,0.396957,0.326037,0.355521,0.319128,0.0,0.0,0.0,0.0,0.0,0.0,0.0,0.0,0.0,0.0,0.0,0.0,-0.093214,-0.038889,0.138801,0.0,0.0,0.077829,0.0,0.0,0.0,40-plus,static,Sub-Inspector,group centre,0
0.599329,0.55846,0.479321,0.469672,0.0,0.0,0.0,0.216667,0.4051,0.396143,0.386593,0.409966,0.25,0.25,0.25,0.25,0.0,0.0,0.0,0.0,0.337829,0.388673,0.383956,0.443879,0.4951,0.504593,0.470442,0.513357,0.0,0.0,0.0,0.0,0.0,0.0,0.0,0.0,0.129656,-0.216667,-0.004866,0.0,0.0,-0.10605,-0.018257,0.0,0.0,under-30,static,Constable,internal security duty,0
0.419586,0.39411,0.381806,0.354576,0.0,0.0,0.0,0.111111,0.331571,0.372033,0.39167,0.403564,0.25,0.25,0.25,0.25,0.0,0.0,0.155556,0.077778,0.390429,0.449203,0.362408,0.390556,0.5298,0.5298,0.5298,0.499092,0.342129,0.329783,0.349248,0.339273,0.0,0.0,0.0,0.0,0.06501,-0.111111,-0.071992,0.0,-0.077778,-0.000128,0.030708,0.002855,0.0,30-39,static,Sub-Inspector,left-wing extremism area,0
0.346314,0.288913,0.331458,0.322288,0.0,0.0,0.322222,0.161111,0.4326,0.28688,0.314003,0.324809,0.25,0.25,0.25,0.25,0.0,0.0,0.0,0.0,0.417286,0.357873,0.347787,0.339816,0.3886,0.3886,0.3886,0.359652,0.0,0.0,0.0,0.0,0.0,0.0,0.0,0.0,0.024027,-0.161111,0.107791,0.0,0.0,0.07747,0.028948,0.0,0.0,40-plus,static,Assistant Commandant,law and order deployment,0
0.302586,0.314287,0.329982,0.37024,0.0,0.0,0.0,0.0,0.392586,0.359057,0.349722,0.386927,0.25,0.25,0.25,0.25,0.0,0.0,0.0,0.077778,0.2536,0.262543,0.303797,0.333737,0.0,0.0,0.0,0.0,0.0,0.0,0.0,0.0,0.0,0.0,0.0,0.0,-0.067654,0.0,0.005659,0.0,-0.077778,-0.080137,0.0,0.0,0.0,40-plus,static,Inspector,left-wing extremism area,0
0.286557,0.30941,0.322309,0.339689,0.0,0.0,0.366667,0.183333,0.2786,0.306883,0.362593,0.371413,0.75,0.75,0.75,0.75,0.0,0.4,0.311111,0.155556,0.434486,0.345223,0.390749,0.377888,0.195,0.195,0.195,0.256675,0.260471,0.28258,0.333939,0.340954,0.0,0.0,0.0,0.0,-0.053132,-0.183333,-0.092813,0.0,-0.155556,0.056598,-0.061675,-0.080482,0.0,40-plus,static,Inspector,law and order deployment,0
0.430814,0.50775,0.477771,0.466573,0.0,0.0,0.066667,0.222222,0.337614,0.409857,0.414884,0.416147,0.25,0.25,0.25,0.25,0.0,0.0,0.0,0.0,0.4113,0.34355,0.38477,0.416414,0.0,0.0,0.0,0.0,0.376086,0.393743,0.403182,0.394348,0.0,0.0,0.0,0.0,-0.035758,-0.222222,-0.078532,0.0,0.0,-0.005114,0.0,-0.018262,0.0,40-plus,static,Assistant Commandant,left-wing extremism area,0
0.398829,0.41282,0.418343,0.431403,0.0,0.0,0.444444,0.222222,0.3991,0.374093,0.400313,0.416507,0.75,0.75,0.75,0.75,0.0,0.0,0.0,0.077778,0.4098,0.394567,0.429463,0.424717,0.5298,0.5298,0.5298,0.5298,0.436071,0.386977,0.400157,0.391425,0.0,0.0,0.0,0.0,-0.032575,-0.222222,-0.017407,0.0,-0.077778,-0.014917,0.0,0.044646,0.0,40-plus,static,Inspector,group centre,0
0.524143,0.43786,0.479546,0.459405,0.0,0.0,0.0,0.0,0.3312,0.45837,0.463932,0.461754,0.25,0.25,0.25,0.25,0.0,0.0,0.155556,0.155556,0.422386,0.52529,0.468462,0.470873,0.0,0.0,0.0,0.0,0.488914,0.416433,0.421652,0.418463,0.0,0.0,0.0,0.0,0.064738,0.0,-0.130554,0.0,-0.155556,-0.048487,0.0,0.070452,0.0,under-30,static,Constable,left-wing extremism area,0
0.4159,0.338377,0.341744,0.367542,0.0,0.0,0.0,0.05,0.415514,0.370483,0.348059,0.335732,0.75,0.75,0.75,0.75,0.0,0.0,0.0,0.077778,0.3377,0.362637,0.341466,0.342742,0.0,0.0,0.0,0.0,0.0,0.0,0.0,0.0,0.0,0.0,0.0,0.0,0.048358,-0.05,0.079783,0.0,-0.077778,-0.005042,0.0,0.0,0.0,40-plus,static,Inspector,internal security duty,0
0.263029,0.260927,0.308799,0.318511,0.0,0.4,0.388889,0.194444,0.4972,0.460177,0.380746,0.367978,0.25,0.25,0.25,0.25,0.0,0.0,0.0,0.0,0.4162,0.429423,0.434634,0.436896,0.4585,0.4585,0.4585,0.447297,0.0,0.0,0.0,0.0,0.0,0.0,0.0,0.0,-0.055483,-0.194444,0.129222,0.0,0.0,-0.020696,0.011203,0.0,0.0,40-plus,static,Assistant Commandant,internal security duty,0
0.3287,0.32372,0.318936,0.335905,0.0,0.066667,0.333333,0.166667,0.3669,0.440427,0.32871,0.320985,0.25,0.25,0.25,0.25,0.0,0.0,0.0,0.077778,0.4187,0.351333,0.386581,0.331296,0.1367,0.1367,0.1367,0.132316,0.266814,0.301123,0.335794,0.328937,0.0,0.0,0.0,0.0,-0.007205,-0.166667,0.045915,0.0,-0.077778,0.087404,0.004384,-0.062123,0.0,under-30,static,Constable,left-wing extremism area,0
0.447714,0.410167,0.418074,0.401298,0.1158,0.1158,0.454509,0.227254,0.495143,0.40311,0.38061,0.391034,0.25,0.25,0.25,0.25,0.0,0.0,0.0,0.038889,0.556014,0.468913,0.48488,0.428861,0.5131,0.5131,0.4515,0.409121,0.331243,0.35968,0.369604,0.37203,0.0,0.0,0.0,0.0,0.046417,-0.111454,0.104109,0.0,-0.038889,0.127154,0.103979,-0.040787,0.0,30-39,surged,Assistant Sub-Inspector,internal security duty,0
0.567457,0.498293,0.488576,0.495041,0.0,0.0,0.111111,0.522222,0.406029,0.45724,0.475567,0.483212,0.25,0.25,0.25,0.25,0.0,0.0,0.0,0.155556,0.578243,0.54597,0.525523,0.514004,0.592629,0.526213,0.512738,0.566596,0.0,0.0,0.0,0.0,0.0,0.0,0.0,0.0,0.072417,-0.522222,-0.077184,0.0,-0.155556,0.064239,0.026033,0.0,0.0,40-plus,static,Inspector,election duty,1
0.589657,0.593773,0.538321,0.505261,0.0,0.0,0.522222,0.488889,0.416386,0.381037,0.464244,0.51154,0.75,0.75,0.75,0.75,0.0,0.0,0.155556,0.155556,0.456871,0.537437,0.518742,0.507738,0.4634,0.399563,0.523663,0.597515,0.0,0.0,0.0,0.0,0.0,0.0,0.0,0.0,0.084397,-0.488889,-0.095154,0.0,-0.155556,-0.050866,-0.134115,0.0,0.0,30-39,static,Head Constable,law and order deployment,1
0.496086,0.381537,0.335431,0.342301,0.0,0.0,0.0,0.161111,0.419057,0.347223,0.350988,0.406098,0.25,0.25,0.25,0.25,0.0,0.0,0.0,0.0,0.462614,0.3422,0.353347,0.344068,0.4585,0.4585,0.4585,0.460972,0.0,0.0,0.0,0.0,0.0,0.0,0.0,0.0,0.153785,-0.161111,0.012959,0.0,0.0,0.118546,-0.002472,0.0,0.0,40-plus,static,Inspector,internal security duty,0
0.478214,0.379067,0.329813,0.345876,0.0,0.0,0.333333,0.177778,0.269257,0.358877,0.34141,0.373312,0.25,0.25,0.25,0.25,0.0,0.0,0.0,0.0,0.2465,0.27871,0.351849,0.339076,0.3018,0.3018,0.3018,0.335985,0.377557,0.316847,0.330906,0.339196,0.0,0.0,0.0,0.0,0.132338,-0.177778,-0.104055,0.0,0.0,-0.092576,-0.034185,0.038361,0.0,under-30,static,Constable,group centre,0
0.476443,0.332037,0.376508,0.385044,0.0,0.0,0.255556,0.188889,0.4083,0.461687,0.400584,0.39706,0.25,0.25,0.25,0.25,0.0,0.0,0.155556,0.077778,0.274514,0.348633,0.37706,0.381772,0.5489,0.51266,0.473391,0.462763,0.334671,0.344647,0.347351,0.354876,0.0,0.0,0.0,0.0,0.091398,-0.188889,0.01124,0.0,-0.077778,-0.107257,0.086137,-0.020205,0.0,30-39,static,Sub-Inspector,internal security duty,0
0.728914,0.79266,0.60756,0.488606,0.318,0.318,0.215533,0.107767,0.750629,0.710737,0.624941,0.505541,0.75,0.75,0.75,0.75,0.0,0.0,0.0,0.0,0.765257,0.73259,0.611259,0.479847,0.0,0.0,0.0,0.0,0.0,0.0,0.0,0.0,0.0,0.0,0.0,0.0,0.240308,0.210233,0.245087,0.0,0.0,0.28541,0.0,0.0,0.0,under-30,surged,Constable,internal security duty,0
0.467057,0.51169,0.412947,0.386897,0.0,0.0,0.411111,0.205556,0.277114,0.416623,0.450091,0.418096,0.75,0.75,0.75,0.75,0.0,0.0,0.0,0.0,0.519214,0.448553,0.397354,0.414915,0.4175,0.4175,0.4175,0.4175,0.409529,0.371263,0.396202,0.393894,0.0,0.0,0.0,0.0,0.08016,-0.205556,-0.140982,0.0,0.0,0.104299,0.0,0.015635,0.0,40-plus,static,Assistant Commandant,left-wing extremism area,0
0.575429,0.501283,0.50502,0.434401,0.0,0.0,0.0,0.094444,0.4518,0.478607,0.506893,0.485462,0.25,0.25,0.25,0.25,0.0,0.0,0.155556,0.077778,0.513171,0.475207,0.536964,0.485478,0.4466,0.4466,0.4466,0.408437,0.0,0.0,0.0,0.0,0.0,0.0,0.0,0.0,0.141027,-0.094444,-0.033662,0.0,-0.077778,0.027694,0.038163,0.0,0.0,40-plus,static,Assistant Commandant,election duty,0
0.368257,0.477173,0.45507,0.426868,0.0,0.0,0.0,0.088889,0.540786,0.523743,0.480387,0.454822,0.75,0.75,0.75,0.75,0.0,0.0,0.0,0.0,0.5965,0.4989,0.493297,0.468778,0.0,0.0,0.0,0.0,0.356171,0.364613,0.405999,0.40257,0.0,0.0,0.0,0.0,-0.058611,-0.088889,0.085964,0.0,0.0,0.127722,0.0,-0.046399,0.0,30-39,static,Sub-Inspector,group centre,0
0.503,0.365727,0.378651,0.359596,0.0,0.533333,0.344444,0.172222,0.3485,0.297237,0.311967,0.316858,0.25,0.25,0.25,0.25,0.0,0.0,0.0,0.155556,0.339086,0.367797,0.38491,0.380582,0.0,0.0,0.0,0.0,0.0,0.0,0.0,0.0,0.0,0.0,0.0,0.0,0.143404,-0.172222,0.031642,0.0,-0.155556,-0.041496,0.0,0.0,0.0,30-39,static,Assistant Sub-Inspector,group centre,0
0.2773,0.44424,0.487959,0.433029,0.0,0.0,0.0,0.211111,0.517671,0.504343,0.457676,0.433624,0.25,0.25,0.25,0.25,0.0,0.0,0.0,0.0,0.347714,0.32235,0.423757,0.423717,0.0,0.0,0.0,0.0,0.0,0.0,0.0,0.0,0.0,0.0,0.0,0.0,-0.155729,-0.211111,0.084047,0.0,0.0,-0.076003,0.0,0.0,0.0,40-plus,static,Inspector,election duty,0
0.413957,0.398083,0.376804,0.412011,0.0,0.0,0.0,0.205556,0.3188,0.376113,0.410191,0.416407,0.25,0.25,0.25,0.25,0.0,0.466667,0.222222,0.155556,0.4266,0.448513,0.412707,0.416975,0.0,0.0,0.0,0.0,0.0,0.0,0.0,0.0,0.0,0.0,0.0,0.0,0.001946,-0.205556,-0.097607,0.0,-0.155556,0.009625,0.0,0.0,0.0,30-39,static,Assistant Sub-Inspector,group centre,0
0.400957,0.280853,0.297666,0.348429,0.0,0.0,0.133333,0.177778,0.319957,0.32803,0.378048,0.333444,0.25,0.25,0.25,0.25,0.0,0.0,0.0,0.0,0.1732,0.239343,0.309128,0.300617,0.4652,0.4652,0.451267,0.353118,0.0,0.0,0.0,0.0,0.0,0.0,0.0,0.0,0.052528,-0.177778,-0.013487,0.0,0.0,-0.127417,0.112082,0.0,0.0,40-plus,static,Assistant Commandant,left-wing extremism area,0
0.580614,0.50921,0.460503,0.468782,0.0,0.0,0.177778,0.216667,0.4509,0.381273,0.436834,0.414076,0.25,0.25,0.25,0.25,0.0,0.0,0.0,0.0,0.521157,0.492037,0.402892,0.410866,0.0,0.0,0.0,0.0,0.401057,0.40326,0.404091,0.408904,0.0,0.0,0.0,0.0,0.111832,-0.216667,0.036824,0.0,0.0,0.110291,0.0,-0.007847,0.0,40-plus,static,Inspector,election duty,0
0.349,0.38839,0.410722,0.445728,0.0,0.0,0.0,0.227778,0.422543,0.423743,0.477446,0.471265,0.75,0.75,0.75,0.75,0.0,0.166667,0.188889,0.155556,0.4356,0.43009,0.471291,0.440142,0.4983,0.513647,0.648093,0.611247,0.0,0.0,0.0,0.0,0.0,0.0,0.0,0.0,-0.096728,-0.227778,-0.048722,0.0,-0.155556,-0.004542,-0.112947,0.0,0.0,40-plus,static,Assistant Commandant,election duty,0
0.282,0.27579,0.319886,0.312526,0.0,0.0,0.0,0.183333,0.372471,0.282247,0.342718,0.355116,0.25,0.25,0.25,0.25,0.0,0.466667,0.311111,0.155556,0.342143,0.453847,0.3791,0.378354,0.3545,0.3545,0.3545,0.333578,0.428129,0.32974,0.350924,0.348601,0.0,0.0,0.0,0.0,-0.030526,-0.183333,0.017356,0.0,-0.155556,-0.036212,0.020922,0.079528,0.0,40-plus,static,Inspector,group centre,0
0.517586,0.548943,0.486649,0.470069,0.1174,0.1174,0.079571,0.23423,0.430086,0.403533,0.390431,0.388969,0.25,0.25,0.25,0.25,0.0,0.0,0.0,0.0,0.5316,0.541743,0.473019,0.430463,0.0,0.0,0.0,0.0,0.381543,0.3712,0.380598,0.378349,0.0,0.0,0.0,0.0,0.047517,-0.11683,0.041117,0.0,0.0,0.101137,0.0,0.003194,0.0,30-39,surged,Head Constable,internal security duty,0
0.8745,0.714807,0.597574,0.566382,0.2527,0.2527,0.437941,0.574526,0.862671,0.772727,0.683991,0.552033,0.25,0.25,0.25,0.25,0.0,0.0,0.155556,0.077778,0.734157,0.779803,0.636169,0.546374,0.7159,0.7159,0.618183,0.531093,0.0,0.0,0.0,0.0,0.0,0.0,0.0,0.0,0.308118,-0.321826,0.310638,0.0,-0.077778,0.187783,0.184807,0.0,0.0,40-plus,surged,Inspector,internal security duty,1
0.228214,0.296473,0.31817,0.334062,0.0,0.0,0.0,0.183333,0.443186,0.313963,0.321373,0.339689,0.25,0.25,0.25,0.25,0.0,0.0,0.0,0.0,0.3294,0.330867,0.408907,0.398132,0.2135,0.32006,0.3072,0.282122,0.416829,0.32441,0.354946,0.360789,0.0,0.0,0.0,0.0,-0.105847,-0.183333,0.103496,0.0,0.0,-0.068732,-0.068622,0.056039,0.0,40-plus,static,Assistant Commandant,election duty,0
0.463914,0.45974,0.391373,0.381637,0.0,0.0,0.0,0.0,0.347071,0.35609,0.474538,0.461563,0.75,0.75,0.75,0.75,0.0,0.0,0.0,0.016667,0.396571,0.38974,0.37757,0.370736,0.417686,0.403513,0.402792,0.437298,0.0,0.0,0.0,0.0,0.0,0.0,0.0,0.0,0.082277,0.0,-0.114491,0.0,-0.016667,0.025836,-0.019612,0.0,0.0,40-plus,static,Inspector,internal security duty,0
0.269971,0.35855,0.331664,0.361814,0.0,0.0,0.0,0.166667,0.2314,0.216943,0.32887,0.326213,0.25,0.25,0.25,0.25,0.0,0.0,0.0,0.0,0.2527,0.32276,0.311641,0.297305,0.081,0.15112,0.254147,0.248757,0.3734,0.310297,0.32065,0.324082,0.0,0.0,0.0,0.0,-0.091843,-0.166667,-0.094813,0.0,0.0,-0.044605,-0.167757,0.049318,0.0,30-39,static,Sub-Inspector,law and order deployment,0
0.304043,0.410023,0.39879,0.415799,0.0,0.2,0.411111,0.205556,0.3395,0.29948,0.374706,0.416764,0.25,0.25,0.25,0.25,0.0,0.0,0.0,0.0,0.411914,0.459787,0.389723,0.404566,0.0,0.0,0.0,0.0,0.377329,0.357243,0.370014,0.38627,0.0,0.0,0.0,0.0,-0.111756,-0.205556,-0.077264,0.0,0.0,0.007349,0.0,-0.008941,0.0,40-plus,static,Assistant Commandant,group centre,0
0.5093,0.314643,0.349904,0.328351,0.0,0.166667,0.355556,0.177778,0.4333,0.292493,0.332071,0.326272,0.25,0.25,0.25,0.25,0.0,0.0,0.155556,0.077778,0.283443,0.319173,0.305719,0.325686,0.0,0.0,0.0,0.0,0.0,0.0,0.0,0.0,0.0,0.0,0.0,0.0,0.180949,-0.177778,0.107028,0.0,-0.077778,-0.042243,0.0,0.0,0.0,30-39,static,Sub-Inspector,internal security duty,0
0.4562,0.276583,0.340023,0.302414,0.0,0.0,0.322222,0.161111,0.2651,0.296257,0.296386,0.329134,0.25,0.25,0.25,0.25,0.0,0.0,0.0,0.0,0.295014,0.318577,0.355541,0.359468,0.0286,0.0286,0.0286,0.090329,0.0,0.0,0.0,0.0,0.0,0.0,0.0,0.0,0.153786,-0.161111,-0.064034,0.0,0.0,-0.064453,-0.061729,0.0,0.0,40-plus,static,Assistant Commandant,law and order deployment,0
0.5675,0.582533,0.580172,0.496327,0.2483,0.2483,0.168292,0.295257,0.677157,0.660047,0.520789,0.465919,0.25,0.25,0.25,0.25,0.0,0.0,0.0,0.005556,0.730643,0.72561,0.61638,0.517883,0.2509,0.2509,0.2509,0.2509,0.490671,0.39058,0.386222,0.386105,0.0,0.0,0.0,0.0,0.071173,-0.046957,0.211238,0.0,-0.005556,0.21276,0.0,0.104566,0.0,30-39,surged,Assistant Sub-Inspector,internal security duty,0
0.360529,0.426177,0.452184,0.41661,0.0,0.0,0.0,0.2,0.5264,0.53269,0.436648,0.386544,0.25,0.25,0.25,0.25,0.0,0.466667,0.155556,0.155556,0.333371,0.4115,0.402444,0.415941,0.348429,0.465083,0.350503,0.306379,0.0,0.0,0.0,0.0,0.0,0.0,0.0,0.0,-0.056081,-0.2,0.139856,0.0,-0.155556,-0.08257,0.042049,0.0,0.0,30-39,static,Assistant Sub-Inspector,group centre,0
0.487929,0.576777,0.509813,0.454422,0.2717,0.63585,0.418827,0.209413,0.708786,0.625697,0.537421,0.419422,0.25,0.25,0.25,0.25,0.0,0.0,0.0,0.0,0.4991,0.560153,0.507254,0.384203,0.251914,0.16413,0.171923,0.209434,0.0,0.0,0.0,0.0,0.0,0.0,0.0,0.0,0.033506,0.062287,0.289364,0.0,0.0,0.114897,0.04248,0.0,0.0,30-39,surged,Sub-Inspector,internal security duty,0
0.2731,0.40164,0.349049,0.356979,0.0,0.0,0.0,0.0,0.236443,0.262833,0.271816,0.293271,0.25,0.25,0.25,0.25,0.0,0.366667,0.155556,0.077778,0.313886,0.37893,0.387724,0.383455,0.1685,0.1685,0.260838,0.311886,0.350357,0.32044,0.346453,0.337854,0.0,0.0,0.0,0.0,-0.083879,0.0,-0.056828,0.0,-0.077778,-0.069569,-0.143386,0.012503,0.0,30-39,static,Sub-Inspector,group centre,0
0.501214,0.47605,0.41843,0.424364,0.0,0.0,0.0,0.133333,0.3432,0.365777,0.426202,0.423436,0.25,0.25,0.25,0.25,0.0,0.0,0.0,0.077778,0.539329,0.449467,0.444801,0.424954,0.7043,0.7043,0.556398,0.392649,0.0,0.0,0.0,0.0,0.0,0.0,0.0,0.0,0.07685,-0.133333,-0.080236,0.0,-0.077778,0.114374,0.311651,0.0,0.0,under-30,static,Head Constable,group centre,0
0.339914,0.369793,0.368196,0.365823,0.0,0.0,0.188889,0.161111,0.422271,0.350107,0.320816,0.31106,0.25,0.25,0.25,0.25,0.0,0.0,0.0,0.077778,0.307857,0.279957,0.30905,0.298159,0.1427,0.1427,0.139547,0.252572,0.325357,0.28483,0.314512,0.323963,0.0,0.0,0.0,0.0,-0.025909,-0.161111,0.111211,0.0,-0.077778,0.009698,-0.109872,0.001394,0.0,40-plus,static,Assistant Commandant,left-wing extremism area,0
0.3333,0.31383,0.366669,0.345267,0.0,0.0,0.0,0.183333,0.466829,0.352587,0.370166,0.363049,0.25,0.25,0.25,0.25,0.0,0.0,0.0,0.077778,0.350257,0.396547,0.336487,0.357009,0.2671,0.2671,0.2671,0.295146,0.381871,0.324913,0.330928,0.333396,0.0,0.0,0.0,0.0,-0.011967,-0.183333,0.10378,0.0,-0.077778,-0.006752,-0.028046,0.048475,0.0,30-39,static,Assistant Sub-Inspector,left-wing extremism area,0
0.7233,0.63407,0.547919,0.417891,0.2565,0.2565,0.17385,0.259147,0.6655,0.670277,0.577227,0.459223,0.25,0.25,0.25,0.25,0.0,0.0,0.0,0.122222,0.626257,0.578523,0.491822,0.393713,0.1925,0.1925,0.1925,0.240776,0.0,0.0,0.0,0.0,0.0,0.0,0.0,0.0,0.305409,-0.002647,0.206277,0.0,-0.122222,0.232544,-0.048276,0.0,0.0,40-plus,surged,Inspector,internal security duty,0
0.355857,0.341203,0.365084,0.381449,0.0,0.0,0.0,0.205556,0.4722,0.39737,0.405313,0.423082,0.25,0.25,0.25,0.25,0.0,0.0,0.0,0.0,0.2436,0.265807,0.375398,0.386912,0.0,0.0,0.0,0.0,0.37,0.370683,0.399029,0.386061,0.0,0.0,0.0,0.0,-0.025592,-0.205556,0.049118,0.0,0.0,-0.143312,0.0,-0.016061,0.0,30-39,static,Assistant Sub-Inspector,election duty,0
0.400714,0.43708,0.434104,0.436628,0.0,0.0,0.1,0.227778,0.563314,0.463007,0.48459,0.484345,0.75,0.75,0.75,0.75,0.0,0.0,0.0,0.0,0.4777,0.514237,0.488867,0.481747,0.3992,0.3992,0.448878,0.424514,0.0,0.0,0.0,0.0,0.0,0.0,0.0,0.0,-0.035914,-0.227778,0.078969,0.0,0.0,-0.004047,-0.025314,0.0,0.0,40-plus,static,Inspector,left-wing extremism area,0
0.4241,0.367557,0.358007,0.318119,0.0,0.0,0.0,0.172222,0.356314,0.385533,0.36777,0.359672,0.25,0.25,0.25,0.25,0.0,0.0,0.0,0.0,0.2667,0.31792,0.316029,0.329511,0.2279,0.2279,0.230918,0.230918,0.367686,0.333613,0.329679,0.323934,0.0,0.0,0.0,0.0,0.105981,-0.172222,-0.003358,0.0,0.0,-0.062811,-0.003018,0.043752,0.0,40-plus,static,Inspector,election duty,0
0.1939,0.351713,0.303534,0.282153,0.0,0.0,0.288889,0.161111,0.5539,0.414857,0.338754,0.30472,0.25,0.25,0.25,0.25,0.0,0.0,0.0,0.077778,0.255429,0.24254,0.31637,0.313988,0.0,0.0,0.0,0.0,0.283557,0.28195,0.28737,0.297467,0.0,0.0,0.0,0.0,-0.088253,-0.161111,0.24918,0.0,-0.077778,-0.05856,0.0,-0.01391,0.0,30-39,static,Assistant Sub-Inspector,law and order deployment,0
0.425129,0.406437,0.427678,0.370534,0.0,0.0,0.0,0.183333,0.509414,0.41305,0.384724,0.367587,0.25,0.25,0.25,0.25,0.0,0.0,0.255556,0.127778,0.4954,0.44715,0.416996,0.402993,0.4583,0.4215,0.401222,0.401681,0.310571,0.293207,0.32917,0.340817,0.0,0.0,0.0,0.0,0.054594,-0.183333,0.141827,0.0,-0.127778,0.092407,0.056619,-0.030245,0.0,40-plus,static,Assistant Commandant,left-wing extremism area,0
0.2883,0.318173,0.401308,0.410142,0.0,0.0,0.0,0.0,0.4494,0.444237,0.394206,0.383802,0.75,0.75,0.75,0.75,0.0,0.0,0.0,0.0,0.2757,0.36751,0.351126,0.366992,0.2998,0.32332,0.360627,0.359262,0.0,0.0,0.0,0.0,0.0,0.0,0.0,0.0,-0.121842,0.0,0.065598,0.0,0.0,-0.091292,-0.059462,0.0,0.0,under-30,static,Head Constable,election duty,0
0.2581,0.370827,0.422546,0.418673,0.0,0.0,0.0,0.2,0.5309,0.3579,0.444466,0.431363,0.75,0.75,0.75,0.75,0.0,0.0,0.0,0.0,0.335,0.389057,0.392228,0.364252,0.0,0.0,0.0,0.0,0.0,0.0,0.0,0.0,0.0,0.0,0.0,0.0,-0.160573,-0.2,0.099537,0.0,0.0,-0.029252,0.0,0.0,0.0,under-30,static,Constable,left-wing extremism area,0
0.381529,0.472907,0.4233,0.416652,0.0,0.0,0.0,0.222222,0.4008,0.44736,0.413561,0.458074,0.75,0.75,0.75,0.75,0.285714,0.466667,0.155556,0.105556,0.411514,0.445117,0.425183,0.443147,0.5207,0.5207,0.506454,0.520468,0.0,0.0,0.0,0.0,0.0,0.0,0.0,0.0,-0.035124,-0.222222,-0.057274,0.0,0.180159,-0.031632,0.000232,0.0,0.0,40-plus,static,Assistant Commandant,law and order deployment,0
0.586,0.507613,0.490803,0.52826,0.0,0.266667,0.522222,0.333333,0.574,0.47884,0.527401,0.508848,0.25,0.25,0.25,0.25,0.0,0.0,0.0,0.0,0.492486,0.526087,0.491039,0.502892,0.5219,0.52962,0.57951,0.629205,0.453714,0.453167,0.465839,0.471446,0.0,0.0,0.0,0.0,0.05774,-0.333333,0.065152,0.0,0.0,-0.010406,-0.107305,-0.017731,0.0,under-30,static,Constable,election duty,1
0.4452,0.400663,0.469119,0.442116,0.0,0.0,0.311111,0.216667,0.329014,0.427583,0.470021,0.456211,0.25,0.25,0.25,0.25,0.0,0.0,0.0,0.077778,0.327014,0.336893,0.382647,0.378447,0.3411,0.3411,0.348333,0.352467,0.4382,0.398887,0.395561,0.405027,0.0,0.0,0.0,0.0,0.003084,-0.216667,-0.127196,0.0,-0.077778,-0.051432,-0.011367,0.033173,0.0,30-39,static,Assistant Sub-Inspector,group centre,0
0.540129,0.592083,0.496503,0.499173,0.0,0.0,0.0,0.25,0.493571,0.481943,0.51161,0.49121,0.25,0.25,0.25,0.25,0.0,0.0,0.0,0.0,0.5539,0.461173,0.471181,0.46971,0.5572,0.5572,0.607107,0.569243,0.503271,0.446937,0.45591,0.445566,0.0,0.0,0.0,0.0,0.040955,-0.25,0.002361,0.0,0.0,0.08419,-0.012043,0.057705,0.0,40-plus,static,Sub-Inspector,election duty,1
0.301886,0.3633,0.367889,0.336011,0.0,0.0,0.0,0.166667,0.395229,0.467407,0.460956,0.415984,0.25,0.25,0.25,0.25,0.0,0.0,0.144444,0.077778,0.364257,0.271483,0.347119,0.348706,0.0,0.0,0.0,0.0,0.0,0.0,0.0,0.0,0.0,0.0,0.0,0.0,-0.034125,-0.166667,-0.020755,0.0,-0.077778,0.015552,0.0,0.0,0.0,30-39,static,Sub-Inspector,group centre,0
0.320643,0.335823,0.3502,0.360298,0.0,0.0,0.0,0.216667,0.5104,0.374513,0.386152,0.411904,0.25,0.25,0.25,0.25,0.0,0.0,0.0,0.0,0.3803,0.317783,0.334921,0.392043,0.4802,0.4802,0.488476,0.448939,0.0,0.0,0.0,0.0,0.0,0.0,0.0,0.0,-0.039655,-0.216667,0.098496,0.0,0.0,-0.011743,0.031261,0.0,0.0,40-plus,static,Sub-Inspector,group centre,0
0.505829,0.53554,0.472016,0.448103,0.0,0.0,0.166667,0.238889,0.424271,0.409147,0.493107,0.49208,0.25,0.25,0.25,0.25,0.0,0.0,0.155556,0.155556,0.513386,0.452727,0.439497,0.460964,0.6856,0.6856,0.672649,0.450097,0.0,0.0,0.0,0.0,0.0,0.0,0.0,0.0,0.057726,-0.238889,-0.067809,0.0,-0.155556,0.052422,0.235503,0.0,0.0,under-30,static,Head Constable,left-wing extremism area,0
0.382643,0.408933,0.423924,0.380917,0.0,0.266667,0.433333,0.216667,0.453657,0.4501,0.461577,0.448569,0.25,0.25,0.25,0.25,0.0,0.0,0.0,0.0,0.3996,0.379707,0.387654,0.372299,0.5157,0.5157,0.516313,0.516515,0.0,0.0,0.0,0.0,0.0,0.0,0.0,0.0,0.001726,-0.216667,0.005088,0.0,0.0,0.027301,-0.000815,0.0,0.0,40-plus,static,Inspector,election duty,0
0.506643,0.481633,0.414937,0.390123,0.0,0.0,0.055556,0.222222,0.4295,0.49254,0.488332,0.442608,0.25,0.25,0.25,0.25,0.0,0.1,0.155556,0.077778,0.54,0.48135,0.43588,0.446359,0.0,0.0,0.0,0.0,0.0,0.0,0.0,0.0,0.0,0.0,0.0,0.0,0.11652,-0.222222,-0.013108,0.0,-0.077778,0.093641,0.0,0.0,0.0,30-39,static,Sub-Inspector,election duty,0
0.466443,0.451017,0.401271,0.388752,0.0,0.0,0.0,0.15,0.295257,0.35708,0.39414,0.409427,0.25,0.25,0.25,0.25,0.0,0.0,0.0,0.0,0.322614,0.315913,0.429067,0.433048,0.4082,0.446037,0.401646,0.391897,0.0,0.0,0.0,0.0,0.0,0.0,0.0,0.0,0.077691,-0.15,-0.11417,0.0,0.0,-0.110434,0.016303,0.0,0.0,30-39,static,Assistant Sub-Inspector,group centre,0
0.4626,0.34075,0.446763,0.422293,0.0,0.0,0.0,0.211111,0.350486,0.317187,0.355496,0.386532,0.25,0.25,0.25,0.25,0.0,0.0,0.0,0.0,0.326286,0.40509,0.411492,0.395186,0.4745,0.44699,0.43913,0.438639,0.384943,0.375153,0.372969,0.379428,0.0,0.0,0.0,0.0,0.040307,-0.211111,-0.036046,0.0,0.0,-0.0689,0.035861,0.005515,0.0,under-30,static,Head Constable,internal security duty,0
0.2948,0.317437,0.333461,0.330008,0.0,0.0,0.0,0.161111,0.225857,0.355787,0.314909,0.316666,0.25,0.25,0.25,0.25,0.0,0.0,0.0,0.0,0.377671,0.36951,0.337759,0.340179,0.0,0.0,0.0,0.0,0.0,0.0,0.0,0.0,0.0,0.0,0.0,0.0,-0.035208,-0.161111,-0.090808,0.0,0.0,0.037492,0.0,0.0,0.0,under-30,static,Head Constable,left-wing extremism area,0
0.407757,0.33774,0.348392,0.346362,0.0,0.5,0.344444,0.172222,0.418386,0.39648,0.354688,0.318594,0.75,0.75,0.75,0.75,0.0,0.0,0.155556,0.077778,0.4538,0.331067,0.30527,0.304752,0.0,0.0,0.0,0.0,0.0,0.0,0.0,0.0,0.0,0.0,0.0,0.0,0.061395,-0.172222,0.099791,0.0,-0.077778,0.149048,0.0,0.0,0.0,40-plus,static,Inspector,election duty,0
0.414386,0.377953,0.459004,0.439503,0.0,0.266667,0.422222,0.211111,0.4155,0.38801,0.366258,0.380676,0.25,0.25,0.25,0.25,0.0,0.0,0.0,0.044444,0.3227,0.366977,0.43539,0.419636,0.0,0.0,0.0,0.0,0.0,0.0,0.0,0.0,0.0,0.0,0.0,0.0,-0.025118,-0.211111,0.034824,0.0,-0.044444,-0.096936,0.0,0.0,0.0,40-plus,static,Sub-Inspector,internal security duty,0
0.574243,0.620673,0.439159,0.401319,0.1264,0.1264,0.085671,0.142836,0.3266,0.455903,0.408217,0.369239,0.25,0.25,0.25,0.25,0.0,0.0,0.0,0.038889,0.476771,0.488253,0.434464,0.408181,0.0,0.0,0.0,0.0,0.291257,0.302133,0.333874,0.337818,0.0,0.0,0.0,0.0,0.172923,-0.016436,-0.042639,0.0,-0.038889,0.068591,0.0,-0.046561,0.0,40-plus,surged,Assistant Commandant,internal security duty,0
0.4728,0.490787,0.425238,0.386077,0.0,0.0,0.0,0.111111,0.3975,0.38654,0.41366,0.394674,0.25,0.25,0.25,0.25,0.0,0.0,0.0,0.077778,0.4155,0.385397,0.297432,0.323652,0.5595,0.5595,0.435818,0.407765,0.0,0.0,0.0,0.0,0.0,0.0,0.0,0.0,0.086723,-0.111111,0.002826,0.0,-0.077778,0.091848,0.151735,0.0,0.0,30-39,static,Head Constable,law and order deployment,0
0.5992,0.56552,0.534872,0.423653,0.2989,0.2989,0.202588,0.101294,0.739329,0.70845,0.575663,0.481994,0.25,0.25,0.25,0.25,0.0,0.0,0.155556,0.077778,0.735014,0.65375,0.557218,0.474511,0.3402,0.3402,0.310209,0.302079,0.0,0.0,0.0,0.0,0.0,0.0,0.0,0.0,0.175547,0.197606,0.257334,0.0,-0.077778,0.260504,0.038121,0.0,0.0,40-plus,surged,Sub-Inspector,internal security duty,0
0.3235,0.367017,0.376631,0.405494,0.0,0.0,0.0,0.0,0.502929,0.43955,0.394224,0.419923,0.75,0.75,0.75,0.75,0.0,0.0,0.0,0.0,0.4981,0.399793,0.39918,0.419533,0.288,0.297973,0.419571,0.406986,0.0,0.0,0.0,0.0,0.0,0.0,0.0,0.0,-0.081994,0.0,0.083005,0.0,0.0,0.078567,-0.118986,0.0,0.0,30-39,static,Assistant Sub-Inspector,internal security duty,0
0.5452,0.52936,0.478109,0.503697,0.0,0.0,0.0,0.411111,0.6348,0.579317,0.520014,0.491625,0.75,0.75,0.75,0.75,0.0,0.466667,0.155556,0.155556,0.485,0.392493,0.474608,0.483426,0.6396,0.6396,0.544493,0.522876,0.0,0.0,0.0,0.0,0.0,0.0,0.0,0.0,0.041503,-0.411111,0.143175,0.0,-0.155556,0.001574,0.116724,0.0,0.0,30-39,static,Sub-Inspector,left-wing extremism area,1
0.544929,0.492307,0.471948,0.427579,0.2016,0.2016,0.13664,0.223876,0.455,0.50933,0.452134,0.365688,0.25,0.25,0.25,0.25,0.0,0.0,0.0,0.077778,0.501757,0.556533,0.473236,0.41927,0.1484,0.1484,0.1484,0.203144,0.386871,0.29298,0.319104,0.318546,0.0,0.0,0.0,0.0,0.117349,-0.022276,0.089312,0.0,-0.077778,0.082487,-0.054744,0.068326,0.0,40-plus,surged,Sub-Inspector,internal security duty,0
0.518014,0.508973,0.517451,0.495273,0.0,0.0,0.0,0.25,0.420314,0.507793,0.529211,0.533591,0.25,0.25,0.25,0.25,0.0,0.0,0.155556,0.155556,0.4554,0.42236,0.474524,0.48857,0.0,0.0,0.0,0.0,0.0,0.0,0.0,0.0,0.0,0.0,0.0,0.0,0.022742,-0.25,-0.113277,0.0,-0.155556,-0.03317,0.0,0.0,0.0,under-30,static,Constable,election duty,1
0.406186,0.349193,0.420671,0.410072,0.0,0.0,0.422222,0.211111,0.2892,0.333177,0.356531,0.407381,0.25,0.25,0.25,0.25,0.0,0.0,0.155556,0.155556,0.2941,0.366427,0.412161,0.421769,0.0,0.0,0.0,0.0,0.4223,0.382367,0.377782,0.37352,0.0,0.0,0.0,0.0,-0.003886,-0.211111,-0.118181,0.0,-0.155556,-0.127669,0.0,0.04878,0.0,30-39,static,Assistant Sub-Inspector,internal security duty,0
0.2218,0.416893,0.363832,0.336215,0.0,0.0,0.355556,0.177778,0.220257,0.26949,0.284211,0.340925,0.25,0.25,0.25,0.25,0.0,0.0,0.0,0.0,0.433886,0.37934,0.38109,0.371433,0.1059,0.1059,0.249498,0.284718,0.360543,0.319863,0.321796,0.337665,0.0,0.0,0.0,0.0,-0.114415,-0.177778,-0.120668,0.0,0.0,0.062452,-0.178818,0.022878,0.0,30-39,static,Sub-Inspector,internal security duty,0
0.434771,0.486073,0.420927,0.407838,0.0,0.0,0.233333,0.188889,0.410771,0.36196,0.345927,0.385203,0.75,0.75,0.75,0.75,0.0,0.0,0.0,0.077778,0.3664,0.465603,0.431327,0.418979,0.2655,0.356573,0.418569,0.422397,0.0,0.0,0.0,0.0,0.0,0.0,0.0,0.0,0.026934,-0.188889,0.025568,0.0,-0.077778,-0.052579,-0.156897,0.0,0.0,40-plus,static,Sub-Inspector,internal security duty,0
0.6174,0.528723,0.531112,0.539767,0.0,0.0,0.0,0.272222,0.597071,0.53749,0.553964,0.553497,0.25,0.25,0.25,0.25,0.0,0.0,0.0,0.077778,0.6125,0.520273,0.585034,0.546967,0.6137,0.6137,0.615963,0.626822,0.4873,0.455133,0.480823,0.479979,0.0,0.0,0.0,0.0,0.077633,-0.272222,0.043574,0.0,-0.077778,0.065533,-0.013122,0.007321,0.0,40-plus,static,Assistant Commandant,group centre,1
0.5603,0.40346,0.389408,0.379608,0.0,0.0,0.4,0.2,0.3514,0.483167,0.427547,0.433898,0.25,0.25,0.25,0.25,0.0,0.0,0.155556,0.077778,0.411386,0.45013,0.399358,0.411703,0.5313,0.361897,0.456566,0.504204,0.452543,0.357387,0.392484,0.384281,0.0,0.0,0.0,0.0,0.180692,-0.2,-0.082498,0.0,-0.077778,-0.000317,0.027096,0.068262,0.0,30-39,static,Sub-Inspector,group centre,0
0.478414,0.563013,0.492753,0.470779,0.0,0.5,0.755556,0.477778,0.387271,0.438893,0.483339,0.499642,0.25,0.25,0.25,0.25,0.428571,0.466667,0.311111,0.155556,0.2968,0.489833,0.481526,0.451437,0.3155,0.3155,0.36702,0.491187,0.0,0.0,0.0,0.0,0.0,0.0,0.0,0.0,0.007635,-0.477778,-0.11237,0.0,0.273016,-0.154637,-0.175687,0.0,0.0,under-30,static,Head Constable,left-wing extremism area,0
0.4668,0.46463,0.362753,0.362554,0.0,0.0,0.0,0.0,0.475,0.4514,0.396892,0.376306,0.25,0.25,0.25,0.25,0.0,0.0,0.155556,0.155556,0.381471,0.346437,0.371652,0.394788,0.2861,0.2861,0.31314,0.345289,0.372386,0.351737,0.35326,0.354993,0.0,0.0,0.0,0.0,0.104246,0.0,0.098694,0.0,-0.155556,-0.013316,-0.059189,0.017393,0.0,40-plus,static,Sub-Inspector,left-wing extremism area,0
0.3095,0.322877,0.324842,0.343361,0.0,0.0,0.0,0.161111,0.2718,0.343127,0.358569,0.343299,0.25,0.25,0.25,0.25,0.0,0.0,0.166667,0.155556,0.3139,0.284597,0.279202,0.343145,0.0,0.0,0.0,0.0,0.0,0.0,0.0,0.0,0.0,0.0,0.0,0.0,-0.033861,-0.161111,-0.071499,0.0,-0.155556,-0.029245,0.0,0.0,0.0,30-39,static,Sub-Inspector,law and order deployment,0
0.2726,0.38187,0.401441,0.428771,0.0,0.0,0.166667,0.216667,0.3368,0.480477,0.47101,0.465393,0.25,0.25,0.25,0.25,0.0,0.233333,0.155556,0.077778,0.513271,0.56402,0.459521,0.414513,0.0,0.0,0.0,0.0,0.0,0.0,0.0,0.0,0.0,0.0,0.0,0.0,-0.156171,-0.216667,-0.128593,0.0,-0.077778,0.098758,0.0,0.0,0.0,30-39,static,Head Constable,left-wing extremism area,0
0.4608,0.352867,0.37839,0.361937,0.0,0.0,0.0,0.0,0.4144,0.388293,0.372562,0.355597,0.25,0.25,0.25,0.25,0.0,0.0,0.0,0.0,0.4412,0.425397,0.366322,0.364554,0.4462,0.4462,0.4462,0.376962,0.347657,0.33248,0.358391,0.355209,0.0,0.0,0.0,0.0,0.098863,0.0,0.058803,0.0,0.0,0.076646,0.069238,-0.007552,0.0,under-30,static,Constable,election duty,0
0.418529,0.393597,0.386289,0.388499,0.0,0.0,0.0,0.0,0.523429,0.459867,0.374396,0.347287,0.75,0.75,0.75,0.75,0.0,0.0,0.0,0.133333,0.399029,0.37284,0.368698,0.386981,0.259314,0.260247,0.263682,0.274401,0.332371,0.344807,0.358928,0.360933,0.0,0.0,0.0,0.0,0.03003,0.0,0.176142,0.0,-0.133333,0.012048,-0.015087,-0.028562,0.0,40-plus,static,Inspector,left-wing extremism area,0
0.944614,0.803813,0.678106,0.597017,0.3155,0.3155,0.302728,0.345808,0.6817,0.78941,0.671707,0.601658,0.25,0.25,0.25,0.25,0.0,0.0,0.0,0.0,0.654171,0.72783,0.62302,0.528573,0.0,0.0,0.0,0.0,0.0,0.0,0.0,0.0,0.0,0.0,0.0,0.0,0.347597,-0.030308,0.080042,0.0,0.0,0.125598,0.0,0.0,0.0,30-39,surged,Assistant Sub-Inspector,internal security duty,0
0.2297,0.247077,0.29757,0.317189,0.0,0.0,0.0,0.0,0.242843,0.32528,0.313044,0.337215,0.75,0.75,0.75,0.75,0.0,0.0,0.0,0.0,0.255557,0.225183,0.257699,0.292262,0.0,0.0,0.0,0.0,0.435857,0.320903,0.338878,0.337733,0.0,0.0,0.0,0.0,-0.087489,0.0,-0.094372,0.0,0.0,-0.036705,0.0,0.098124,0.0,30-39,static,Assistant Sub-Inspector,left-wing extremism area,0
0.422629,0.324403,0.3631,0.391726,0.0,0.0,0.233333,0.183333,0.382529,0.447107,0.393997,0.41452,0.75,0.75,0.75,0.75,0.0,0.0,0.0,0.0,0.3451,0.354023,0.406292,0.379866,0.0,0.0,0.0,0.0,0.0,0.0,0.0,0.0,0.0,0.0,0.0,0.0,0.030903,-0.183333,-0.031991,0.0,0.0,-0.034766,0.0,0.0,0.0,under-30,static,Constable,law and order deployment,0
0.451486,0.36591,0.395396,0.430623,0.0,0.0,0.0,0.094444,0.501629,0.48676,0.440226,0.419254,0.25,0.25,0.25,0.25,0.0,0.0,0.0,0.0,0.432529,0.459957,0.430633,0.405323,0.0,0.0,0.0,0.0,0.382814,0.390557,0.401177,0.390651,0.0,0.0,0.0,0.0,0.020862,-0.094444,0.082375,0.0,0.0,0.027206,0.0,-0.007836,0.0,under-30,static,Head Constable,election duty,0
0.4818,0.414497,0.437576,0.417519,0.0,0.0,0.4,0.2,0.4011,0.42976,0.399367,0.381958,0.75,0.75,0.75,0.75,0.0,0.0,0.0,0.0,0.310086,0.39249,0.420982,0.412104,0.4338,0.353667,0.337947,0.442376,0.0,0.0,0.0,0.0,0.0,0.0,0.0,0.0,0.064281,-0.2,0.019142,0.0,0.0,-0.102018,-0.008576,0.0,0.0,under-30,static,Constable,internal security duty,0
0.464143,0.338483,0.330204,0.359021,0.857143,0.966667,0.366667,0.183333,0.244,0.44306,0.36399,0.354321,0.25,0.25,0.25,0.25,0.0,0.0,0.0,0.0,0.494586,0.365953,0.380958,0.366063,0.477571,0.4659,0.483233,0.394136,0.0,0.0,0.0,0.0,0.0,0.0,0.0,0.0,0.105122,0.67381,-0.110321,0.0,0.0,0.128523,0.083436,0.0,0.0,40-plus,static,Assistant Commandant,internal security duty,0
0.1699,0.26638,0.306044,0.352632,0.0,0.0,0.177778,0.183333,0.308386,0.381337,0.38832,0.377817,0.25,0.25,0.25,0.25,0.0,0.0,0.155556,0.077778,0.424186,0.371083,0.336,0.360121,0.372,0.32896,0.361277,0.415238,0.283814,0.310867,0.329916,0.329782,0.0,0.0,0.0,0.0,-0.182732,-0.183333,-0.069431,0.0,-0.077778,0.064065,-0.043238,-0.045968,0.0,40-plus,static,Inspector,internal security duty,0
0.3579,0.369053,0.384686,0.368646,0.285714,0.833333,0.355556,0.177778,0.202257,0.271443,0.368558,0.344708,0.75,0.75,0.75,0.75,0.0,0.0,0.0,0.138889,0.235343,0.365353,0.326813,0.340688,0.0,0.0,0.0,0.0,0.393386,0.310377,0.351966,0.351849,0.0,0.0,0.0,0.0,-0.010746,0.107937,-0.142451,0.0,-0.138889,-0.105345,0.0,0.041537,0.0,40-plus,static,Inspector,internal security duty,0
0.525943,0.376533,0.33534,0.358093,0.0,0.0,0.0,0.0,0.244,0.252823,0.377419,0.362077,0.25,0.25,0.25,0.25,0.0,0.0,0.0,0.0,0.369729,0.332253,0.371948,0.376858,0.0,0.0,0.0,0.0,0.284986,0.311893,0.329391,0.337111,0.0,0.0,0.0,0.0,0.16785,0.0,-0.118077,0.0,0.0,-0.007129,0.0,-0.052125,0.0,under-30,static,Head Constable,left-wing extremism area,0
0.251857,0.362653,0.355603,0.356943,0.0,0.0,0.0,0.177778,0.459629,0.338837,0.345681,0.34493,0.75,0.75,0.75,0.75,0.0,0.0,0.155556,0.077778,0.4111,0.375157,0.39483,0.395869,0.0,0.0,0.0,0.0,0.0,0.0,0.0,0.0,0.0,0.0,0.0,0.0,-0.105086,-0.177778,0.114699,0.0,-0.077778,0.015231,0.0,0.0,0.0,40-plus,static,Inspector,left-wing extremism area,0
0.3572,0.439823,0.451866,0.419795,0.0,0.0,0.0,0.0,0.377857,0.40022,0.414467,0.430087,0.25,0.25,0.25,0.25,0.0,0.166667,0.155556,0.077778,0.5005,0.456647,0.438023,0.440215,0.4269,0.4427,0.441626,0.488874,0.0,0.0,0.0,0.0,0.0,0.0,0.0,0.0,-0.062595,0.0,-0.05223,0.0,-0.077778,0.060285,-0.061974,0.0,0.0,under-30,static,Head Constable,law and order deployment,0
0.432871,0.33498,0.271038,0.285527,0.0,0.4,0.322222,0.161111,0.458186,0.458693,0.37465,0.333131,0.25,0.25,0.25,0.25,0.0,0.0,0.0,0.0,0.4249,0.349427,0.368913,0.312399,0.0,0.0,0.0,0.0,0.305214,0.31849,0.325409,0.319721,0.0,0.0,0.0,0.0,0.147345,-0.161111,0.125055,0.0,0.0,0.112501,0.0,-0.014506,0.0,40-plus,static,Assistant Commandant,law and order deployment,0
0.4608,0.45898,0.399079,0.387402,0.0,0.0,0.055556,0.188889,0.382443,0.39655,0.372362,0.402613,0.25,0.25,0.25,0.25,0.0,0.0,0.0,0.0,0.349986,0.315673,0.379259,0.395245,0.5156,0.37511,0.33497,0.348988,0.343943,0.316633,0.349486,0.356978,0.0,0.0,0.0,0.0,0.073398,-0.188889,-0.02017,0.0,0.0,-0.045259,0.166612,-0.013035,0.0,under-30,static,Constable,internal security duty,0
0.638,0.71316,0.533177,0.449136,0.3091,0.3091,0.476772,0.238386,0.629586,0.614417,0.541648,0.425713,0.25,0.25,0.25,0.25,0.0,0.0,0.066667,0.122222,0.511643,0.651017,0.530744,0.415622,0.0,0.0,0.290017,0.311071,0.0,0.0,0.0,0.0,0.0,0.0,0.0,0.0,0.188864,0.070714,0.203872,0.0,-0.122222,0.096021,-0.311071,0.0,0.0,30-39,surged,Head Constable,internal security duty,0
0.407,0.375647,0.427478,0.394719,0.0,0.0,0.0,0.0,0.3704,0.463317,0.442234,0.440522,0.75,0.75,0.75,0.75,0.0,0.0,0.0,0.077778,0.343957,0.443963,0.437801,0.449296,0.5561,0.5561,0.421601,0.308801,0.363171,0.36863,0.394963,0.396188,0.0,0.0,0.0,0.0,0.012281,0.0,-0.070122,0.0,-0.077778,-0.105339,0.247299,-0.033017,0.0,40-plus,static,Sub-Inspector,left-wing extremism area,0
0.476814,0.478167,0.507678,0.481428,0.0,0.0,0.555556,0.277778,0.604714,0.487727,0.494673,0.488273,0.75,0.75,0.75,0.75,0.0,0.0,0.0,0.0,0.528714,0.471603,0.484441,0.460562,0.5352,0.668207,0.571269,0.584334,0.0,0.0,0.0,0.0,0.0,0.0,0.0,0.0,-0.004613,-0.277778,0.116441,0.0,0.0,0.068153,-0.049134,0.0,0.0,under-30,static,Head Constable,election duty,1
0.449943,0.46301,0.429692,0.410079,0.0,0.0,0.122222,0.194444,0.446157,0.37411,0.405272,0.380961,0.25,0.25,0.25,0.25,0.0,0.0,0.0,0.0,0.4211,0.392807,0.396837,0.357654,0.0,0.0,0.0,0.0,0.0,0.0,0.0,0.0,0.0,0.0,0.0,0.0,0.039864,-0.194444,0.065197,0.0,0.0,0.063446,0.0,0.0,0.0,40-plus,static,Inspector,left-wing extremism area,0
0.2963,0.289177,0.357692,0.33435,0.857143,0.933333,0.311111,0.155556,0.283571,0.403033,0.311734,0.292213,0.25,0.25,0.25,0.25,0.0,0.0,0.0,0.0,0.2256,0.24226,0.232439,0.26864,0.3461,0.33545,0.294852,0.294852,0.188857,0.287427,0.310772,0.312776,0.0,0.0,0.0,0.0,-0.03805,0.701587,-0.008642,0.0,0.0,-0.04304,0.051248,-0.123919,0.0,30-39,static,Head Constable,internal security duty,0
0.4389,0.35287,0.353377,0.365086,0.0,0.566667,0.377778,0.188889,0.4552,0.341973,0.326862,0.362162,0.25,0.25,0.25,0.25,0.0,0.0,0.155556,0.077778,0.4433,0.395977,0.339693,0.337024,0.0,0.0,0.0,0.0,0.0,0.0,0.0,0.0,0.0,0.0,0.0,0.0,0.073814,-0.188889,0.093038,0.0,-0.077778,0.106276,0.0,0.0,0.0,40-plus,static,Inspector,internal security duty,0
0.5555,0.40445,0.401818,0.432742,0.0,0.0,0.433333,0.216667,0.349629,0.454933,0.467926,0.462472,0.25,0.25,0.25,0.25,0.0,0.0,0.0,0.0,0.566229,0.558457,0.457886,0.429371,0.432,0.432,0.436244,0.393609,0.414971,0.366757,0.390212,0.396725,0.0,0.0,0.0,0.0,0.122758,-0.216667,-0.112843,0.0,0.0,0.136857,0.038391,0.018246,0.0,30-39,static,Assistant Sub-Inspector,law and order deployment,0
0.580071,0.601073,0.537734,0.479593,0.3025,0.3025,0.205028,0.180292,0.697286,0.72022,0.582026,0.453811,0.25,0.25,0.25,0.25,0.0,0.0,0.0,0.077778,0.713771,0.621067,0.473874,0.388759,0.0,0.0,0.0,0.0,0.0,0.0,0.0,0.0,0.0,0.0,0.0,0.0,0.100479,0.122208,0.243475,0.0,-0.077778,0.325013,0.0,0.0,0.0,40-plus,surged,Assistant Commandant,internal security duty,0
0.2636,0.30254,0.349774,0.382407,0.0,0.433333,0.377778,0.188889,0.389357,0.358787,0.391186,0.361453,0.25,0.25,0.25,0.25,0.0,0.0,0.0,0.0,0.4315,0.397667,0.410102,0.376783,0.0,0.0,0.0,0.0,0.0,0.0,0.0,0.0,0.0,0.0,0.0,0.0,-0.118807,-0.188889,0.027904,0.0,0.0,0.054717,0.0,0.0,0.0,40-plus,static,Assistant Commandant,group centre,0
0.4136,0.47955,0.519696,0.503861,0.0,0.0,0.0,0.183333,0.622014,0.58081,0.555628,0.542756,0.75,0.75,0.75,0.75,0.0,0.466667,0.155556,0.155556,0.7166,0.537403,0.568751,0.567372,0.8221,0.544833,0.672264,0.684378,0.479771,0.430697,0.486784,0.486393,0.0,0.0,0.0,0.0,-0.090261,-0.183333,0.079259,0.0,-0.155556,0.149228,0.137722,-0.006622,0.0,40-plus,static,Assistant Commandant,group centre,1
0.407757,0.335043,0.425858,0.398494,0.0,0.0,0.0,0.0,0.264029,0.273207,0.372466,0.40973,0.25,0.25,0.25,0.25,0.0,0.133333,0.311111,0.155556,0.4598,0.49446,0.429214,0.424854,0.152,0.39902,0.504158,0.353482,0.0,0.0,0.0,0.0,0.0,0.0,0.0,0.0,0.009263,0.0,-0.145701,0.0,-0.155556,0.034946,-0.201482,0.0,0.0,30-39,static,Head Constable,internal security duty,0
0.426329,0.436447,0.43006,0.439103,0.0,0.0,0.0,0.0,0.407171,0.37938,0.398522,0.393152,0.25,0.25,0.25,0.25,0.0,0.233333,0.155556,0.077778,0.446029,0.504783,0.411931,0.426394,0.7438,0.736793,0.598818,0.450503,0.0,0.0,0.0,0.0,0.0,0.0,0.0,0.0,-0.012774,0.0,0.014019,0.0,-0.077778,0.019635,0.293297,0.0,0.0,under-30,static,Constable,law and order deployment,0
0.561643,0.567527,0.578042,0.557034,0.0,0.0,0.0,0.0,0.634357,0.537177,0.540732,0.512224,0.75,0.75,0.75,0.75,0.0,0.366667,0.155556,0.077778,0.4853,0.505133,0.512886,0.53233,0.0,0.0,0.0,0.0,0.490286,0.464033,0.481544,0.488781,0.0,0.0,0.0,0.0,0.004608,0.0,0.122133,0.0,-0.077778,-0.04703,0.0,0.001505,0.0,under-30,static,Head Constable,left-wing extremism area,1
0.511157,0.557653,0.547556,0.470859,0.0,0.0,0.0,0.233333,0.482071,0.377447,0.459629,0.441873,0.75,0.75,0.75,0.75,0.0,0.0,0.0,0.0,0.3463,0.43455,0.446176,0.450263,0.5668,0.551363,0.534354,0.536527,0.4171,0.419353,0.42102,0.412961,0.0,0.0,0.0,0.0,0.040298,-0.233333,0.040199,0.0,0.0,-0.103963,0.030273,0.004139,0.0,under-30,static,Constable,law and order deployment,0
0.329771,0.36468,0.391763,0.400028,0.0,0.0,0.0,0.011111,0.4979,0.47103,0.418821,0.434391,0.75,0.75,0.75,0.75,0.0,0.0,0.0,0.0,0.4659,0.445273,0.410844,0.376207,0.2892,0.251727,0.223176,0.29624,0.0,0.0,0.0,0.0,0.0,0.0,0.0,0.0,-0.070257,-0.011111,0.063509,0.0,0.0,0.089693,-0.00704,0.0,0.0,30-39,static,Head Constable,left-wing extremism area,0
0.4596,0.463587,0.46053,0.424041,0.0,0.0,0.0,0.216667,0.342971,0.34575,0.379102,0.417649,0.25,0.25,0.25,0.25,0.0,0.0,0.0,0.105556,0.481186,0.45191,0.397493,0.386821,0.0,0.0,0.0,0.0,0.461471,0.401937,0.398847,0.408924,0.0,0.0,0.0,0.0,0.035559,-0.216667,-0.074678,0.0,-0.105556,0.094365,0.0,0.052548,0.0,40-plus,static,Inspector,group centre,0
0.1554,0.316627,0.354278,0.359934,0.0,0.0,0.0,0.0,0.468657,0.33963,0.369953,0.37177,0.25,0.25,0.25,0.25,0.0,0.0,0.0,0.094444,0.4245,0.403963,0.351213,0.366422,0.2269,0.25002,0.306523,0.316562,0.381114,0.33745,0.329342,0.331658,0.0,0.0,0.0,0.0,-0.204534,0.0,0.096887,0.0,-0.094444,0.058078,-0.089662,0.049457,0.0,30-39,static,Head Constable,election duty,0
0.4677,0.37435,0.298813,0.290649,0.0,0.0,0.311111,0.166667,0.2237,0.305647,0.379511,0.35744,0.75,0.75,0.75,0.75,0.0,0.0,0.0,0.0,0.4104,0.39908,0.390877,0.392163,0.4525,0.4525,0.44046,0.351531,0.0,0.0,0.0,0.0,0.0,0.0,0.0,0.0,0.177051,-0.166667,-0.13374,0.0,0.0,0.018237,0.100969,0.0,0.0,30-39,static,Sub-Inspector,group centre,0
0.267686,0.307893,0.413441,0.399951,0.0,0.0,0.0,0.0,0.354943,0.432843,0.429258,0.425532,0.25,0.25,0.25,0.25,0.0,0.0,0.0,0.0,0.389471,0.33891,0.380861,0.364886,0.2589,0.2589,0.415367,0.452783,0.0,0.0,0.0,0.0,0.0,0.0,0.0,0.0,-0.132265,0.0,-0.070589,0.0,0.0,0.024586,-0.193883,0.0,0.0,30-39,static,Assistant Sub-Inspector,law and order deployment,0
0.4309,0.45128,0.381694,0.380253,0.0,0.733333,0.433333,0.216667,0.5329,0.388013,0.424667,0.425247,0.25,0.25,0.25,0.25,0.0,0.0,0.0,0.155556,0.375443,0.429083,0.438613,0.443571,0.345757,0.39745,0.46111,0.442045,0.0,0.0,0.0,0.0,0.0,0.0,0.0,0.0,0.050647,-0.216667,0.107653,0.0,-0.155556,-0.068128,-0.096288,0.0,0.0,under-30,static,Constable,left-wing extremism area,0
0.2587,0.281273,0.331746,0.336525,0.0,0.0,0.0,0.0,0.285129,0.39075,0.399888,0.346846,0.25,0.25,0.25,0.25,0.0,0.0,0.0,0.077778,0.3156,0.301503,0.338762,0.327738,0.0,0.0,0.0,0.0,0.0,0.0,0.0,0.0,0.0,0.0,0.0,0.0,-0.077825,0.0,-0.061717,0.0,-0.077778,-0.012138,0.0,0.0,0.0,40-plus,static,Assistant Commandant,left-wing extremism area,0
0.412114,0.40091,0.402832,0.394147,0.0,0.5,0.422222,0.211111,0.449943,0.42328,0.434753,0.400579,0.25,0.25,0.25,0.25,0.0,0.0,0.0,0.0,0.514571,0.464857,0.481784,0.474701,0.4307,0.4261,0.425167,0.430408,0.374871,0.3597,0.380226,0.390642,0.0,0.0,0.0,0.0,0.017967,-0.211111,0.049364,0.0,0.0,0.03987,0.000292,-0.01577,0.0,30-39,static,Head Constable,left-wing extremism area,0
0.3141,0.303313,0.285649,0.30061,0.0,0.0,0.0,0.0,0.4569,0.296683,0.346912,0.31222,0.75,0.75,0.75,0.75,0.0,0.466667,0.311111,0.155556,0.364571,0.425323,0.349587,0.351692,0.0,0.0,0.0,0.0,0.329414,0.299133,0.321996,0.328076,0.0,0.0,0.0,0.0,0.01349,0.0,0.14468,0.0,-0.155556,0.01288,0.0,0.001339,0.0,40-plus,static,Inspector,election duty,0
0.2554,0.356513,0.363907,0.366516,0.285714,0.833333,0.377778,0.188889,0.2708,0.287093,0.352251,0.366142,0.25,0.25,0.25,0.25,0.0,0.0,0.0,0.0,0.391714,0.473893,0.399612,0.364401,0.325814,0.48136,0.51292,0.515897,0.313086,0.292563,0.32957,0.34453,0.0,0.0,0.0,0.0,-0.111116,0.096825,-0.095342,0.0,0.0,0.027313,-0.190082,-0.031444,0.0,30-39,static,Assistant Sub-Inspector,internal security duty,0
0.3914,0.374577,0.36358,0.328469,0.0,0.0,0.0,0.133333,0.324629,0.437373,0.392769,0.365294,0.25,0.25,0.25,0.25,0.0,0.0,0.122222,0.155556,0.356071,0.36102,0.349379,0.323155,0.1401,0.1401,0.287862,0.353141,0.250543,0.266283,0.315768,0.310449,0.0,0.0,0.0,0.0,0.062931,-0.133333,-0.040665,0.0,-0.155556,0.032916,-0.213041,-0.059907,0.0,40-plus,static,Inspector,group centre,0
0.343243,0.33754,0.305024,0.327864,0.0,0.0,0.0,0.166667,0.465357,0.406847,0.369003,0.313097,0.25,0.25,0.25,0.25,0.0,0.0,0.0,0.0,0.2485,0.24213,0.293663,0.324064,0.0,0.0,0.0,0.0,0.0,0.0,0.0,0.0,0.0,0.0,0.0,0.0,0.015378,-0.166667,0.15226,0.0,0.0,-0.075564,0.0,0.0,0.0,under-30,static,Constable,left-wing extremism area,0
0.384143,0.349967,0.330406,0.34638,0.0,0.0,0.0,0.144444,0.5275,0.462493,0.391137,0.400178,0.25,0.25,0.25,0.25,0.0,0.433333,0.311111,0.155556,0.370286,0.33715,0.334107,0.363325,0.4047,0.4047,0.397416,0.379063,0.3688,0.361307,0.378251,0.356391,0.0,0.0,0.0,0.0,0.037763,-0.144444,0.127322,0.0,-0.155556,0.006961,0.025637,0.012409,0.0,40-plus,static,Assistant Commandant,law and order deployment,0
0.312,0.35974,0.372386,0.36217,0.0,0.0,0.0,0.188889,0.278086,0.365773,0.39547,0.383257,0.25,0.25,0.25,0.25,0.0,0.0,0.0,0.0,0.374,0.35212,0.397632,0.388004,0.2851,0.300533,0.444578,0.406584,0.0,0.0,0.0,0.0,0.0,0.0,0.0,0.0,-0.05017,-0.188889,-0.105172,0.0,0.0,-0.014004,-0.121484,0.0,0.0,30-39,static,Assistant Sub-Inspector,left-wing extremism area,0
0.3508,0.345527,0.310099,0.347131,0.0,0.0,0.0,0.0,0.186071,0.25176,0.307012,0.324799,0.25,0.25,0.25,0.25,0.0,0.0,0.155556,0.155556,0.1924,0.286953,0.343243,0.322644,0.2635,0.2635,0.372669,0.363056,0.298243,0.308563,0.305673,0.313665,0.0,0.0,0.0,0.0,0.003669,0.0,-0.138728,0.0,-0.155556,-0.130244,-0.099556,-0.015422,0.0,30-39,static,Assistant Sub-Inspector,law and order deployment,0
0.332514,0.46748,0.431648,0.430816,0.0,0.066667,0.422222,0.211111,0.3563,0.403447,0.428224,0.419502,0.25,0.25,0.25,0.25,0.0,0.4,0.155556,0.077778,0.5296,0.439937,0.487548,0.453758,0.4327,0.4149,0.510811,0.525154,0.0,0.0,0.0,0.0,0.0,0.0,0.0,0.0,-0.098301,-0.211111,-0.063202,0.0,-0.077778,0.075842,-0.092454,0.0,0.0,under-30,static,Head Constable,law and order deployment,0
0.224771,0.340877,0.320344,0.328668,0.0,0.0,0.322222,0.161111,0.2346,0.31761,0.323224,0.356678,0.25,0.25,0.25,0.25,0.0,0.0,0.0,0.077778,0.346614,0.350317,0.320529,0.299896,0.0,0.0,0.0,0.0,0.0,0.0,0.0,0.0,0.0,0.0,0.0,0.0,-0.103896,-0.161111,-0.122078,0.0,-0.077778,0.046718,0.0,0.0,0.0,40-plus,static,Sub-Inspector,election duty,0
0.4164,0.387067,0.380971,0.382501,0.0,0.0,0.0,0.122222,0.322286,0.41862,0.396748,0.369131,0.25,0.25,0.25,0.25,0.0,0.0,0.0,0.077778,0.507,0.447463,0.399397,0.389329,0.4684,0.45751,0.471163,0.406802,0.429014,0.352227,0.377128,0.369204,0.0,0.0,0.0,0.0,0.033899,-0.122222,-0.046845,0.0,-0.077778,0.117671,0.061598,0.05981,0.0,30-39,static,Assistant Sub-Inspector,law and order deployment,0
0.388557,0.328567,0.309017,0.332166,0.0,0.0,0.0,0.161111,0.332486,0.25919,0.338226,0.348473,0.25,0.25,0.25,0.25,0.0,0.0,0.0,0.0,0.2522,0.223293,0.286473,0.297759,0.0,0.0,0.0,0.0,0.0,0.0,0.0,0.0,0.0,0.0,0.0,0.0,0.056392,-0.161111,-0.015987,0.0,0.0,-0.045559,0.0,0.0,0.0,40-plus,static,Inspector,internal security duty,0
0.309171,0.464667,0.415892,0.389572,0.0,0.0,0.0,0.0,0.2456,0.318023,0.316181,0.327278,0.25,0.25,0.25,0.25,0.0,0.466667,0.155556,0.155556,0.5913,0.52822,0.469691,0.392474,0.5843,0.5843,0.5843,0.5843,0.334271,0.335363,0.359837,0.351317,0.0,0.0,0.0,0.0,-0.080401,0.0,-0.081678,0.0,-0.155556,0.198826,0.0,-0.017046,0.0,under-30,static,Head Constable,law and order deployment,0
0.5985,0.488937,0.451641,0.388325,0.1398,0.1398,0.094753,0.047377,0.531329,0.538167,0.48223,0.404657,0.25,0.25,0.25,0.25,0.0,0.0,0.0,0.077778,0.542271,0.553243,0.501103,0.440787,0.0,0.0,0.0,0.0,0.412229,0.365223,0.355927,0.356587,0.0,0.0,0.0,0.0,0.210175,0.092423,0.126671,0.0,-0.077778,0.101485,0.0,0.055641,0.0,40-plus,surged,Assistant Commandant,internal security duty,0
0.3211,0.407803,0.341517,0.313428,0.0,0.0,0.0,0.0,0.311171,0.308127,0.340246,0.364427,0.25,0.25,0.25,0.25,0.0,0.0,0.0,0.0,0.4081,0.33922,0.335096,0.333352,0.4531,0.4531,0.3891,0.337793,0.0,0.0,0.0,0.0,0.0,0.0,0.0,0.0,0.007672,0.0,-0.053255,0.0,0.0,0.074748,0.115307,0.0,0.0,30-39,static,Sub-Inspector,group centre,0
0.3264,0.415077,0.365378,0.366767,0.0,0.0,0.4,0.216667,0.2894,0.39453,0.35949,0.363698,0.75,0.75,0.75,0.75,0.0,0.0,0.0,0.077778,0.327557,0.352963,0.374889,0.380427,0.0,0.0,0.0,0.0,0.513214,0.42798,0.420651,0.393962,0.0,0.0,0.0,0.0,-0.040367,-0.216667,-0.074298,0.0,-0.077778,-0.05287,0.0,0.119252,0.0,30-39,static,Sub-Inspector,group centre,0
0.411729,0.355737,0.329257,0.361502,0.0,0.0,0.0,0.0,0.417186,0.287403,0.335026,0.318602,0.25,0.25,0.25,0.25,0.0,0.0,0.0,0.077778,0.384214,0.386657,0.383092,0.358037,0.2543,0.272387,0.344771,0.337736,0.0,0.0,0.0,0.0,0.0,0.0,0.0,0.0,0.050227,0.0,0.098584,0.0,-0.077778,0.026178,-0.083436,0.0,0.0,30-39,static,Sub-Inspector,law and order deployment,0
0.645514,0.71924,0.604463,0.502574,0.2547,0.2547,0.194852,0.314093,0.595186,0.59424,0.535803,0.495071,0.25,0.25,0.25,0.25,0.0,0.0,0.0,0.0,0.719414,0.69448,0.565942,0.502293,0.0,0.0,0.0,0.0,0.0,0.0,0.0,0.0,0.0,0.0,0.0,0.0,0.14294,-0.059393,0.100115,0.0,0.0,0.217121,0.0,0.0,0.0,40-plus,surged,Assistant Commandant,internal security duty,0
0.4592,0.318933,0.333051,0.385974,0.0,0.0,0.0,0.177778,0.2443,0.327097,0.365681,0.362828,0.25,0.25,0.25,0.25,0.0,0.0,0.0,0.0,0.247043,0.429263,0.376409,0.409321,0.0,0.0,0.0,0.0,0.0,0.0,0.0,0.0,0.0,0.0,0.0,0.0,0.073226,-0.177778,-0.118528,0.0,0.0,-0.162278,0.0,0.0,0.0,40-plus,static,Assistant Commandant,internal security duty,0
0.437471,0.368803,0.316686,0.313398,0.0,0.0,0.333333,0.166667,0.251643,0.331443,0.288762,0.274626,0.25,0.25,0.25,0.25,0.0,0.0,0.155556,0.155556,0.406914,0.375947,0.341863,0.361061,0.242,0.242,0.242,0.218596,0.0,0.0,0.0,0.0,0.0,0.0,0.0,0.0,0.124074,-0.166667,-0.022983,0.0,-0.155556,0.045854,0.023404,0.0,0.0,30-39,static,Assistant Sub-Inspector,group centre,0
0.451714,0.450193,0.450966,0.438298,0.0,0.0,0.0,0.0,0.499843,0.444307,0.463503,0.453404,0.75,0.75,0.75,0.75,0.0,0.0,0.0,0.0,0.5581,0.47018,0.482178,0.450688,0.0,0.0,0.0,0.0,0.0,0.0,0.0,0.0,0.0,0.0,0.0,0.0,0.013416,0.0,0.046438,0.0,0.0,0.107412,0.0,0.0,0.0,30-39,static,Head Constable,left-wing extremism area,0
0.3299,0.415747,0.413688,0.407326,0.0,0.0,0.0,0.0,0.485,0.483357,0.360877,0.364673,0.25,0.25,0.25,0.25,0.0,0.0,0.0,0.0,0.326014,0.3847,0.407489,0.394125,0.2148,0.2148,0.26024,0.305264,0.0,0.0,0.0,0.0,0.0,0.0,0.0,0.0,-0.077426,0.0,0.120327,0.0,0.0,-0.068111,-0.090464,0.0,0.0,30-39,static,Assistant Sub-Inspector,internal security duty,0
0.437,0.463643,0.458776,0.453981,0.0,0.2,0.477778,0.477778,0.408,0.4394,0.498724,0.513612,0.25,0.25,0.25,0.25,0.0,0.0,0.0,0.0,0.542057,0.496947,0.438943,0.482811,0.5539,0.5539,0.54262,0.519739,0.492971,0.415137,0.420214,0.431781,0.0,0.0,0.0,0.0,-0.016981,-0.477778,-0.105612,0.0,0.0,0.059247,0.034161,0.061191,0.0,30-39,static,Assistant Sub-Inspector,law and order deployment,0
0.3447,0.330613,0.281948,0.301511,0.0,0.0,0.322222,0.161111,0.421657,0.356627,0.322444,0.323636,0.75,0.75,0.75,0.75,0.0,0.0,0.0,0.038889,0.2359,0.254037,0.302059,0.308047,0.0,0.0,0.0,0.0,0.325871,0.285287,0.309223,0.302214,0.0,0.0,0.0,0.0,0.043189,-0.161111,0.098022,0.0,-0.038889,-0.072147,0.0,0.023658,0.0,30-39,static,Head Constable,group centre,0
0.448886,0.348493,0.366964,0.393844,0.0,0.0,0.0,0.183333,0.413886,0.42082,0.432572,0.423216,0.25,0.25,0.25,0.25,0.0,0.0,0.0,0.077778,0.3654,0.416407,0.382067,0.361469,0.4008,0.4008,0.409742,0.463266,0.0,0.0,0.0,0.0,0.0,0.0,0.0,0.0,0.055042,-0.183333,-0.00933,0.0,-0.077778,0.003931,-0.062466,0.0,0.0,30-39,static,Sub-Inspector,left-wing extremism area,0
0.2248,0.28189,0.333859,0.389449,0.0,0.0,0.388889,0.194444,0.507243,0.422473,0.424462,0.396102,0.25,0.25,0.25,0.25,0.0,0.0,0.155556,0.077778,0.5108,0.43397,0.369457,0.364511,0.1892,0.1892,0.249587,0.290159,0.0,0.0,0.0,0.0,0.0,0.0,0.0,0.0,-0.164649,-0.194444,0.111141,0.0,-0.077778,0.146289,-0.100959,0.0,0.0,30-39,static,Head Constable,election duty,0
0.462843,0.456673,0.504066,0.478202,0.0,0.533333,0.5,0.25,0.431486,0.411567,0.400948,0.459046,0.25,0.25,0.25,0.25,0.0,0.0,0.0,0.0,0.371971,0.405947,0.450401,0.439097,0.6494,0.6494,0.610133,0.610133,0.359443,0.36823,0.423021,0.423895,0.0,0.0,0.0,0.0,-0.015359,-0.25,-0.02756,0.0,0.0,-0.067126,0.039267,-0.064452,0.0,under-30,static,Head Constable,internal security duty,0
0.6262,0.466227,0.456421,0.457971,0.0,0.3,0.5,0.25,0.526771,0.495753,0.51592,0.535309,0.25,0.25,0.25,0.25,0.0,0.0,0.0,0.0,0.457714,0.449427,0.509992,0.473289,0.0,0.0,0.0,0.0,0.0,0.0,0.0,0.0,0.0,0.0,0.0,0.0,0.168229,-0.25,-0.008537,0.0,0.0,-0.015575,0.0,0.0,0.0,30-39,static,Assistant Sub-Inspector,law and order deployment,1
0.496,0.454447,0.406344,0.399997,0.0,0.0,0.0,0.172222,0.2594,0.424277,0.406947,0.391895,0.25,0.25,0.25,0.25,0.0,0.0,0.0,0.0,0.4567,0.44369,0.39389,0.395094,0.4172,0.444637,0.398052,0.386437,0.0,0.0,0.0,0.0,0.0,0.0,0.0,0.0,0.096003,-0.172222,-0.132495,0.0,0.0,0.061606,0.030763,0.0,0.0,under-30,static,Head Constable,group centre,0
0.383286,0.283143,0.365414,0.385841,0.0,0.0,0.388889,0.194444,0.4352,0.400363,0.370904,0.378107,0.75,0.75,0.75,0.75,0.0,0.466667,0.155556,0.155556,0.4215,0.35656,0.393062,0.387121,0.0,0.0,0.0,0.0,0.0,0.0,0.0,0.0,0.0,0.0,0.0,0.0,-0.002555,-0.194444,0.057093,0.0,-0.155556,0.034379,0.0,0.0,0.0,30-39,static,Sub-Inspector,internal security duty,0
0.403857,0.39791,0.37196,0.362101,0.0,0.0,0.0,0.155556,0.330014,0.2398,0.31245,0.302389,0.25,0.25,0.25,0.25,0.0,0.0,0.155556,0.077778,0.331386,0.240037,0.279451,0.317276,0.2992,0.23486,0.195953,0.240092,0.0,0.0,0.0,0.0,0.0,0.0,0.0,0.0,0.041756,-0.155556,0.027625,0.0,-0.077778,0.01411,0.059108,0.0,0.0,under-30,static,Constable,internal security duty,0
0.3053,0.24962,0.307132,0.324788,0.0,0.0,0.0,0.183333,0.284,0.334727,0.340024,0.343107,0.25,0.25,0.25,0.25,0.0,0.0,0.0,0.0,0.3429,0.373617,0.339124,0.315127,0.0,0.0,0.0,0.0,0.367914,0.329947,0.335451,0.342073,0.0,0.0,0.0,0.0,-0.019488,-0.183333,-0.059107,0.0,0.0,0.027773,0.0,0.025842,0.0,40-plus,static,Inspector,group centre,0
0.4954,0.584483,0.497191,0.437109,0.2588,0.33292,0.422476,0.211238,0.4754,0.655913,0.540039,0.444719,0.25,0.25,0.25,0.25,0.0,0.0,0.311111,0.155556,0.695457,0.667537,0.573733,0.474154,0.0,0.0,0.0,0.0,0.0,0.0,0.0,0.0,0.0,0.0,0.0,0.0,0.058291,0.047562,0.030681,0.0,-0.155556,0.221303,0.0,0.0,0.0,30-39,surged,Head Constable,internal security duty,0
0.471557,0.425237,0.408082,0.402727,0.0,0.0,0.0,0.111111,0.304129,0.275117,0.347316,0.341705,0.25,0.25,0.25,0.25,0.0,0.466667,0.155556,0.155556,0.308786,0.406337,0.419037,0.384447,0.2091,0.2091,0.2091,0.276444,0.364814,0.324127,0.34818,0.357483,0.0,0.0,0.0,0.0,0.06883,-0.111111,-0.037576,0.0,-0.155556,-0.075661,-0.067344,0.007332,0.0,under-30,static,Constable,group centre,0
0.424071,0.41516,0.402611,0.367133,0.0,0.0,0.0,0.2,0.2655,0.386133,0.387061,0.376678,0.25,0.25,0.25,0.25,0.0,0.0,0.0,0.0,0.5415,0.43308,0.384649,0.384313,0.4124,0.4124,0.4984,0.481099,0.415386,0.352417,0.366922,0.363953,0.0,0.0,0.0,0.0,0.056938,-0.2,-0.111178,0.0,0.0,0.157187,-0.068699,0.051432,0.0,under-30,static,Constable,internal security duty,0
0.4335,0.40698,0.457636,0.481573,0.0,0.0,0.0,0.283333,0.4233,0.45001,0.448164,0.449362,0.75,0.75,0.75,0.75,0.0,0.0,0.0,0.0,0.2859,0.405433,0.480876,0.458339,0.0,0.0,0.0,0.0,0.0,0.0,0.0,0.0,0.0,0.0,0.0,0.0,-0.048073,-0.283333,-0.026062,0.0,0.0,-0.172439,0.0,0.0,0.0,40-plus,static,Inspector,internal security duty,0
0.4268,0.414023,0.43411,0.459878,0.0,0.0,0.0,0.355556,0.546571,0.513337,0.483986,0.482308,0.25,0.25,0.25,0.25,0.0,0.0,0.0,0.0,0.529957,0.42576,0.457841,0.455453,0.0,0.0,0.0,0.0,0.0,0.0,0.0,0.0,0.0,0.0,0.0,0.0,-0.033078,-0.355556,0.064263,0.0,0.0,0.074504,0.0,0.0,0.0,40-plus,static,Assistant Commandant,election duty,0
0.239843,0.232583,0.281648,0.256263,0.0,0.0,0.0,0.0,0.3694,0.371387,0.36072,0.344896,0.75,0.75,0.75,0.75,0.0,0.0,0.0,0.0,0.329586,0.300747,0.304697,0.335546,0.1643,0.1643,0.221442,0.242526,0.0,0.0,0.0,0.0,0.0,0.0,0.0,0.0,-0.01642,0.0,0.024504,0.0,0.0,-0.00596,-0.078226,0.0,0.0,30-39,static,Assistant Sub-Inspector,law and order deployment,0
0.847286,0.752717,0.732576,0.585786,0.3247,0.3247,0.286741,0.348926,0.683743,0.704017,0.679838,0.589626,0.75,0.75,0.75,0.75,0.0,0.466667,0.155556,0.155556,0.7644,0.76067,0.684768,0.568286,0.0,0.0,0.0,0.0,0.0,0.0,0.0,0.0,0.0,0.0,0.0,0.0,0.2615,-0.024226,0.094117,0.0,-0.155556,0.196114,0.0,0.0,0.0,30-39,surged,Assistant Sub-Inspector,internal security duty,0
0.313243,0.381123,0.375858,0.421181,0.0,0.0,0.422222,0.211111,0.4677,0.510797,0.464387,0.430698,0.25,0.25,0.25,0.25,0.0,0.0,0.0,0.0,0.3848,0.380237,0.40166,0.387233,0.546,0.543677,0.516817,0.520458,0.0,0.0,0.0,0.0,0.0,0.0,0.0,0.0,-0.107938,-0.211111,0.037002,0.0,0.0,-0.002433,0.025542,0.0,0.0,40-plus,static,Assistant Commandant,law and order deployment,0
0.4474,0.483693,0.415434,0.440814,0.0,0.0,0.366667,0.216667,0.5253,0.472703,0.457222,0.431306,0.25,0.25,0.25,0.25,0.0,0.0,0.0,0.005556,0.445386,0.328843,0.417196,0.396681,0.0,0.0,0.0,0.0,0.0,0.0,0.0,0.0,0.0,0.0,0.0,0.0,0.006586,-0.216667,0.093994,0.0,-0.005556,0.048705,0.0,0.0,0.0,under-30,static,Constable,left-wing extremism area,0
0.287743,0.29197,0.331272,0.331658,0.0,0.0,0.333333,0.166667,0.209657,0.257863,0.327463,0.357747,0.25,0.25,0.25,0.25,0.0,0.3,0.155556,0.077778,0.4398,0.396097,0.33206,0.338351,0.0843,0.239127,0.303762,0.380181,0.0,0.0,0.0,0.0,0.0,0.0,0.0,0.0,-0.043915,-0.166667,-0.14809,0.0,-0.077778,0.101449,-0.295881,0.0,0.0,40-plus,static,Sub-Inspector,left-wing extremism area,0
0.4504,0.403367,0.378079,0.400403,0.0,0.0,0.0,0.188889,0.3589,0.32913,0.346428,0.375882,0.25,0.25,0.25,0.25,0.0,0.0,0.155556,0.077778,0.304314,0.29118,0.320902,0.35138,0.4879,0.4879,0.435357,0.367032,0.384629,0.3366,0.347343,0.352132,0.0,0.0,0.0,0.0,0.049997,-0.188889,-0.016982,0.0,-0.077778,-0.047066,0.120868,0.032497,0.0,40-plus,static,Sub-Inspector,law and order deployment,0
0.4589,0.362297,0.401548,0.411097,0.0,0.0,0.0,0.0,0.3088,0.477673,0.374102,0.405674,0.25,0.25,0.25,0.25,0.0,0.466667,0.311111,0.155556,0.270871,0.397293,0.383906,0.370542,0.3291,0.320193,0.445991,0.38993,0.0,0.0,0.0,0.0,0.0,0.0,0.0,0.0,0.047803,0.0,-0.096874,0.0,-0.155556,-0.09967,-0.06083,0.0,0.0,under-30,static,Constable,left-wing extremism area,0
0.659,0.668527,0.545929,0.47795,0.1886,0.1886,0.127829,0.063914,0.468271,0.54744,0.536454,0.440359,0.25,0.25,0.25,0.25,0.0,0.0,0.0,0.0,0.666786,0.656597,0.532721,0.480577,0.0,0.0,0.0,0.0,0.373714,0.327053,0.359523,0.365211,0.0,0.0,0.0,0.0,0.18105,0.124686,0.027913,0.0,0.0,0.186208,0.0,0.008503,0.0,30-39,surged,Assistant Sub-Inspector,internal security duty,0
0.3434,0.331033,0.403496,0.419779,0.0,0.0,0.0,0.0,0.381471,0.436313,0.454343,0.458497,0.25,0.25,0.25,0.25,0.0,0.0,0.0,0.0,0.3903,0.43209,0.487422,0.491443,0.496,0.496,0.529482,0.587288,0.0,0.0,0.0,0.0,0.0,0.0,0.0,0.0,-0.076379,0.0,-0.077025,0.0,0.0,-0.101143,-0.091288,0.0,0.0,40-plus,static,Assistant Commandant,left-wing extremism area,0
0.395529,0.39187,0.390988,0.392319,0.0,0.0,0.0,0.161111,0.487243,0.462747,0.469709,0.445111,0.25,0.25,0.25,0.25,0.0,0.1,0.155556,0.077778,0.335414,0.361187,0.372891,0.396077,0.4465,0.471033,0.386437,0.440438,0.436186,0.385057,0.395207,0.394329,0.0,0.0,0.0,0.0,0.00321,-0.161111,0.042132,0.0,-0.077778,-0.060662,0.006062,0.041856,0.0,30-39,static,Sub-Inspector,group centre,0
0.257014,0.254683,0.29779,0.332757,0.0,0.0,0.0,0.0,0.2516,0.338267,0.347819,0.36293,0.25,0.25,0.25,0.25,0.0,0.0,0.0,0.077778,0.485843,0.35728,0.346556,0.345239,0.3606,0.294707,0.271436,0.390062,0.389743,0.343027,0.351251,0.348211,0.0,0.0,0.0,0.0,-0.075742,0.0,-0.11133,0.0,-0.077778,0.140603,-0.029462,0.041532,0.0,40-plus,static,Sub-Inspector,left-wing extremism area,0
0.511443,0.522607,0.457387,0.441375,0.0,0.0,0.0,0.216667,0.464657,0.47446,0.412369,0.43989,0.25,0.25,0.25,0.25,0.0,0.0,0.311111,0.155556,0.413443,0.367473,0.325382,0.366302,0.2595,0.2595,0.325127,0.388851,0.324443,0.355343,0.398886,0.401129,0.0,0.0,0.0,0.0,0.070068,-0.216667,0.024767,0.0,-0.155556,0.047141,-0.129351,-0.076686,0.0,40-plus,static,Inspector,left-wing extremism area,0
0.397386,0.39512,0.355892,0.326176,0.0,0.0,0.0,0.161111,0.294971,0.319673,0.311276,0.338303,0.25,0.25,0.25,0.25,0.0,0.0,0.0,0.0,0.243371,0.2355,0.262262,0.274899,0.1638,0.1638,0.215562,0.233279,0.0,0.0,0.0,0.0,0.0,0.0,0.0,0.0,0.07121,-0.161111,-0.043331,0.0,0.0,-0.031528,-0.069479,0.0,0.0,40-plus,static,Assistant Commandant,left-wing extremism area,0
0.482843,0.39664,0.460547,0.465241,0.0,0.0,0.0,0.15,0.520914,0.474143,0.473694,0.461834,0.75,0.75,0.75,0.75,0.0,0.0,0.0,0.0,0.3525,0.38354,0.432841,0.436524,0.478429,0.44015,0.49976,0.52358,0.479057,0.443797,0.415752,0.413102,0.0,0.0,0.0,0.0,0.017602,-0.15,0.05908,0.0,0.0,-0.084024,-0.045151,0.065955,0.0,under-30,static,Constable,internal security duty,0
0.398614,0.455833,0.373959,0.383844,0.0,0.2,0.388889,0.194444,0.438957,0.470627,0.438934,0.418899,0.25,0.25,0.25,0.25,0.0,0.0,0.155556,0.077778,0.363129,0.43291,0.381334,0.369465,0.0,0.0,0.0,0.0,0.362471,0.32142,0.359398,0.375442,0.0,0.0,0.0,0.0,0.01477,-0.194444,0.020058,0.0,-0.077778,-0.006336,0.0,-0.012971,0.0,under-30,static,Constable,election duty,0
0.653357,0.60371,0.581986,0.465833,0.2092,0.2092,0.141791,0.070896,0.6718,0.616043,0.569886,0.489148,0.25,0.25,0.25,0.25,0.0,0.0,0.0,0.0,0.5302,0.649587,0.564903,0.499038,0.5332,0.5332,0.5332,0.5332,0.0,0.0,0.0,0.0,0.0,0.0,0.0,0.0,0.187524,0.138304,0.182652,0.0,0.0,0.031162,0.0,0.0,0.0,under-30,surged,Constable,internal security duty,0
0.4283,0.43689,0.367922,0.352427,0.0,0.0,0.388889,0.194444,0.298229,0.335053,0.370697,0.397259,0.25,0.25,0.25,0.25,0.0,0.0,0.0,0.022222,0.352543,0.414593,0.441256,0.436742,0.4408,0.4408,0.370903,0.351574,0.0,0.0,0.0,0.0,0.0,0.0,0.0,0.0,0.075873,-0.194444,-0.09903,0.0,-0.022222,-0.084199,0.089226,0.0,0.0,under-30,static,Head Constable,law and order deployment,0
0.5291,0.398573,0.389044,0.401209,0.0,0.0,0.377778,0.188889,0.453186,0.36013,0.397647,0.389206,0.25,0.25,0.25,0.25,0.0,0.0,0.0,0.127778,0.424914,0.343983,0.301646,0.324143,0.529,0.529,0.425976,0.367161,0.365114,0.31148,0.358458,0.354345,0.0,0.0,0.0,0.0,0.127891,-0.188889,0.06398,0.0,-0.127778,0.100771,0.161839,0.010769,0.0,30-39,static,Sub-Inspector,left-wing extremism area,0
0.3993,0.32673,0.300693,0.331663,0.0,0.0,0.0,0.166667,0.357586,0.250087,0.299132,0.312261,0.25,0.25,0.25,0.25,0.0,0.0,0.0,0.0,0.2615,0.274587,0.331411,0.326472,0.0,0.0,0.0,0.0,0.0,0.0,0.0,0.0,0.0,0.0,0.0,0.0,0.067637,-0.166667,0.045325,0.0,0.0,-0.064972,0.0,0.0,0.0,30-39,static,Sub-Inspector,law and order deployment,0
0.1833,0.181983,0.298821,0.31678,0.0,0.0,0.0,0.0,0.2114,0.301137,0.294424,0.316185,0.25,0.25,0.25,0.25,0.0,0.0,0.155556,0.122222,0.1866,0.276423,0.320327,0.3524,0.0,0.0,0.0,0.0,0.375529,0.328717,0.338957,0.325524,0.0,0.0,0.0,0.0,-0.13348,0.0,-0.104785,0.0,-0.122222,-0.1658,0.0,0.050004,0.0,40-plus,static,Sub-Inspector,election duty,0
0.326086,0.373287,0.311628,0.335481,0.0,0.0,0.0,0.011111,0.296886,0.304103,0.393026,0.369504,0.25,0.25,0.25,0.25,0.0,0.0,0.0,0.0,0.6021,0.403537,0.378188,0.388392,0.0,0.0,0.0,0.0,0.389986,0.365683,0.361593,0.353526,0.0,0.0,0.0,0.0,-0.009395,-0.011111,-0.072619,0.0,0.0,0.213708,0.0,0.03646,0.0,30-39,static,Sub-Inspector,law and order deployment,0
0.386671,0.264737,0.273548,0.294269,0.0,0.0,0.0,0.177778,0.301443,0.388727,0.333063,0.357971,0.25,0.25,0.25,0.25,0.0,0.0,0.0,0.077778,0.3212,0.33256,0.371446,0.346794,0.1465,0.1465,0.34769,0.349521,0.0,0.0,0.0,0.0,0.0,0.0,0.0,0.0,0.092403,-0.177778,-0.056528,0.0,-0.077778,-0.025594,-0.203021,0.0,0.0,under-30,static,Constable,election duty,0
0.383043,0.402783,0.367897,0.392969,0.0,0.0,0.0,0.188889,0.385014,0.418623,0.338274,0.365221,0.25,0.25,0.25,0.25,0.0,0.0,0.155556,0.077778,0.4616,0.385987,0.368012,0.370597,0.4216,0.419307,0.409369,0.406884,0.392114,0.332313,0.364452,0.358196,0.0,0.0,0.0,0.0,-0.009926,-0.188889,0.019793,0.0,-0.077778,0.091003,0.014716,0.033918,0.0,30-39,static,Assistant Sub-Inspector,group centre,0
0.240229,0.326343,0.341381,0.330032,0.0,0.0,0.277778,0.166667,0.318471,0.27943,0.28514,0.32588,0.25,0.25,0.25,0.25,0.0,0.0,0.0,0.077778,0.3631,0.328063,0.280578,0.344449,0.0,0.0,0.0,0.0,0.0,0.0,0.0,0.0,0.0,0.0,0.0,0.0,-0.089804,-0.166667,-0.007409,0.0,-0.077778,0.018651,0.0,0.0,0.0,40-plus,static,Assistant Commandant,group centre,0
0.6344,0.61786,0.46689,0.416297,0.1793,0.1793,0.121526,0.171874,0.583357,0.627717,0.496947,0.420031,0.25,0.25,0.25,0.25,0.0,0.0,0.0,0.155556,0.656771,0.590607,0.472189,0.402565,0.0,0.0,0.0,0.0,0.0,0.0,0.0,0.0,0.0,0.0,0.0,0.0,0.218103,0.007426,0.163327,0.0,-0.155556,0.254206,0.0,0.0,0.0,under-30,surged,Constable,internal security duty,0
0.546829,0.437087,0.428217,0.414237,0.0,0.0,0.4,0.2,0.4484,0.37522,0.415929,0.406758,0.75,0.75,0.75,0.75,0.0,0.0,0.0,0.0,0.2179,0.358247,0.392972,0.388773,0.4582,0.4582,0.413338,0.392363,0.0,0.0,0.0,0.0,0.0,0.0,0.0,0.0,0.132591,-0.2,0.041642,0.0,0.0,-0.170873,0.065837,0.0,0.0,under-30,static,Constable,group centre,0
0.247043,0.283203,0.29834,0.300103,0.0,0.0,0.0,0.161111,0.3799,0.357807,0.33807,0.309487,0.25,0.25,0.25,0.25,0.0,0.0,0.0,0.0,0.4367,0.341993,0.323763,0.344937,0.0713,0.08969,0.256074,0.232141,0.0,0.0,0.0,0.0,0.0,0.0,0.0,0.0,-0.05306,-0.161111,0.070413,0.0,0.0,0.091763,-0.160841,0.0,0.0,40-plus,static,Inspector,group centre,0
0.4318,0.38416,0.360161,0.385727,0.0,0.0,0.0,0.0,0.2377,0.315203,0.344308,0.394217,0.25,0.25,0.25,0.25,0.0,0.0,0.0,0.0,0.386,0.299643,0.375697,0.407224,0.407914,0.424847,0.415379,0.381839,0.0,0.0,0.0,0.0,0.0,0.0,0.0,0.0,0.046073,0.0,-0.156517,0.0,0.0,-0.021224,0.026075,0.0,0.0,30-39,static,Head Constable,internal security duty,0
0.822257,0.692263,0.575389,0.502511,0.287,0.287,0.238967,0.319483,0.683371,0.71367,0.631737,0.527481,0.25,0.25,0.25,0.25,0.0,0.0,0.155556,0.077778,0.705386,0.69923,0.622474,0.551194,0.0,0.0,0.0,0.0,0.0,0.0,0.0,0.0,0.0,0.0,0.0,0.0,0.319747,-0.032483,0.155891,0.0,-0.077778,0.154191,0.0,0.0,0.0,40-plus,surged,Assistant Commandant,internal security duty,0
0.2232,0.27464,0.294101,0.306674,0.0,0.0,0.0,0.166667,0.518371,0.456283,0.370082,0.378697,0.25,0.25,0.25,0.25,0.0,0.0,0.0,0.077778,0.2017,0.217993,0.319727,0.317103,0.4275,0.4275,0.301668,0.31287,0.0,0.0,0.0,0.0,0.0,0.0,0.0,0.0,-0.083474,-0.166667,0.139674,0.0,-0.077778,-0.115403,0.11463,0.0,0.0,under-30,static,Head Constable,internal security duty,0
0.257843,0.332653,0.362447,0.355799,0.0,0.0,0.0,0.172222,0.355214,0.379637,0.328057,0.324142,0.25,0.25,0.25,0.25,0.571429,0.466667,0.155556,0.077778,0.221843,0.231647,0.281983,0.340406,0.0,0.0,0.0,0.0,0.0,0.0,0.0,0.0,0.0,0.0,0.0,0.0,-0.097957,-0.172222,0.031072,0.0,0.493651,-0.118563,0.0,0.0,0.0,40-plus,static,Assistant Commandant,left-wing extremism area,0
0.282786,0.35807,0.374347,0.38973,0.0,0.0,0.0,0.0,0.4425,0.454173,0.33829,0.357754,0.25,0.25,0.25,0.25,0.0,0.0,0.0,0.0,0.2551,0.392277,0.348241,0.369157,0.2771,0.2771,0.169967,0.240292,0.0,0.0,0.0,0.0,0.0,0.0,0.0,0.0,-0.106944,0.0,0.084746,0.0,0.0,-0.114057,0.036808,0.0,0.0,30-39,static,Sub-Inspector,internal security duty,0
0.579029,0.52294,0.480751,0.443344,0.0,0.566667,0.411111,0.205556,0.4686,0.41709,0.396551,0.399537,0.75,0.75,0.75,0.75,0.0,0.0,0.155556,0.155556,0.449757,0.377057,0.372306,0.380681,0.0,0.0,0.0,0.0,0.0,0.0,0.0,0.0,0.0,0.0,0.0,0.0,0.135684,-0.205556,0.069063,0.0,-0.155556,0.069077,0.0,0.0,0.0,40-plus,static,Assistant Commandant,left-wing extremism area,0
0.2759,0.35344,0.345328,0.389889,0.0,0.0,0.0,0.183333,0.3029,0.281013,0.314252,0.335809,0.25,0.25,0.25,0.25,0.0,0.0,0.0,0.0,0.3568,0.399717,0.370147,0.356642,0.4425,0.4425,0.422,0.34,0.362071,0.262067,0.312294,0.334344,0.0,0.0,0.0,0.0,-0.113989,-0.183333,-0.032909,0.0,0.0,0.000158,0.1025,0.027728,0.0,under-30,static,Constable,left-wing extremism area,0
0.2683,0.30312,0.339511,0.327784,0.0,0.7,0.355556,0.177778,0.435729,0.438767,0.409783,0.40069,0.25,0.25,0.25,0.25,0.0,0.0,0.0,0.0,0.5196,0.420183,0.389586,0.362502,0.0,0.0,0.0,0.0,0.318186,0.26565,0.318274,0.336313,0.0,0.0,0.0,0.0,-0.059484,-0.177778,0.035039,0.0,0.0,0.157098,0.0,-0.018128,0.0,under-30,static,Head Constable,group centre,0
0.4704,0.453757,0.416547,0.397053,0.0,0.733333,0.366667,0.183333,0.460157,0.387297,0.374839,0.371519,0.25,0.25,0.25,0.25,0.0,0.0,0.0,0.077778,0.405857,0.366097,0.351556,0.368906,0.2694,0.2694,0.2694,0.29588,0.358457,0.294883,0.323909,0.323819,0.0,0.0,0.0,0.0,0.073347,-0.183333,0.088638,0.0,-0.077778,0.036952,-0.02648,0.034638,0.0,40-plus,static,Inspector,law and order deployment,0
0.2195,0.325983,0.332777,0.338496,0.0,0.566667,0.344444,0.172222,0.412257,0.3822,0.341578,0.377502,0.25,0.25,0.25,0.25,0.0,0.0,0.0,0.0,0.405386,0.38445,0.379338,0.355694,0.172,0.172,0.172,0.2618,0.387914,0.336047,0.359187,0.337279,0.0,0.0,0.0,0.0,-0.118996,-0.172222,0.034755,0.0,0.0,0.049691,-0.0898,0.050635,0.0,under-30,static,Head Constable,internal security duty,0
0.474071,0.37888,0.387159,0.371256,0.0,0.0,0.377778,0.188889,0.454129,0.418997,0.381266,0.392225,0.25,0.25,0.25,0.25,0.0,0.0,0.0,0.077778,0.484671,0.4081,0.367537,0.400197,0.342671,0.29516,0.359521,0.406425,0.0,0.0,0.0,0.0,0.0,0.0,0.0,0.0,0.102816,-0.188889,0.061904,0.0,-0.077778,0.084475,-0.063754,0.0,0.0,40-plus,static,Inspector,left-wing extremism area,0
0.238614,0.257377,0.299347,0.284525,0.0,0.0,0.0,0.083333,0.299043,0.265753,0.324999,0.349217,0.25,0.25,0.25,0.25,0.0,0.0,0.0,0.0,0.325143,0.37753,0.373664,0.349838,0.2176,0.24542,0.37874,0.41207,0.0,0.0,0.0,0.0,0.0,0.0,0.0,0.0,-0.045911,-0.083333,-0.050174,0.0,0.0,-0.024695,-0.19447,0.0,0.0,30-39,static,Assistant Sub-Inspector,left-wing extremism area,0
0.2216,0.299283,0.370042,0.362599,0.0,0.0,0.0,0.188889,0.428214,0.35739,0.353327,0.366473,0.25,0.25,0.25,0.25,0.0,0.0,0.155556,0.155556,0.262329,0.35801,0.363211,0.348686,0.0,0.0,0.0,0.0,0.402986,0.344603,0.350488,0.337641,0.0,0.0,0.0,0.0,-0.140999,-0.188889,0.061742,0.0,-0.155556,-0.086357,0.0,0.065345,0.0,30-39,static,Assistant Sub-Inspector,election duty,0
0.4542,0.464253,0.387401,0.364033,0.0,0.0,0.4,0.2,0.291686,0.280547,0.316736,0.330039,0.75,0.75,0.75,0.75,0.0,0.0,0.0,0.0,0.2916,0.35245,0.314084,0.332478,0.279143,0.40884,0.390863,0.336378,0.0,0.0,0.0,0.0,0.0,0.0,0.0,0.0,0.090167,-0.2,-0.038353,0.0,0.0,-0.040878,-0.057235,0.0,0.0,30-39,static,Head Constable,internal security duty,0
0.432943,0.433263,0.367118,0.356938,0.0,0.0,0.4,0.2,0.398543,0.458433,0.403331,0.395353,0.25,0.25,0.25,0.25,0.0,0.0,0.0,0.0,0.303571,0.374643,0.370844,0.39503,0.0,0.0,0.0,0.0,0.379814,0.327827,0.37339,0.368733,0.0,0.0,0.0,0.0,0.076005,-0.2,0.00319,0.0,0.0,-0.091459,0.0,0.011081,0.0,under-30,static,Constable,left-wing extremism area,0
0.238,0.33002,0.320158,0.332844,0.0,0.0,0.0,0.0,0.324671,0.405773,0.345459,0.348666,0.25,0.25,0.25,0.25,0.0,0.0,0.0,0.0,0.4343,0.40122,0.361128,0.352088,0.0,0.0,0.0,0.0,0.0,0.0,0.0,0.0,0.0,0.0,0.0,0.0,-0.094844,0.0,-0.023995,0.0,0.0,0.082212,0.0,0.0,0.0,under-30,static,Constable,left-wing extremism area,0
0.3277,0.358943,0.304553,0.322753,0.0,0.0,0.0,0.0,0.4079,0.397103,0.355467,0.351177,0.25,0.25,0.25,0.25,0.0,0.0,0.0,0.0,0.326029,0.32701,0.335866,0.359594,0.2193,0.21376,0.25666,0.27328,0.0,0.0,0.0,0.0,0.0,0.0,0.0,0.0,0.004947,0.0,0.056723,0.0,0.0,-0.033565,-0.05398,0.0,0.0,30-39,static,Assistant Sub-Inspector,election duty,0
0.4815,0.340327,0.358933,0.364937,0.714286,0.933333,0.388889,0.194444,0.5065,0.372873,0.354009,0.355498,0.75,0.75,0.75,0.75,0.0,0.0,0.311111,0.155556,0.4034,0.370853,0.354609,0.346428,0.0,0.0,0.0,0.0,0.323157,0.335467,0.360026,0.357549,0.0,0.0,0.0,0.0,0.116563,0.519841,0.151002,0.0,-0.155556,0.056972,0.0,-0.034392,0.0,40-plus,static,Assistant Commandant,law and order deployment,0
0.4887,0.45329,0.443913,0.397721,0.0,0.0,0.0,0.0,0.5103,0.34085,0.349247,0.341381,0.25,0.25,0.25,0.25,0.0,0.0,0.0,0.077778,0.290857,0.302717,0.392641,0.375301,0.3432,0.3432,0.424867,0.412463,0.0,0.0,0.0,0.0,0.0,0.0,0.0,0.0,0.090979,0.0,0.168919,0.0,-0.077778,-0.084443,-0.069263,0.0,0.0,30-39,static,Assistant Sub-Inspector,left-wing extremism area,0
0.4218,0.421353,0.396307,0.393207,0.0,0.0,0.0,0.083333,0.278529,0.378753,0.3896,0.396814,0.75,0.75,0.75,0.75,0.0,0.0,0.155556,0.077778,0.3915,0.383327,0.332141,0.372326,0.301686,0.28483,0.335957,0.430078,0.3461,0.30242,0.314142,0.332967,0.0,0.0,0.0,0.0,0.028593,-0.083333,-0.118285,0.0,-0.077778,0.019174,-0.128393,0.013133,0.0,30-39,static,Assistant Sub-Inspector,law and order deployment,0
0.2651,0.450157,0.448307,0.415177,0.0,0.0,0.366667,0.183333,0.490014,0.34677,0.37354,0.378051,0.25,0.25,0.25,0.25,0.0,0.0,0.0,0.0,0.4803,0.391913,0.424903,0.413171,0.0,0.0,0.0,0.0,0.0,0.0,0.0,0.0,0.0,0.0,0.0,0.0,-0.150077,-0.183333,0.111963,0.0,0.0,0.067129,0.0,0.0,0.0,30-39,static,Assistant Sub-Inspector,left-wing extremism area,0
0.442829,0.46771,0.380383,0.398146,0.0,0.766667,0.377778,0.188889,0.463557,0.39719,0.400933,0.394323,0.25,0.25,0.25,0.25,0.0,0.366667,0.166667,0.155556,0.288771,0.408843,0.353888,0.329212,0.1606,0.1606,0.243883,0.264881,0.0,0.0,0.0,0.0,0.0,0.0,0.0,0.0,0.044683,-0.188889,0.069234,0.0,-0.155556,-0.040441,-0.104281,0.0,0.0,30-39,static,Head Constable,left-wing extremism area,0
0.419986,0.318753,0.390878,0.371867,0.0,0.0,0.0,0.0,0.4471,0.31574,0.325429,0.328171,0.25,0.25,0.25,0.25,0.0,0.0,0.0,0.0,0.404729,0.30368,0.333356,0.350022,0.294,0.46903,0.476843,0.386074,0.0,0.0,0.0,0.0,0.0,0.0,0.0,0.0,0.048118,0.0,0.118929,0.0,0.0,0.054707,-0.092074,0.0,0.0,30-39,static,Head Constable,internal security duty,0
0.4601,0.437487,0.403289,0.373667,0.0,0.0,0.355556,0.177778,0.5401,0.446873,0.392302,0.351067,0.75,0.75,0.75,0.75,0.0,0.0,0.0,0.0,0.297743,0.266617,0.304374,0.325353,0.0,0.0,0.0,0.0,0.0,0.0,0.0,0.0,0.0,0.0,0.0,0.0,0.086433,-0.177778,0.189033,0.0,0.0,-0.02761,0.0,0.0,0.0,30-39,static,Sub-Inspector,election duty,0
0.317914,0.371777,0.398871,0.377685,0.0,0.0,0.0,0.0,0.472029,0.384783,0.362486,0.313245,0.25,0.25,0.25,0.25,0.0,0.0,0.0,0.0,0.3268,0.3233,0.303238,0.297877,0.5485,0.5485,0.411563,0.379437,0.0,0.0,0.0,0.0,0.0,0.0,0.0,0.0,-0.059771,0.0,0.158784,0.0,0.0,0.028923,0.169063,0.0,0.0,30-39,static,Head Constable,law and order deployment,0
0.362514,0.408073,0.408491,0.392883,0.0,0.0,0.0,0.155556,0.364614,0.400333,0.42458,0.403048,0.25,0.25,0.25,0.25,0.0,0.0,0.0,0.0,0.3903,0.415267,0.391614,0.436076,0.2889,0.327433,0.35962,0.385345,0.0,0.0,0.0,0.0,0.0,0.0,0.0,0.0,-0.030369,-0.155556,-0.038433,0.0,0.0,-0.045776,-0.096445,0.0,0.0,30-39,static,Sub-Inspector,internal security duty,0
0.424114,0.411407,0.34943,0.344137,0.0,0.0,0.0,0.172222,0.2177,0.400257,0.323266,0.356768,0.75,0.75,0.75,0.75,0.0,0.033333,0.155556,0.077778,0.461886,0.40365,0.358529,0.351745,0.3139,0.30477,0.299514,0.315647,0.316729,0.336427,0.333359,0.330468,0.0,0.0,0.0,0.0,0.079977,-0.172222,-0.139068,0.0,-0.077778,0.110141,-0.001747,-0.013739,0.0,30-39,static,Sub-Inspector,group centre,0
0.561329,0.47296,0.479798,0.488444,0.0,0.466667,0.511111,0.511111,0.431557,0.564853,0.532637,0.490124,0.25,0.25,0.25,0.25,0.0,0.0,0.0,0.077778,0.569171,0.536217,0.49132,0.491996,0.5128,0.646307,0.714169,0.680609,0.0,0.0,0.0,0.0,0.0,0.0,0.0,0.0,0.072884,-0.511111,-0.058567,0.0,-0.077778,0.077175,-0.167809,0.0,0.0,30-39,static,Assistant Sub-Inspector,election duty,1
0.382514,0.370317,0.379459,0.371034,0.0,0.0,0.233333,0.177778,0.503314,0.42879,0.389542,0.346568,0.25,0.25,0.25,0.25,0.0,0.0,0.0,0.083333,0.326486,0.36052,0.35633,0.335946,0.2502,0.36972,0.279869,0.284078,0.0,0.0,0.0,0.0,0.0,0.0,0.0,0.0,0.01148,-0.177778,0.156746,0.0,-0.083333,-0.00946,-0.033878,0.0,0.0,under-30,static,Constable,election duty,0
0.3978,0.27803,0.26083,0.273514,0.0,0.0,0.2,0.161111,0.418686,0.38968,0.371276,0.369067,0.25,0.25,0.25,0.25,0.0,0.0,0.155556,0.155556,0.369,0.27469,0.282376,0.319974,0.3184,0.296973,0.323894,0.232842,0.3395,0.288097,0.316521,0.312866,0.0,0.0,0.0,0.0,0.124286,-0.161111,0.049618,0.0,-0.155556,0.049026,0.085558,0.026634,0.0,30-39,static,Sub-Inspector,left-wing extremism area,0
0.2794,0.26979,0.256791,0.311258,0.0,0.0,0.0,0.161111,0.211714,0.30132,0.303489,0.333069,0.25,0.25,0.25,0.25,0.0,0.0,0.155556,0.094444,0.4116,0.366477,0.358561,0.331649,0.2577,0.217053,0.225784,0.265925,0.0,0.0,0.0,0.0,0.0,0.0,0.0,0.0,-0.031858,-0.161111,-0.121355,0.0,-0.094444,0.079951,-0.008225,0.0,0.0,40-plus,static,Sub-Inspector,law and order deployment,0
0.290543,0.3537,0.352801,0.360551,0.0,0.0,0.311111,0.188889,0.365843,0.34302,0.370088,0.399354,0.75,0.75,0.75,0.75,0.0,0.0,0.0,0.0,0.3021,0.34749,0.32161,0.338526,0.0,0.0,0.0,0.0,0.0,0.0,0.0,0.0,0.0,0.0,0.0,0.0,-0.070008,-0.188889,-0.033511,0.0,0.0,-0.036426,0.0,0.0,0.0,30-39,static,Head Constable,internal security duty,0
0.4011,0.376933,0.34988,0.405092,0.0,0.0,0.0,0.194444,0.386471,0.381007,0.341301,0.361519,0.25,0.25,0.25,0.25,0.0,0.0,0.0,0.0,0.416357,0.32472,0.351636,0.344372,0.4973,0.4973,0.4973,0.452482,0.37,0.380557,0.362387,0.364767,0.0,0.0,0.0,0.0,-0.003992,-0.194444,0.024953,0.0,0.0,0.071985,0.044818,0.005233,0.0,40-plus,static,Inspector,law and order deployment,0
0.7245,0.650517,0.562346,0.447586,0.3086,0.3086,0.209162,0.271248,0.5831,0.60984,0.546684,0.456906,0.25,0.25,0.25,0.25,0.0,0.6,0.311111,0.155556,0.550157,0.63355,0.523461,0.431975,0.4175,0.4175,0.429979,0.383994,0.3391,0.315927,0.310492,0.310555,0.0,0.0,0.0,0.0,0.276914,0.037352,0.126194,0.0,-0.155556,0.118182,0.033506,0.028545,0.0,30-39,surged,Assistant Sub-Inspector,internal security duty,0
0.188129,0.209433,0.275288,0.298971,0.0,0.166667,0.311111,0.155556,0.1691,0.227333,0.267204,0.287482,0.25,0.25,0.25,0.25,0.0,0.0,0.0,0.077778,0.199,0.204833,0.276669,0.329019,0.0,0.0,0.0,0.0,0.0,0.0,0.0,0.0,0.0,0.0,0.0,0.0,-0.110842,-0.155556,-0.118382,0.0,-0.077778,-0.130019,0.0,0.0,0.0,30-39,static,Head Constable,left-wing extremism area,0
0.4657,0.399937,0.332618,0.355229,0.0,0.0,0.288889,0.183333,0.4211,0.398047,0.38229,0.339453,0.25,0.25,0.25,0.25,0.0,0.0,0.0,0.0,0.2193,0.258967,0.383018,0.394843,0.0,0.0,0.0,0.0,0.0,0.0,0.0,0.0,0.0,0.0,0.0,0.0,0.110471,-0.183333,0.081647,0.0,0.0,-0.175543,0.0,0.0,0.0,30-39,static,Sub-Inspector,group centre,0
0.428314,0.371043,0.424981,0.449695,0.0,0.0,0.0,0.055556,0.578557,0.48882,0.466714,0.452878,0.75,0.75,0.75,0.75,0.0,0.0,0.144444,0.155556,0.482157,0.494617,0.514311,0.495761,0.0,0.0,0.0,0.0,0.0,0.0,0.0,0.0,0.0,0.0,0.0,0.0,-0.021381,-0.055556,0.125679,0.0,-0.155556,-0.013604,0.0,0.0,0.0,under-30,static,Head Constable,election duty,0
0.320457,0.3966,0.359039,0.378909,0.0,0.0,0.0,0.0,0.3117,0.33358,0.335401,0.331127,0.25,0.25,0.25,0.25,0.0,0.0,0.0,0.077778,0.281,0.358,0.312346,0.317203,0.5656,0.5656,0.5656,0.537167,0.0,0.0,0.0,0.0,0.0,0.0,0.0,0.0,-0.058452,0.0,-0.019427,0.0,-0.077778,-0.036203,0.028433,0.0,0.0,30-39,static,Assistant Sub-Inspector,left-wing extremism area,0
0.248914,0.331813,0.369537,0.360886,0.0,0.0,0.0,0.0,0.2599,0.316627,0.362846,0.343609,0.25,0.25,0.25,0.25,0.0,0.0,0.0,0.077778,0.374529,0.328557,0.319623,0.330554,0.2418,0.2418,0.2418,0.292121,0.0,0.0,0.0,0.0,0.0,0.0,0.0,0.0,-0.111972,0.0,-0.083709,0.0,-0.077778,0.043975,-0.050321,0.0,0.0,40-plus,static,Inspector,election duty,0
0.522843,0.50794,0.463444,0.445925,0.0,0.0,0.433333,0.216667,0.4451,0.42692,0.473838,0.439151,0.75,0.75,0.75,0.75,0.0,0.0,0.0,0.0,0.340486,0.35845,0.366918,0.4428,0.454743,0.497653,0.492451,0.487834,0.437829,0.39169,0.39814,0.398961,0.0,0.0,0.0,0.0,0.076918,-0.216667,0.005949,0.0,0.0,-0.102314,-0.033092,0.038868,0.0,under-30,static,Head Constable,left-wing extremism area,0
0.4203,0.375457,0.376442,0.376641,0.0,0.0,0.388889,0.194444,0.4481,0.46534,0.409408,0.387922,0.25,0.25,0.25,0.25,0.0,0.0,0.0,0.066667,0.297814,0.301097,0.319758,0.356553,0.374771,0.318487,0.280029,0.272493,0.365771,0.347517,0.354519,0.359436,0.0,0.0,0.0,0.0,0.043659,-0.194444,0.060178,0.0,-0.066667,-0.058738,0.102278,0.006335,0.0,40-plus,static,Inspector,election duty,0
0.3025,0.304863,0.349411,0.365002,0.0,0.0,0.0,0.0,0.2347,0.388993,0.421862,0.403573,0.25,0.25,0.25,0.25,0.0,0.0,0.0,0.0,0.3262,0.351903,0.368722,0.35636,0.3141,0.3141,0.3141,0.2907,0.0,0.0,0.0,0.0,0.0,0.0,0.0,0.0,-0.062502,0.0,-0.168873,0.0,0.0,-0.03016,0.0234,0.0,0.0,40-plus,static,Assistant Commandant,internal security duty,0
0.7991,0.780277,0.549612,0.495552,0.2382,0.2382,0.161447,0.302946,0.713643,0.69238,0.605758,0.516448,0.25,0.25,0.25,0.25,0.0,0.0,0.0,0.077778,0.6152,0.62791,0.567153,0.522287,0.0,0.0,0.0,0.0,0.0,0.0,0.0,0.0,0.0,0.0,0.0,0.0,0.303548,-0.064746,0.197195,0.0,-0.077778,0.092913,0.0,0.0,0.0,40-plus,surged,Sub-Inspector,internal security duty,0
0.423029,0.383157,0.378868,0.376669,0.0,0.0,0.0,0.0,0.353029,0.425697,0.37444,0.339677,0.25,0.25,0.25,0.25,0.0,0.0,0.0,0.0,0.2712,0.29021,0.317516,0.330649,0.0,0.0,0.0,0.0,0.385643,0.305727,0.328969,0.342402,0.0,0.0,0.0,0.0,0.046359,0.0,0.013351,0.0,0.0,-0.059449,0.0,0.043241,0.0,30-39,static,Head Constable,election duty,0
0.340457,0.518767,0.482527,0.480979,0.0,0.2,0.488889,0.488889,0.427414,0.464313,0.494449,0.470052,0.25,0.25,0.25,0.25,0.0,0.0,0.0,0.155556,0.3921,0.403617,0.432658,0.457885,0.499514,0.51039,0.512597,0.512789,0.0,0.0,0.0,0.0,0.0,0.0,0.0,0.0,-0.140522,-0.488889,-0.042638,0.0,-0.155556,-0.065785,-0.013275,0.0,0.0,30-39,static,Sub-Inspector,group centre,0
0.2609,0.286917,0.356486,0.360503,0.0,0.0,0.0,0.138889,0.342086,0.32991,0.295538,0.309673,0.25,0.25,0.25,0.25,0.0,0.0,0.0,0.0,0.419371,0.421007,0.406892,0.373066,0.3929,0.3929,0.377353,0.45455,0.0,0.0,0.0,0.0,0.0,0.0,0.0,0.0,-0.099603,-0.138889,0.032413,0.0,0.0,0.046306,-0.06165,0.0,0.0,40-plus,static,Sub-Inspector,law and order deployment,0
0.5502,0.4421,0.374449,0.370185,0.0,0.733333,0.422222,0.211111,0.4084,0.363853,0.38949,0.418054,0.25,0.25,0.25,0.25,0.0,0.0,0.0,0.116667,0.506757,0.428683,0.376003,0.375328,0.0,0.0,0.0,0.0,0.0,0.0,0.0,0.0,0.0,0.0,0.0,0.0,0.180015,-0.211111,-0.009654,0.0,-0.116667,0.131429,0.0,0.0,0.0,30-39,static,Assistant Sub-Inspector,election duty,0
0.314,0.464057,0.463959,0.416554,0.0,0.6,0.411111,0.205556,0.4567,0.481547,0.402066,0.400441,0.25,0.25,0.25,0.25,0.0,0.0,0.0,0.0,0.396129,0.47891,0.429142,0.448636,0.0,0.0,0.0,0.0,0.378229,0.397467,0.39055,0.391332,0.0,0.0,0.0,0.0,-0.102554,-0.205556,0.056259,0.0,0.0,-0.052507,0.0,-0.013104,0.0,30-39,static,Sub-Inspector,group centre,0
0.325114,0.42701,0.405747,0.429636,0.0,0.0,0.3,0.216667,0.474171,0.472183,0.388661,0.407489,0.25,0.25,0.25,0.25,0.0,0.0,0.0,0.038889,0.504943,0.460667,0.470247,0.489152,0.3756,0.3756,0.431991,0.435321,0.3671,0.336917,0.378069,0.384802,0.0,0.0,0.0,0.0,-0.104522,-0.216667,0.066683,0.0,-0.038889,0.015791,-0.059721,-0.017702,0.0,under-30,static,Constable,group centre,0
0.6385,0.574273,0.516168,0.474469,0.1716,0.364893,0.477187,0.238593,0.8057,0.737373,0.533806,0.464979,0.25,0.25,0.25,0.25,0.0,0.233333,0.155556,0.077778,0.624757,0.589707,0.473049,0.426916,0.3827,0.3827,0.406033,0.433066,0.0,0.0,0.0,0.0,0.0,0.0,0.0,0.0,0.164031,-0.066993,0.340721,0.0,-0.077778,0.197842,-0.050366,0.0,0.0,30-39,surged,Assistant Sub-Inspector,internal security duty,0
0.229843,0.36287,0.372352,0.378211,0.0,0.1,0.411111,0.205556,0.490357,0.4038,0.400231,0.443968,0.25,0.25,0.25,0.25,0.0,0.0,0.0,0.077778,0.234,0.355133,0.390874,0.356323,0.6176,0.6176,0.6176,0.56759,0.0,0.0,0.0,0.0,0.0,0.0,0.0,0.0,-0.148368,-0.205556,0.046389,0.0,-0.077778,-0.122323,0.05001,0.0,0.0,30-39,static,Assistant Sub-Inspector,left-wing extremism area,0
0.363557,0.31573,0.302364,0.329637,0.0,0.0,0.044444,0.172222,0.363829,0.309563,0.295478,0.348536,0.25,0.25,0.25,0.25,0.0,0.0,0.0,0.0,0.407429,0.285623,0.288322,0.331401,0.0,0.0,0.0,0.0,0.3004,0.274723,0.316644,0.332645,0.0,0.0,0.0,0.0,0.03392,-0.172222,0.015293,0.0,0.0,0.076028,0.0,-0.032245,0.0,30-39,static,Sub-Inspector,left-wing extremism area,0
0.455,0.371617,0.35638,0.379399,0.571429,0.9,0.333333,0.166667,0.4472,0.4279,0.340761,0.348893,0.25,0.25,0.25,0.25,0.0,0.0,0.0,0.0,0.237657,0.239823,0.349141,0.354289,0.0,0.0,0.0,0.0,0.376214,0.28994,0.31901,0.326387,0.0,0.0,0.0,0.0,0.075601,0.404762,0.098307,0.0,0.0,-0.116632,0.0,0.049827,0.0,30-39,static,Sub-Inspector,group centre,0
0.6882,0.620827,0.552247,0.495956,0.2074,0.2074,0.140571,0.275841,0.658943,0.73078,0.598826,0.498572,0.75,0.75,0.75,0.75,0.0,0.0,0.155556,0.155556,0.696329,0.541633,0.525818,0.449967,0.0,0.0,0.0,0.0,0.0,0.0,0.0,0.0,0.0,0.0,0.0,0.0,0.192244,-0.068441,0.160371,0.0,-0.155556,0.246361,0.0,0.0,0.0,40-plus,surged,Assistant Commandant,internal security duty,0
0.5506,0.50283,0.442209,0.423406,0.0,0.0,0.0,0.194444,0.442557,0.391207,0.394234,0.377326,0.25,0.25,0.25,0.25,0.0,0.3,0.155556,0.077778,0.3179,0.30079,0.344206,0.350198,0.0,0.0,0.0,0.0,0.0,0.0,0.0,0.0,0.0,0.0,0.0,0.0,0.127194,-0.194444,0.065231,0.0,-0.077778,-0.032298,0.0,0.0,0.0,40-plus,static,Assistant Commandant,internal security duty,0
0.266043,0.379127,0.38686,0.388534,0.0,0.0,0.0,0.183333,0.435,0.44853,0.413223,0.396326,0.25,0.25,0.25,0.25,0.0,0.0,0.0,0.0,0.4511,0.374833,0.356016,0.340152,0.0,0.0,0.0,0.0,0.0,0.0,0.0,0.0,0.0,0.0,0.0,0.0,-0.122491,-0.183333,0.038674,0.0,0.0,0.110948,0.0,0.0,0.0,40-plus,static,Inspector,election duty,0
0.424871,0.410517,0.347482,0.355574,0.0,0.0,0.266667,0.194444,0.4791,0.407497,0.379941,0.410252,0.75,0.75,0.75,0.75,0.0,0.0,0.311111,0.155556,0.364143,0.31295,0.350393,0.381376,0.0,0.0,0.0,0.0,0.309371,0.308163,0.373124,0.375823,0.0,0.0,0.0,0.0,0.069297,-0.194444,0.068848,0.0,-0.155556,-0.017233,0.0,-0.066451,0.0,under-30,static,Head Constable,group centre,0
0.5595,0.41375,0.458089,0.455288,0.0,0.0,0.0,0.033333,0.386143,0.38195,0.44355,0.436326,0.75,0.75,0.75,0.75,0.0,0.0,0.0,0.0,0.402686,0.399053,0.388808,0.372171,0.6031,0.57262,0.61534,0.505396,0.357243,0.389963,0.401621,0.388824,0.0,0.0,0.0,0.0,0.104212,-0.033333,-0.050183,0.0,0.0,0.030515,0.097704,-0.031581,0.0,40-plus,static,Inspector,internal security duty,0
0.2343,0.40869,0.44568,0.409816,0.0,0.0,0.244444,0.2,0.366771,0.36881,0.423228,0.417768,0.25,0.25,0.25,0.25,0.0,0.0,0.077778,0.155556,0.3273,0.325273,0.354832,0.354716,0.3403,0.52251,0.540666,0.503763,0.354657,0.326183,0.38119,0.383523,0.0,0.0,0.0,0.0,-0.175516,-0.2,-0.050996,0.0,-0.155556,-0.027416,-0.163463,-0.028866,0.0,30-39,static,Head Constable,left-wing extremism area,0
0.372429,0.39266,0.426418,0.431522,0.0,0.0,0.0,0.183333,0.4088,0.3379,0.390189,0.399164,0.75,0.75,0.75,0.75,0.0,0.0,0.155556,0.077778,0.4356,0.46139,0.371953,0.384616,0.0,0.0,0.0,0.0,0.3206,0.314677,0.352599,0.348599,0.0,0.0,0.0,0.0,-0.059094,-0.183333,0.009636,0.0,-0.077778,0.050984,0.0,-0.027999,0.0,40-plus,static,Assistant Commandant,internal security duty,0
0.419129,0.43278,0.442436,0.411147,0.0,0.0,0.0,0.0,0.403586,0.29891,0.315414,0.355103,0.25,0.25,0.25,0.25,0.0,0.0,0.0,0.0,0.385943,0.37034,0.373731,0.357149,0.2977,0.2977,0.2977,0.269013,0.3375,0.30143,0.328287,0.328562,0.0,0.0,0.0,0.0,0.007982,0.0,0.048483,0.0,0.0,0.028793,0.028687,0.008938,0.0,30-39,static,Assistant Sub-Inspector,left-wing extremism area,0
0.2736,0.336927,0.368819,0.345518,0.0,0.0,0.088889,0.166667,0.4223,0.4241,0.345821,0.326975,0.25,0.25,0.25,0.25,0.0,0.0,0.0,0.0,0.4471,0.400273,0.353609,0.327458,0.250143,0.280777,0.278546,0.285372,0.359443,0.319177,0.322013,0.330606,0.0,0.0,0.0,0.0,-0.071918,-0.166667,0.095325,0.0,0.0,0.119642,-0.035229,0.028837,0.0,under-30,static,Constable,left-wing extremism area,0
0.2592,0.27902,0.311242,0.334682,0.0,0.0,0.0,0.0,0.289271,0.3207,0.381992,0.390962,0.25,0.25,0.25,0.25,0.0,0.0,0.0,0.0,0.299514,0.36982,0.40057,0.389633,0.1352,0.1352,0.146249,0.300297,0.292129,0.299717,0.332811,0.350403,0.0,0.0,0.0,0.0,-0.075482,0.0,-0.10169,0.0,0.0,-0.090118,-0.165097,-0.058275,0.0,under-30,static,Constable,election duty,0
0.7932,0.700593,0.546489,0.422464,0.590914,0.904547,0.423236,0.211618,0.4885,0.488003,0.435252,0.387138,0.25,0.25,0.25,0.25,0.0,0.0,0.155556,0.155556,0.695043,0.69303,0.525032,0.431096,0.1265,0.15742,0.29134,0.293777,0.0,0.0,0.0,0.0,0.0,0.0,0.0,0.0,0.370736,0.379297,0.101362,0.0,-0.155556,0.263947,-0.167277,0.0,0.0,40-plus,surged,Assistant Commandant,internal security duty,0
0.4419,0.46332,0.480604,0.470999,0.0,0.0,0.0,0.227778,0.588271,0.531967,0.483004,0.465739,0.25,0.25,0.25,0.25,0.0,0.0,0.0,0.077778,0.3864,0.420907,0.427758,0.416557,0.6768,0.6768,0.615044,0.531334,0.0,0.0,0.0,0.0,0.0,0.0,0.0,0.0,-0.029099,-0.227778,0.122533,0.0,-0.077778,-0.030157,0.145466,0.0,0.0,under-30,static,Constable,internal security duty,0
0.1678,0.319953,0.39447,0.351841,0.0,0.0,0.222222,0.177778,0.4371,0.40504,0.341489,0.348875,0.25,0.25,0.25,0.25,0.0,0.0,0.0,0.0,0.320571,0.421793,0.431712,0.386419,0.2081,0.2081,0.2081,0.242221,0.0,0.0,0.0,0.0,0.0,0.0,0.0,0.0,-0.184041,-0.177778,0.088225,0.0,0.0,-0.065848,-0.034121,0.0,0.0,40-plus,static,Sub-Inspector,left-wing extremism area,0
0.530429,0.57957,0.491039,0.434822,0.232,0.232,0.157244,0.289733,0.7582,0.629533,0.566607,0.471336,0.25,0.25,0.25,0.25,0.0,0.0,0.0,0.0,0.5842,0.61922,0.571804,0.474329,0.0,0.0,0.0,0.0,0.0,0.0,0.0,0.0,0.0,0.0,0.0,0.0,0.095606,-0.057733,0.286864,0.0,0.0,0.109871,0.0,0.0,0.0,30-39,surged,Assistant Sub-Inspector,internal security duty,0
0.451843,0.451,0.421984,0.414104,0.0,0.0,0.022222,0.216667,0.5024,0.417433,0.394711,0.425342,0.25,0.25,0.25,0.25,0.0,0.0,0.155556,0.077778,0.498257,0.44564,0.470018,0.433414,0.3898,0.4732,0.5288,0.529078,0.4633,0.379623,0.403566,0.387156,0.0,0.0,0.0,0.0,0.037739,-0.216667,0.077058,0.0,-0.077778,0.064843,-0.139278,0.076144,0.0,40-plus,static,Assistant Commandant,left-wing extremism area,0
0.294857,0.268527,0.27656,0.292295,0.0,0.0,0.0,0.172222,0.398457,0.304867,0.313187,0.334894,0.75,0.75,0.75,0.75,0.0,0.0,0.0,0.077778,0.485557,0.432577,0.390462,0.355931,0.0,0.0,0.0,0.0,0.415186,0.321893,0.332964,0.327052,0.0,0.0,0.0,0.0,0.002562,-0.172222,0.063563,0.0,-0.077778,0.129627,0.0,0.088134,0.0,30-39,static,Assistant Sub-Inspector,election duty,0
0.424457,0.390247,0.362002,0.379991,0.0,0.0,0.0,0.0,0.2421,0.323067,0.321477,0.332705,0.25,0.25,0.25,0.25,0.0,0.0,0.0,0.0,0.467243,0.362667,0.386387,0.379981,0.0,0.0,0.0,0.0,0.0,0.0,0.0,0.0,0.0,0.0,0.0,0.0,0.044466,0.0,-0.090605,0.0,0.0,0.087262,0.0,0.0,0.0,40-plus,static,Inspector,internal security duty,0
0.4227,0.38642,0.360657,0.356601,0.0,0.0,0.0,0.0,0.4392,0.293653,0.316739,0.306987,0.75,0.75,0.75,0.75,0.0,0.0,0.0,0.077778,0.3605,0.3717,0.330796,0.327916,0.0,0.0,0.0,0.0,0.0,0.0,0.0,0.0,0.0,0.0,0.0,0.0,0.066099,0.0,0.132213,0.0,-0.077778,0.032584,0.0,0.0,0.0,under-30,static,Constable,left-wing extremism area,0
0.6092,0.689087,0.593871,0.442323,0.3153,0.3153,0.213703,0.106852,0.506286,0.54605,0.509632,0.400033,0.75,0.75,0.75,0.75,0.0,0.0,0.155556,0.155556,0.7583,0.66633,0.50857,0.434148,0.1475,0.1475,0.1475,0.15795,0.297814,0.27952,0.307163,0.302014,0.0,0.0,0.0,0.0,0.166877,0.208448,0.106252,0.0,-0.155556,0.324152,-0.01045,-0.0042,0.0,40-plus,surged,Assistant Commandant,internal security duty,0
0.5457,0.34369,0.358909,0.397586,0.0,0.0,0.0,0.0,0.3138,0.36668,0.444008,0.405851,0.25,0.25,0.25,0.25,0.0,0.0,0.0,0.033333,0.545,0.43576,0.42303,0.419067,0.4569,0.4569,0.442158,0.428129,0.0,0.0,0.0,0.0,0.0,0.0,0.0,0.0,0.148114,0.0,-0.092051,0.0,-0.033333,0.125933,0.028771,0.0,0.0,40-plus,static,Inspector,left-wing extremism area,0
0.441586,0.379133,0.396929,0.379761,0.0,0.0,0.377778,0.188889,0.2742,0.423103,0.390922,0.371049,0.25,0.25,0.25,0.25,0.0,0.0,0.066667,0.077778,0.1887,0.333467,0.381742,0.353143,0.4985,0.4985,0.32264,0.323522,0.375586,0.325097,0.362128,0.346551,0.0,0.0,0.0,0.0,0.061825,-0.188889,-0.096849,0.0,-0.077778,-0.164443,0.174978,0.029035,0.0,under-30,static,Head Constable,internal security duty,0
0.338814,0.349357,0.358217,0.359402,0.0,0.0,0.0,0.0,0.4041,0.373373,0.335954,0.315672,0.25,0.25,0.25,0.25,0.0,0.0,0.111111,0.077778,0.2224,0.219447,0.305604,0.328177,0.587,0.34038,0.280593,0.281272,0.279129,0.273683,0.287937,0.297137,0.0,0.0,0.0,0.0,-0.020588,0.0,0.088428,0.0,-0.077778,-0.105777,0.305728,-0.018009,0.0,30-39,static,Sub-Inspector,left-wing extremism area,0
0.381214,0.377333,0.373812,0.375394,0.0,0.0,0.0,0.0,0.268,0.341117,0.368671,0.335115,0.25,0.25,0.25,0.25,0.0,0.0,0.0,0.077778,0.472,0.28434,0.323148,0.317901,0.1272,0.1272,0.130231,0.169176,0.389571,0.293583,0.299597,0.311024,0.0,0.0,0.0,0.0,0.00582,0.0,-0.067115,0.0,-0.077778,0.154099,-0.041976,0.078548,0.0,40-plus,static,Inspector,internal security duty,0
0.242729,0.302923,0.314476,0.325796,0.714286,0.933333,0.355556,0.177778,0.382186,0.35904,0.337542,0.356541,0.25,0.25,0.25,0.25,0.0,0.0,0.144444,0.127778,0.281157,0.372597,0.393351,0.395632,0.3654,0.3654,0.3654,0.3654,0.0,0.0,0.0,0.0,0.0,0.0,0.0,0.0,-0.083067,0.536508,0.025645,0.0,-0.127778,-0.114475,-0.0,0.0,0.0,40-plus,static,Inspector,group centre,0
0.208986,0.314893,0.367367,0.36242,0.0,0.0,0.133333,0.177778,0.4128,0.34865,0.387748,0.355007,0.25,0.25,0.25,0.25,0.0,0.366667,0.155556,0.077778,0.2801,0.317113,0.356386,0.356627,0.3139,0.2533,0.247334,0.290511,0.316814,0.33824,0.343751,0.340752,0.0,0.0,0.0,0.0,-0.153434,-0.177778,0.057793,0.0,-0.077778,-0.076527,0.023389,-0.023938,0.0,40-plus,static,Inspector,left-wing extremism area,0
0.5445,0.395667,0.412862,0.428211,0.0,0.0,0.2,0.216667,0.506529,0.490253,0.472652,0.463434,0.25,0.25,0.25,0.25,0.0,0.0,0.0,0.0,0.369543,0.338493,0.384773,0.412008,0.5133,0.5133,0.47838,0.456573,0.393229,0.344287,0.401152,0.408904,0.0,0.0,0.0,0.0,0.116289,-0.216667,0.043094,0.0,0.0,-0.042465,0.056727,-0.015675,0.0,30-39,static,Assistant Sub-Inspector,left-wing extremism area,0
0.379171,0.378277,0.448468,0.431797,0.0,0.3,0.466667,0.233333,0.5444,0.43142,0.489269,0.468906,0.25,0.25,0.25,0.25,0.0,0.0,0.0,0.0,0.389114,0.402133,0.40357,0.418066,0.4701,0.4701,0.4701,0.56491,0.0,0.0,0.0,0.0,0.0,0.0,0.0,0.0,-0.052626,-0.233333,0.075494,0.0,0.0,-0.028952,-0.09481,0.0,0.0,40-plus,static,Assistant Commandant,internal security duty,0
0.5206,0.542353,0.450524,0.390547,0.1418,0.1418,0.096109,0.225832,0.3987,0.50002,0.463826,0.429924,0.25,0.25,0.25,0.25,0.0,0.0,0.0,0.066667,0.6282,0.61677,0.507524,0.448972,0.2396,0.2396,0.2396,0.254553,0.3633,0.313783,0.327524,0.336994,0.0,0.0,0.0,0.0,0.130053,-0.084032,-0.031224,0.0,-0.066667,0.179228,-0.014953,0.026306,0.0,30-39,surged,Sub-Inspector,internal security duty,0
0.450643,0.465643,0.399773,0.382493,0.0,0.0,0.0,0.0,0.273386,0.24354,0.330636,0.355882,0.25,0.25,0.25,0.25,0.0,0.066667,0.155556,0.077778,0.336157,0.30667,0.317793,0.359953,0.5465,0.545507,0.526302,0.523559,0.0,0.0,0.0,0.0,0.0,0.0,0.0,0.0,0.06815,0.0,-0.082497,0.0,-0.077778,-0.023796,0.022941,0.0,0.0,30-39,static,Assistant Sub-Inspector,law and order deployment,0
0.490829,0.40853,0.424209,0.44531,0.0,0.0,0.0,0.161111,0.363714,0.438827,0.404049,0.435589,0.25,0.25,0.25,0.25,0.857143,0.466667,0.155556,0.077778,0.5096,0.55822,0.484363,0.452769,0.5248,0.5248,0.532948,0.417846,0.0,0.0,0.0,0.0,0.0,0.0,0.0,0.0,0.045519,-0.161111,-0.071875,0.0,0.779365,0.056831,0.106954,0.0,0.0,under-30,static,Constable,left-wing extremism area,0
0.249243,0.31619,0.34898,0.354348,0.0,0.0,0.0,0.066667,0.4138,0.350127,0.378374,0.34179,0.25,0.25,0.25,0.25,0.0,0.0,0.0,0.077778,0.3939,0.29419,0.292136,0.308843,0.3547,0.3547,0.2479,0.280586,0.0,0.0,0.0,0.0,0.0,0.0,0.0,0.0,-0.105105,-0.066667,0.07201,0.0,-0.077778,0.085057,0.074114,0.0,0.0,30-39,static,Sub-Inspector,group centre,0
0.4848,0.324037,0.374423,0.378031,0.0,0.0,0.366667,0.183333,0.368843,0.39982,0.404193,0.387072,0.25,0.25,0.25,0.25,0.0,0.0,0.0,0.077778,0.3646,0.349123,0.372171,0.346992,0.0,0.0,0.0,0.0,0.0,0.0,0.0,0.0,0.0,0.0,0.0,0.0,0.106769,-0.183333,-0.018229,0.0,-0.077778,0.017608,0.0,0.0,0.0,30-39,static,Head Constable,group centre,0
0.414257,0.430843,0.431222,0.417451,0.0,0.0,0.011111,0.211111,0.521629,0.478447,0.433913,0.426988,0.25,0.25,0.25,0.25,0.0,0.0,0.155556,0.077778,0.477757,0.38751,0.390452,0.414246,0.3716,0.3716,0.3923,0.4337,0.0,0.0,0.0,0.0,0.0,0.0,0.0,0.0,-0.003194,-0.211111,0.09464,0.0,-0.077778,0.063512,-0.0621,0.0,0.0,30-39,static,Head Constable,law and order deployment,0
0.4095,0.47308,0.465993,0.398909,0.0,0.0,0.166667,0.2,0.456671,0.42999,0.367474,0.382888,0.75,0.75,0.75,0.75,0.0,0.0,0.0,0.0,0.2948,0.367463,0.374098,0.342283,0.0,0.0,0.0,0.0,0.398943,0.331947,0.369989,0.365908,0.0,0.0,0.0,0.0,0.010591,-0.2,0.073783,0.0,0.0,-0.047483,0.0,0.033035,0.0,40-plus,static,Inspector,left-wing extremism area,0
0.506557,0.488983,0.477801,0.455149,0.0,0.2,0.488889,0.244444,0.3989,0.44279,0.425139,0.440818,0.75,0.75,0.75,0.75,0.0,0.466667,0.155556,0.155556,0.6199,0.48638,0.451511,0.466746,0.4033,0.4033,0.446132,0.449461,0.0,0.0,0.0,0.0,0.0,0.0,0.0,0.0,0.051408,-0.244444,-0.041918,0.0,-0.155556,0.153154,-0.046161,0.0,0.0,under-30,static,Head Constable,internal security duty,0
0.4397,0.4033,0.449106,0.437158,0.0,0.0,0.0,0.2,0.302971,0.389313,0.377482,0.382963,0.25,0.25,0.25,0.25,0.0,0.0,0.155556,0.077778,0.6074,0.44986,0.447047,0.397304,0.392943,0.406487,0.361137,0.360127,0.347657,0.315387,0.343104,0.365572,0.0,0.0,0.0,0.0,0.002542,-0.2,-0.079992,0.0,-0.077778,0.210096,0.032816,-0.017915,0.0,under-30,static,Constable,internal security duty,0
0.390986,0.37964,0.427714,0.476248,0.0,0.266667,0.722222,0.361111,0.4529,0.526663,0.529958,0.502479,0.25,0.25,0.25,0.25,0.0,0.0,0.1,0.155556,0.377,0.475437,0.492904,0.492109,0.0,0.0,0.0,0.0,0.0,0.0,0.0,0.0,0.0,0.0,0.0,0.0,-0.085263,-0.361111,-0.049579,0.0,-0.155556,-0.115109,0.0,0.0,0.0,30-39,static,Sub-Inspector,left-wing extremism area,1
0.519,0.479757,0.499576,0.487193,0.0,0.466667,0.477778,0.477778,0.477629,0.549003,0.501664,0.474764,0.25,0.25,0.25,0.25,0.0,0.0,0.0,0.0,0.3713,0.452753,0.464356,0.429784,0.0,0.0,0.0,0.0,0.463314,0.416703,0.413304,0.434254,0.0,0.0,0.0,0.0,0.031807,-0.477778,0.002865,0.0,0.0,-0.058484,0.0,0.02906,0.0,40-plus,static,Assistant Commandant,group centre,0
0.235,0.235227,0.315126,0.311657,0.0,0.0,0.0,0.15,0.4292,0.28341,0.346544,0.327258,0.75,0.75,0.75,0.75,0.0,0.466667,0.155556,0.077778,0.220829,0.36333,0.337031,0.339629,0.0,0.0,0.0,0.0,0.417357,0.287957,0.306529,0.301393,0.0,0.0,0.0,0.0,-0.076657,-0.15,0.101942,0.0,-0.077778,-0.118801,0.0,0.115964,0.0,30-39,static,Assistant Sub-Inspector,election duty,0
0.4602,0.418093,0.416734,0.417966,0.0,0.0,0.0,0.227778,0.492743,0.480573,0.449312,0.469503,0.25,0.25,0.25,0.25,0.0,0.0,0.0,0.077778,0.508,0.45008,0.450674,0.449463,0.0,0.0,0.0,0.0,0.420529,0.381177,0.405299,0.415526,0.0,0.0,0.0,0.0,0.042234,-0.227778,0.02324,0.0,-0.077778,0.058537,0.0,0.005002,0.0,40-plus,static,Inspector,left-wing extremism area,0
0.3708,0.37529,0.391539,0.426325,0.0,0.0,0.0,0.0,0.552429,0.40683,0.448964,0.419808,0.25,0.25,0.25,0.25,0.0,0.0,0.0,0.0,0.5288,0.556903,0.487333,0.473432,0.5073,0.47775,0.434568,0.476984,0.0,0.0,0.0,0.0,0.0,0.0,0.0,0.0,-0.055525,0.0,0.132621,0.0,0.0,0.055368,0.030316,0.0,0.0,40-plus,static,Assistant Commandant,internal security duty,0
0.388486,0.366173,0.357431,0.348113,0.0,0.0,0.0,0.0,0.231286,0.24356,0.328496,0.299926,0.25,0.25,0.25,0.25,0.0,0.0,0.0,0.0,0.4125,0.401487,0.327852,0.29023,0.0,0.0,0.0,0.0,0.0,0.0,0.0,0.0,0.0,0.0,0.0,0.0,0.040373,0.0,-0.06864,0.0,0.0,0.12227,0.0,0.0,0.0,40-plus,static,Inspector,internal security duty,0
0.292643,0.33246,0.380682,0.396907,0.0,0.0,0.0,0.0,0.392,0.358943,0.425356,0.432456,0.25,0.25,0.25,0.25,0.0,0.0,0.0,0.0,0.5196,0.415847,0.345161,0.354208,0.4885,0.4885,0.355461,0.331637,0.0,0.0,0.0,0.0,0.0,0.0,0.0,0.0,-0.104264,0.0,-0.040456,0.0,0.0,0.165392,0.156863,0.0,0.0,40-plus,static,Inspector,left-wing extremism area,0
0.466,0.42278,0.376587,0.364433,0.0,0.0,0.0,0.0,0.336514,0.371067,0.386804,0.381741,0.75,0.75,0.75,0.75,0.0,0.0,0.0,0.0,0.3595,0.36994,0.351056,0.343888,0.7562,0.7562,0.73693,0.507855,0.372157,0.327463,0.338162,0.340446,0.0,0.0,0.0,0.0,0.101567,0.0,-0.045226,0.0,0.0,0.015612,0.248345,0.031711,0.0,40-plus,static,Inspector,law and order deployment,0
0.510071,0.424433,0.43718,0.422734,0.0,0.0,0.0,0.194444,0.4599,0.45751,0.387088,0.409377,0.25,0.25,0.25,0.25,0.0,0.0,0.0,0.0,0.3662,0.432613,0.414289,0.40896,0.444,0.444,0.444,0.440336,0.0,0.0,0.0,0.0,0.0,0.0,0.0,0.0,0.087338,-0.194444,0.050523,0.0,0.0,-0.04276,0.003664,0.0,0.0,30-39,static,Sub-Inspector,election duty,0
0.3203,0.30826,0.321909,0.306955,0.0,0.0,0.0,0.0,0.249186,0.373787,0.385283,0.353221,0.75,0.75,0.75,0.75,0.0,0.0,0.0,0.0,0.236157,0.23135,0.2929,0.304738,0.0,0.0,0.0,0.0,0.342643,0.316633,0.316472,0.319712,0.0,0.0,0.0,0.0,0.013345,0.0,-0.104035,0.0,0.0,-0.068581,0.0,0.022931,0.0,30-39,static,Sub-Inspector,election duty,0
0.425,0.408687,0.414583,0.41124,0.0,0.0,0.066667,0.227778,0.340043,0.460827,0.450247,0.450912,0.25,0.25,0.25,0.25,0.0,0.0,0.0,0.155556,0.5428,0.532777,0.499234,0.452543,0.557871,0.56556,0.56712,0.567651,0.4444,0.382263,0.400112,0.405521,0.0,0.0,0.0,0.0,0.01376,-0.227778,-0.110869,0.0,-0.155556,0.090257,-0.00978,0.038879,0.0,under-30,static,Constable,law and order deployment,0
0.337629,0.30854,0.317706,0.311446,0.0,0.0,0.0,0.083333,0.287,0.355277,0.386074,0.341532,0.25,0.25,0.25,0.25,0.0,0.0,0.0,0.0,0.401129,0.324177,0.297456,0.258639,0.2902,0.2902,0.23336,0.258584,0.373171,0.308657,0.340567,0.334609,0.0,0.0,0.0,0.0,0.026182,-0.083333,-0.054532,0.0,0.0,0.142489,0.031616,0.038562,0.0,under-30,static,Head Constable,election duty,0
0.6255,0.50664,0.455202,0.452804,0.0,0.0,0.0,0.222222,0.5222,0.424913,0.421052,0.439152,0.25,0.25,0.25,0.25,0.0,0.0,0.0,0.0,0.320457,0.399373,0.442132,0.447436,0.0,0.0,0.0,0.0,0.0,0.0,0.0,0.0,0.0,0.0,0.0,0.0,0.172696,-0.222222,0.083048,0.0,0.0,-0.126978,0.0,0.0,0.0,30-39,static,Assistant Sub-Inspector,left-wing extremism area,0
0.373443,0.293767,0.324951,0.315894,0.0,0.0,0.0,0.0,0.398629,0.296437,0.356086,0.356844,0.25,0.25,0.25,0.25,0.0,0.0,0.0,0.077778,0.409143,0.44174,0.387931,0.373842,0.274,0.274,0.314038,0.311822,0.0,0.0,0.0,0.0,0.0,0.0,0.0,0.0,0.057548,0.0,0.041785,0.0,-0.077778,0.035301,-0.037822,0.0,0.0,under-30,static,Head Constable,internal security duty,0
0.535829,0.553673,0.506007,0.485664,0.0,0.0,0.0,0.233333,0.383714,0.359,0.426271,0.434419,0.75,0.75,0.75,0.75,0.0,0.0,0.0,0.0,0.5541,0.44388,0.440462,0.454033,0.607443,0.6955,0.433491,0.40446,0.484671,0.432733,0.413553,0.412146,0.0,0.0,0.0,0.0,0.050164,-0.233333,-0.050705,0.0,0.0,0.100067,0.202983,0.072525,0.0,30-39,static,Head Constable,internal security duty,0
0.5054,0.52076,0.474202,0.463982,0.0,0.0,0.0,0.25,0.358614,0.393597,0.4738,0.47607,0.75,0.75,0.75,0.75,0.0,0.0,0.0,0.077778,0.384671,0.501273,0.461394,0.470436,0.5028,0.5028,0.501624,0.488277,0.420229,0.393347,0.416163,0.423796,0.0,0.0,0.0,0.0,0.041418,-0.25,-0.117456,0.0,-0.077778,-0.085765,0.014523,-0.003568,0.0,40-plus,static,Inspector,internal security duty,1
0.4009,0.470757,0.477426,0.433761,0.0,0.0,0.0,0.0,0.458829,0.474527,0.41485,0.413347,0.25,0.25,0.25,0.25,0.0,0.0,0.0,0.155556,0.372,0.39739,0.415528,0.405078,0.4611,0.4193,0.395967,0.361097,0.0,0.0,0.0,0.0,0.0,0.0,0.0,0.0,-0.032861,0.0,0.045481,0.0,-0.155556,-0.033078,0.100003,0.0,0.0,40-plus,static,Assistant Commandant,group centre,0
0.2848,0.340417,0.420696,0.42868,0.0,0.0,0.422222,0.211111,0.3353,0.325813,0.3622,0.416868,0.25,0.25,0.25,0.25,0.0,0.0,0.0,0.077778,0.367657,0.38914,0.426886,0.426998,0.4418,0.533647,0.552282,0.505161,0.0,0.0,0.0,0.0,0.0,0.0,0.0,0.0,-0.14388,-0.211111,-0.081568,0.0,-0.077778,-0.059341,-0.063361,0.0,0.0,30-39,static,Head Constable,election duty,0
0.251786,0.30589,0.338892,0.337962,0.0,0.0,0.0,0.161111,0.238029,0.253497,0.29055,0.306294,0.25,0.25,0.25,0.25,0.142857,0.466667,0.311111,0.155556,0.327886,0.271193,0.292427,0.320916,0.3337,0.3337,0.256651,0.263936,0.423657,0.325213,0.33468,0.317695,0.0,0.0,0.0,0.0,-0.086177,-0.161111,-0.068265,0.0,-0.012698,0.00697,0.069764,0.105962,0.0,40-plus,static,Inspector,group centre,0
0.4672,0.47323,0.424774,0.400372,0.0,0.0,0.388889,0.194444,0.3923,0.376703,0.396822,0.372517,0.25,0.25,0.25,0.25,0.0,0.0,0.0,0.0,0.442129,0.35976,0.37441,0.363764,0.319,0.319,0.35008,0.374293,0.0,0.0,0.0,0.0,0.0,0.0,0.0,0.0,0.066828,-0.194444,0.019783,0.0,0.0,0.078365,-0.055293,0.0,0.0,30-39,static,Head Constable,left-wing extremism area,0
0.272929,0.371587,0.366692,0.360688,0.0,0.0,0.288889,0.183333,0.373943,0.260413,0.332437,0.339371,0.25,0.25,0.25,0.25,0.0,0.0,0.0,0.0,0.394786,0.379033,0.341597,0.353773,0.4053,0.468907,0.537109,0.482923,0.0,0.0,0.0,0.0,0.0,0.0,0.0,0.0,-0.08776,-0.183333,0.034572,0.0,0.0,0.041013,-0.077623,0.0,0.0,30-39,static,Assistant Sub-Inspector,internal security duty,0
0.503743,0.49475,0.500079,0.463777,0.0,0.0,0.333333,0.227778,0.432557,0.48948,0.468053,0.475682,0.25,0.25,0.25,0.25,0.0,0.0,0.0,0.0,0.482514,0.437593,0.409197,0.421348,0.3645,0.368367,0.432161,0.403779,0.459743,0.379533,0.416336,0.42239,0.0,0.0,0.0,0.0,0.039966,-0.227778,-0.043125,0.0,0.0,0.061166,-0.039279,0.037353,0.0,30-39,static,Sub-Inspector,left-wing extremism area,0
0.460743,0.51237,0.512271,0.48004,0.0,0.0,0.0,0.227778,0.357029,0.460707,0.445711,0.450006,0.25,0.25,0.25,0.25,0.0,0.0,0.0,0.016667,0.4285,0.3992,0.436006,0.414867,0.0,0.0,0.0,0.0,0.0,0.0,0.0,0.0,0.0,0.0,0.0,0.0,-0.019297,-0.227778,-0.092977,0.0,-0.016667,0.013633,0.0,0.0,0.0,40-plus,static,Inspector,internal security duty,0
0.341829,0.338587,0.428551,0.404943,0.0,0.0,0.0,0.0,0.377629,0.4509,0.364392,0.388566,0.75,0.75,0.75,0.75,0.0,0.0,0.0,0.0,0.4851,0.392373,0.433682,0.44673,0.0,0.0,0.0,0.0,0.0,0.0,0.0,0.0,0.0,0.0,0.0,0.0,-0.063115,0.0,-0.010938,0.0,0.0,0.03837,0.0,0.0,0.0,under-30,static,Constable,election duty,0
0.335771,0.314147,0.387872,0.374101,0.0,0.0,0.0,0.0,0.1937,0.314287,0.317673,0.328803,0.75,0.75,0.75,0.75,0.0,0.0,0.0,0.0,0.372586,0.303563,0.310066,0.324856,0.2902,0.2902,0.40905,0.331526,0.0,0.0,0.0,0.0,0.0,0.0,0.0,0.0,-0.03833,0.0,-0.135103,0.0,0.0,0.04773,-0.041326,0.0,0.0,40-plus,static,Inspector,left-wing extremism area,0
0.2921,0.36688,0.326087,0.358948,0.0,0.0,0.0,0.0,0.4061,0.32978,0.327744,0.363612,0.75,0.75,0.75,0.75,0.0,0.0,0.0,0.0,0.327814,0.324387,0.31138,0.335178,0.2442,0.2442,0.2442,0.247198,0.332457,0.327063,0.352473,0.333711,0.0,0.0,0.0,0.0,-0.066848,0.0,0.042488,0.0,0.0,-0.007364,-0.002998,-0.001253,0.0,30-39,static,Assistant Sub-Inspector,left-wing extremism area,0
0.456971,0.37321,0.369906,0.39395,0.0,0.0,0.0,0.172222,0.5343,0.407803,0.378194,0.390592,0.75,0.75,0.75,0.75,0.0,0.0,0.0,0.0,0.2043,0.309927,0.30301,0.350944,0.3191,0.3191,0.388299,0.414424,0.0,0.0,0.0,0.0,0.0,0.0,0.0,0.0,0.063021,-0.172222,0.143708,0.0,0.0,-0.146644,-0.095324,0.0,0.0,under-30,static,Constable,election duty,0
0.295929,0.306247,0.372902,0.363415,0.0,0.0,0.244444,0.194444,0.371214,0.351027,0.344384,0.381656,0.25,0.25,0.25,0.25,0.0,0.0,0.0,0.0,0.271929,0.28503,0.372627,0.360147,0.0,0.0,0.0,0.0,0.372714,0.346983,0.377711,0.379289,0.0,0.0,0.0,0.0,-0.067486,-0.194444,-0.010441,0.0,0.0,-0.088219,0.0,-0.006575,0.0,30-39,static,Assistant Sub-Inspector,left-wing extremism area,0
0.4919,0.382783,0.369559,0.404994,0.0,0.0,0.0,0.05,0.4626,0.37675,0.365784,0.380406,0.25,0.25,0.25,0.25,0.0,0.0,0.155556,0.077778,0.301043,0.299777,0.324452,0.354652,0.0,0.0,0.0,0.0,0.0,0.0,0.0,0.0,0.0,0.0,0.0,0.0,0.086906,-0.05,0.082194,0.0,-0.077778,-0.053609,0.0,0.0,0.0,40-plus,static,Inspector,election duty,0
0.3344,0.369273,0.42799,0.420404,0.0,0.4,0.422222,0.211111,0.4921,0.426673,0.412844,0.418091,0.75,0.75,0.75,0.75,0.0,0.0,0.0,0.066667,0.5064,0.322883,0.373524,0.394292,0.0,0.0,0.0,0.0,0.0,0.0,0.0,0.0,0.0,0.0,0.0,0.0,-0.086004,-0.211111,0.074009,0.0,-0.066667,0.112108,0.0,0.0,0.0,40-plus,static,Sub-Inspector,left-wing extremism area,0
0.559886,0.472013,0.483471,0.445219,0.0,0.0,0.0,0.088889,0.345571,0.45298,0.498869,0.471651,0.25,0.25,0.25,0.25,0.0,0.466667,0.155556,0.077778,0.428714,0.388783,0.420482,0.418825,0.2897,0.2897,0.2897,0.2897,0.0,0.0,0.0,0.0,0.0,0.0,0.0,0.0,0.114666,-0.088889,-0.126079,0.0,-0.077778,0.009889,0.0,0.0,0.0,under-30,static,Constable,law and order deployment,0
0.3291,0.38505,0.357262,0.380748,0.0,0.0,0.0,0.183333,0.499329,0.45195,0.391797,0.387425,0.25,0.25,0.25,0.25,0.0,0.0,0.0,0.122222,0.366014,0.348817,0.318618,0.340905,0.1312,0.1312,0.170647,0.245351,0.0,0.0,0.0,0.0,0.0,0.0,0.0,0.0,-0.051648,-0.183333,0.111904,0.0,-0.122222,0.025109,-0.114151,0.0,0.0,40-plus,static,Inspector,internal security duty,0
0.2987,0.44663,0.348513,0.372406,0.0,0.0,0.0,0.183333,0.4495,0.41515,0.374924,0.360421,0.25,0.25,0.25,0.25,0.0,0.0,0.0,0.077778,0.330171,0.327667,0.337858,0.346603,0.1252,0.137753,0.278914,0.278914,0.0,0.0,0.0,0.0,0.0,0.0,0.0,0.0,-0.073706,-0.183333,0.089079,0.0,-0.077778,-0.016431,-0.153714,0.0,0.0,30-39,static,Head Constable,group centre,0
0.490429,0.47972,0.406884,0.390555,0.0,0.0,0.0,0.2,0.435757,0.413947,0.379127,0.350097,0.75,0.75,0.75,0.75,0.0,0.0,0.0,0.0,0.290871,0.354187,0.327289,0.327601,0.3699,0.5703,0.5971,0.493646,0.0,0.0,0.0,0.0,0.0,0.0,0.0,0.0,0.099874,-0.2,0.08566,0.0,0.0,-0.036729,-0.123746,0.0,0.0,under-30,static,Constable,election duty,0
0.4622,0.492327,0.436091,0.408156,0.0,0.0,0.222222,0.183333,0.4165,0.478253,0.417399,0.379082,0.25,0.25,0.25,0.25,0.0,0.0,0.0,0.0,0.469586,0.41628,0.360427,0.353163,0.2025,0.2025,0.24735,0.297592,0.330586,0.30738,0.36903,0.355118,0.0,0.0,0.0,0.0,0.054044,-0.183333,0.037418,0.0,0.0,0.116423,-0.095092,-0.024533,0.0,40-plus,static,Assistant Commandant,election duty,0
0.424157,0.392103,0.339142,0.338567,0.0,0.0,0.044444,0.172222,0.357657,0.37057,0.32437,0.357826,0.75,0.75,0.75,0.75,0.0,0.0,0.0,0.0,0.365357,0.337387,0.334787,0.34372,0.0,0.0,0.0,0.0,0.0,0.0,0.0,0.0,0.0,0.0,0.0,0.0,0.08559,-0.172222,-0.000168,0.0,0.0,0.021637,0.0,0.0,0.0,40-plus,static,Assistant Commandant,internal security duty,0
0.303329,0.32562,0.390471,0.347142,0.0,0.0,0.0,0.0,0.322271,0.322057,0.298131,0.334388,0.25,0.25,0.25,0.25,0.0,0.0,0.0,0.077778,0.2573,0.285537,0.341576,0.349938,0.0,0.0,0.0,0.0,0.378343,0.341683,0.340629,0.334836,0.0,0.0,0.0,0.0,-0.043814,0.0,-0.012116,0.0,-0.077778,-0.092638,0.0,0.043507,0.0,40-plus,static,Inspector,law and order deployment,0
0.448214,0.41654,0.31686,0.324274,0.0,0.0,0.0,0.1,0.3201,0.369093,0.350774,0.336472,0.25,0.25,0.25,0.25,0.0,0.0,0.0,0.0,0.357971,0.281173,0.344356,0.340852,0.3088,0.306213,0.282071,0.2835,0.0,0.0,0.0,0.0,0.0,0.0,0.0,0.0,0.12394,-0.1,-0.016372,0.0,0.0,0.017119,0.0253,0.0,0.0,40-plus,static,Inspector,group centre,0
0.360829,0.32525,0.36227,0.39963,0.0,0.0,0.0,0.194444,0.4997,0.40128,0.357914,0.378794,0.25,0.25,0.25,0.25,0.0,0.0,0.0,0.116667,0.384614,0.402113,0.359027,0.398361,0.4119,0.4119,0.4119,0.4119,0.338986,0.32089,0.348723,0.364142,0.0,0.0,0.0,0.0,-0.038801,-0.194444,0.120906,0.0,-0.116667,-0.013747,0.0,-0.025156,0.0,40-plus,static,Inspector,internal security duty,0
0.378743,0.419033,0.328848,0.34194,0.0,0.433333,0.344444,0.172222,0.2023,0.232367,0.345708,0.36258,0.25,0.25,0.25,0.25,0.0,0.0,0.0,0.077778,0.315014,0.31849,0.320479,0.332697,0.184,0.184,0.175138,0.27694,0.0,0.0,0.0,0.0,0.0,0.0,0.0,0.0,0.036803,-0.172222,-0.16028,0.0,-0.077778,-0.017683,-0.09294,0.0,0.0,40-plus,static,Sub-Inspector,left-wing extremism area,0
0.5186,0.386273,0.32237,0.313426,0.0,0.0,0.0,0.072222,0.452771,0.39048,0.38565,0.389672,0.25,0.25,0.25,0.25,0.0,0.0,0.0,0.0,0.2993,0.28347,0.27458,0.312133,0.36,0.36,0.327318,0.310604,0.381657,0.33739,0.35117,0.342558,0.0,0.0,0.0,0.0,0.205174,-0.072222,0.0631,0.0,0.0,-0.012833,0.049396,0.039099,0.0,30-39,static,Sub-Inspector,group centre,0
0.494786,0.443337,0.410276,0.358898,0.0,0.0,0.0,0.0,0.5106,0.4993,0.415268,0.395121,0.25,0.25,0.25,0.25,0.0,0.0,0.0,0.155556,0.3798,0.378277,0.296036,0.292928,0.0,0.0,0.0,0.0,0.0,0.0,0.0,0.0,0.0,0.0,0.0,0.0,0.135887,0.0,0.115479,0.0,-0.155556,0.086872,0.0,0.0,0.0,30-39,static,Sub-Inspector,left-wing extremism area,0
0.4292,0.333457,0.342538,0.354226,0.0,0.0,0.0,0.0,0.4356,0.36585,0.373569,0.345773,0.25,0.25,0.25,0.25,0.0,0.0,0.0,0.0,0.435643,0.43025,0.420936,0.395124,0.2316,0.2316,0.2316,0.42556,0.317986,0.354267,0.374226,0.369836,0.0,0.0,0.0,0.0,0.074974,0.0,0.089827,0.0,0.0,0.040518,-0.19396,-0.05185,0.0,under-30,static,Head Constable,law and order deployment,0
0.427786,0.378967,0.40898,0.376496,0.0,0.0,0.344444,0.172222,0.359129,0.408413,0.396242,0.376037,0.75,0.75,0.75,0.75,0.0,0.0,0.0,0.0,0.368214,0.319243,0.331538,0.36469,0.0,0.0,0.0,0.0,0.0,0.0,0.0,0.0,0.0,0.0,0.0,0.0,0.05129,-0.172222,-0.016908,0.0,0.0,0.003524,0.0,0.0,0.0,30-39,static,Head Constable,law and order deployment,0
0.290914,0.32446,0.321357,0.335114,0.0,0.0,0.322222,0.161111,0.276886,0.386767,0.371438,0.328321,0.25,0.25,0.25,0.25,0.0,0.0,0.0,0.116667,0.216757,0.245133,0.277443,0.306803,0.0,0.0,0.0,0.0,0.0,0.0,0.0,0.0,0.0,0.0,0.0,0.0,-0.0442,-0.161111,-0.051435,0.0,-0.116667,-0.090046,0.0,0.0,0.0,40-plus,static,Inspector,law and order deployment,0
0.730486,0.722277,0.605168,0.527644,0.2632,0.2632,0.178391,0.305862,0.569457,0.60193,0.580972,0.510702,0.25,0.25,0.25,0.25,0.0,0.0,0.0,0.077778,0.801029,0.64406,0.579146,0.525067,0.522257,0.58899,0.60253,0.572471,0.0,0.0,0.0,0.0,0.0,0.0,0.0,0.0,0.202842,-0.042662,0.058755,0.0,-0.077778,0.275962,-0.050213,0.0,0.0,under-30,surged,Head Constable,internal security duty,0
0.3853,0.450833,0.422,0.456032,0.0,0.0,0.477778,0.477778,0.608157,0.56058,0.521776,0.461464,0.25,0.25,0.25,0.25,0.0,0.0,0.0,0.0,0.416671,0.480307,0.47026,0.476249,0.0,0.0,0.0,0.0,0.407614,0.410307,0.424013,0.432133,0.0,0.0,0.0,0.0,-0.070732,-0.477778,0.146693,0.0,0.0,-0.059577,0.0,-0.024519,0.0,30-39,static,Sub-Inspector,group centre,0
0.3321,0.312057,0.399494,0.406782,0.0,0.0,0.0,0.211111,0.3769,0.39462,0.377161,0.408944,0.25,0.25,0.25,0.25,0.0,0.0,0.0,0.0,0.310143,0.328117,0.387857,0.402294,0.0,0.0,0.0,0.0,0.0,0.0,0.0,0.0,0.0,0.0,0.0,0.0,-0.074682,-0.211111,-0.032044,0.0,0.0,-0.092151,0.0,0.0,0.0,30-39,static,Assistant Sub-Inspector,left-wing extremism area,0
0.529571,0.450317,0.349952,0.368457,0.0,0.0,0.0,0.2,0.327729,0.375317,0.359898,0.355252,0.25,0.25,0.25,0.25,0.0,0.0,0.0,0.0,0.1969,0.293987,0.335562,0.361365,0.6599,0.568013,0.64538,0.550866,0.0,0.0,0.0,0.0,0.0,0.0,0.0,0.0,0.161114,-0.2,-0.027524,0.0,0.0,-0.164465,0.109034,0.0,0.0,40-plus,static,Inspector,left-wing extremism area,0
0.590443,0.493663,0.477274,0.456253,0.0,0.0,0.0,0.022222,0.465129,0.439327,0.460816,0.484201,0.25,0.25,0.25,0.25,0.0,0.0,0.155556,0.077778,0.3918,0.52275,0.444304,0.471498,0.0,0.0,0.0,0.0,0.384529,0.372543,0.401572,0.410287,0.0,0.0,0.0,0.0,0.13419,-0.022222,-0.019072,0.0,-0.077778,-0.079698,0.0,-0.025758,0.0,40-plus,static,Inspector,left-wing extremism area,0
0.3212,0.422497,0.439956,0.431946,0.0,0.0,0.0,0.116667,0.427171,0.518687,0.465091,0.450814,0.75,0.75,0.75,0.75,0.0,0.0,0.0,0.077778,0.503543,0.487013,0.463069,0.425677,0.3218,0.36308,0.517747,0.545914,0.0,0.0,0.0,0.0,0.0,0.0,0.0,0.0,-0.110746,-0.116667,-0.023642,0.0,-0.077778,0.077866,-0.224114,0.0,0.0,30-39,static,Assistant Sub-Inspector,group centre,0
0.2992,0.332663,0.411637,0.366534,0.0,0.0,0.0,0.172222,0.4327,0.386827,0.316612,0.335117,0.75,0.75,0.75,0.75,0.0,0.0,0.0,0.061111,0.480629,0.396513,0.335336,0.330967,0.0,0.0,0.0,0.0,0.0,0.0,0.0,0.0,0.0,0.0,0.0,0.0,-0.067334,-0.172222,0.097583,0.0,-0.061111,0.149661,0.0,0.0,0.0,40-plus,static,Inspector,left-wing extremism area,0
0.4292,0.4109,0.406043,0.430987,0.0,0.0,0.166667,0.227778,0.441186,0.384307,0.413281,0.448397,0.25,0.25,0.25,0.25,0.0,0.0,0.0,0.0,0.346257,0.441627,0.495948,0.441869,0.4317,0.486953,0.495384,0.557577,0.395957,0.378783,0.41512,0.412265,0.0,0.0,0.0,0.0,-0.001787,-0.227778,-0.007212,0.0,0.0,-0.095612,-0.125877,-0.016308,0.0,40-plus,static,Inspector,law and order deployment,0
0.322771,0.395063,0.319788,0.33004,0.0,0.0,0.0,0.1,0.2419,0.304263,0.310819,0.351755,0.25,0.25,0.25,0.25,0.0,0.0,0.0,0.077778,0.2783,0.298543,0.326986,0.323654,0.0,0.0,0.0,0.0,0.0,0.0,0.0,0.0,0.0,0.0,0.0,0.0,-0.007269,-0.1,-0.109855,0.0,-0.077778,-0.045354,0.0,0.0,0.0,under-30,static,Constable,left-wing extremism area,0
0.4187,0.58376,0.555064,0.53979,0.0,0.0,0.0,0.3,0.469443,0.446013,0.492622,0.484467,0.25,0.25,0.25,0.25,0.0,0.0,0.0,0.0,0.426843,0.578697,0.61207,0.591516,0.0,0.0,0.0,0.0,0.0,0.0,0.0,0.0,0.0,0.0,0.0,0.0,-0.12109,-0.3,-0.015024,0.0,0.0,-0.164673,0.0,0.0,0.0,30-39,static,Assistant Sub-Inspector,election duty,1
0.421086,0.38287,0.395361,0.405411,0.0,0.0,0.0,0.227778,0.3347,0.49311,0.471019,0.468683,0.75,0.75,0.75,0.75,0.0,0.0,0.0,0.0,0.3931,0.360373,0.444432,0.442665,0.0,0.0,0.0,0.0,0.0,0.0,0.0,0.0,0.0,0.0,0.0,0.0,0.015675,-0.227778,-0.133983,0.0,0.0,-0.049565,0.0,0.0,0.0,30-39,static,Assistant Sub-Inspector,election duty,0
0.407929,0.47785,0.451382,0.415764,0.0,0.0,0.0,0.0,0.509986,0.50637,0.428704,0.454433,0.25,0.25,0.25,0.25,0.571429,0.466667,0.155556,0.077778,0.4367,0.412017,0.444467,0.448153,0.0,0.0,0.0,0.0,0.3941,0.40297,0.422056,0.419919,0.0,0.0,0.0,0.0,-0.007836,0.0,0.055552,0.0,0.493651,-0.011453,0.0,-0.025819,0.0,30-39,static,Head Constable,group centre,0
0.346486,0.27509,0.333644,0.297133,0.0,0.0,0.322222,0.161111,0.214271,0.28784,0.323744,0.319668,0.25,0.25,0.25,0.25,0.0,0.0,0.155556,0.077778,0.4621,0.353813,0.316689,0.306229,0.0712,0.0712,0.0712,0.09997,0.0,0.0,0.0,0.0,0.0,0.0,0.0,0.0,0.049352,-0.161111,-0.105396,0.0,-0.077778,0.155871,-0.02877,0.0,0.0,30-39,static,Assistant Sub-Inspector,law and order deployment,0
0.448486,0.528123,0.418439,0.388977,0.1516,0.1516,0.102751,0.223598,0.503243,0.530487,0.453824,0.385664,0.25,0.25,0.25,0.25,0.0,0.0,0.066667,0.077778,0.505114,0.551523,0.453678,0.414469,0.4269,0.4269,0.408911,0.408968,0.366914,0.341457,0.336372,0.320663,0.0,0.0,0.0,0.0,0.059509,-0.071998,0.117578,0.0,-0.077778,0.090645,0.017932,0.046252,0.0,under-30,surged,Head Constable,internal security duty,0
0.312257,0.34826,0.370622,0.377152,0.0,0.766667,0.377778,0.188889,0.404343,0.326157,0.355633,0.358196,0.25,0.25,0.25,0.25,0.0,0.0,0.0,0.0,0.2466,0.37743,0.364859,0.338721,0.3522,0.331433,0.279911,0.403557,0.0,0.0,0.0,0.0,0.0,0.0,0.0,0.0,-0.064895,-0.188889,0.046147,0.0,0.0,-0.092121,-0.051357,0.0,0.0,under-30,static,Head Constable,law and order deployment,0
0.341986,0.36082,0.351697,0.383654,0.0,0.0,0.0,0.0,0.472129,0.373377,0.392448,0.384683,0.25,0.25,0.25,0.25,0.0,0.0,0.155556,0.077778,0.4673,0.44816,0.399898,0.381909,0.4204,0.308053,0.280818,0.250483,0.0,0.0,0.0,0.0,0.0,0.0,0.0,0.0,-0.041669,0.0,0.087445,0.0,-0.077778,0.085391,0.169917,0.0,0.0,30-39,static,Sub-Inspector,election duty,0
0.263,0.446123,0.444303,0.457669,0.0,0.0,0.0,0.111111,0.5628,0.471767,0.407266,0.421991,0.25,0.25,0.25,0.25,0.0,0.0,0.0,0.0,0.3522,0.427883,0.440398,0.431406,0.2797,0.325713,0.369689,0.330092,0.368771,0.344687,0.392029,0.403576,0.0,0.0,0.0,0.0,-0.194669,-0.111111,0.140809,0.0,0.0,-0.079206,-0.050392,-0.034804,0.0,40-plus,static,Inspector,left-wing extremism area,0
0.359257,0.419147,0.413384,0.379494,0.0,0.0,0.0,0.038889,0.262157,0.277613,0.369111,0.37712,0.25,0.25,0.25,0.25,0.0,0.0,0.0,0.0,0.317043,0.43475,0.363444,0.322016,0.0,0.0,0.0,0.0,0.300071,0.298503,0.357862,0.350807,0.0,0.0,0.0,0.0,-0.020237,-0.038889,-0.114963,0.0,0.0,-0.004973,0.0,-0.050735,0.0,40-plus,static,Inspector,law and order deployment,0
0.2447,0.27674,0.29045,0.303878,0.0,0.0,0.0,0.0,0.298986,0.306613,0.315603,0.30397,0.25,0.25,0.25,0.25,0.0,0.0,0.0,0.0,0.307843,0.30333,0.270899,0.317257,0.2676,0.299707,0.310902,0.279431,0.0,0.0,0.0,0.0,0.0,0.0,0.0,0.0,-0.059178,0.0,-0.004984,0.0,0.0,-0.009414,-0.011831,0.0,0.0,30-39,static,Assistant Sub-Inspector,left-wing extremism area,0
0.289443,0.331863,0.335474,0.351466,0.0,0.0,0.1,0.155556,0.475714,0.386743,0.340306,0.316879,0.25,0.25,0.25,0.25,0.0,0.0,0.0,0.0,0.4108,0.3624,0.361898,0.318614,0.4697,0.4697,0.331849,0.261414,0.0,0.0,0.0,0.0,0.0,0.0,0.0,0.0,-0.062023,-0.155556,0.158835,0.0,0.0,0.092186,0.208286,0.0,0.0,30-39,static,Head Constable,internal security duty,0
0.343414,0.378223,0.388312,0.404666,0.0,0.0,0.111111,0.2,0.508414,0.402687,0.411656,0.404885,0.25,0.25,0.25,0.25,0.0,0.0,0.155556,0.077778,0.457586,0.45831,0.427384,0.43715,0.0,0.0,0.0,0.0,0.0,0.0,0.0,0.0,0.0,0.0,0.0,0.0,-0.061252,-0.2,0.103529,0.0,-0.077778,0.020436,0.0,0.0,0.0,40-plus,static,Inspector,internal security duty,0
0.449029,0.39702,0.410927,0.404153,0.0,0.0,0.377778,0.194444,0.246014,0.268607,0.311302,0.356368,0.25,0.25,0.25,0.25,0.0,0.0,0.155556,0.155556,0.3301,0.391093,0.419722,0.411691,0.5887,0.5887,0.562991,0.494118,0.0,0.0,0.0,0.0,0.0,0.0,0.0,0.0,0.044876,-0.194444,-0.110354,0.0,-0.155556,-0.081591,0.094582,0.0,0.0,40-plus,static,Sub-Inspector,left-wing extremism area,0
0.564029,0.45081,0.490384,0.459398,0.0,0.0,0.0,0.3,0.574157,0.517967,0.472248,0.440318,0.25,0.25,0.25,0.25,0.0,0.0,0.0,0.0,0.5607,0.520037,0.466442,0.449443,0.462286,0.30588,0.404479,0.513406,0.438486,0.349377,0.402627,0.410478,0.0,0.0,0.0,0.0,0.10463,-0.3,0.133839,0.0,0.0,0.111257,-0.05112,0.028008,0.0,under-30,static,Head Constable,group centre,0
0.428043,0.316123,0.353367,0.364118,0.0,0.0,0.0,0.122222,0.222957,0.27976,0.308027,0.336396,0.25,0.25,0.25,0.25,0.0,0.0,0.0,0.0,0.486,0.476717,0.362939,0.355379,0.2994,0.2994,0.2994,0.315465,0.0,0.0,0.0,0.0,0.0,0.0,0.0,0.0,0.063925,-0.122222,-0.113438,0.0,0.0,0.130621,-0.016065,0.0,0.0,under-30,static,Constable,internal security duty,0
0.412257,0.415717,0.422973,0.398219,0.0,0.0,0.0,0.005556,0.419943,0.40883,0.3969,0.395224,0.25,0.25,0.25,0.25,0.0,0.0,0.0,0.094444,0.359243,0.318587,0.405069,0.387421,0.0,0.0,0.0,0.0,0.0,0.0,0.0,0.0,0.0,0.0,0.0,0.0,0.014038,-0.005556,0.024718,0.0,-0.094444,-0.028178,0.0,0.0,0.0,30-39,static,Assistant Sub-Inspector,law and order deployment,0
0.284486,0.272517,0.351284,0.330481,0.0,0.0,0.322222,0.161111,0.165371,0.314483,0.357032,0.337999,0.25,0.25,0.25,0.25,0.0,0.0,0.0,0.0,0.4024,0.388133,0.331876,0.327318,0.0,0.0,0.0,0.0,0.348329,0.319863,0.32073,0.317058,0.0,0.0,0.0,0.0,-0.045995,-0.161111,-0.172627,0.0,0.0,0.075082,0.0,0.03127,0.0,40-plus,static,Inspector,group centre,0
0.5344,0.34204,0.392866,0.389272,0.0,0.0,0.4,0.2,0.4878,0.30886,0.389531,0.386845,0.25,0.25,0.25,0.25,0.0,0.0,0.0,0.0,0.3122,0.40127,0.356752,0.371079,0.5994,0.55217,0.459006,0.376844,0.0,0.0,0.0,0.0,0.0,0.0,0.0,0.0,0.145128,-0.2,0.100955,0.0,0.0,-0.058879,0.222556,0.0,0.0,30-39,static,Assistant Sub-Inspector,left-wing extremism area,0
0.414914,0.307797,0.311148,0.328724,0.0,0.0,0.088889,0.166667,0.3944,0.39362,0.345706,0.343141,0.25,0.25,0.25,0.25,0.0,0.0,0.0,0.0,0.2571,0.27372,0.282017,0.295528,0.0,0.0,0.0,0.0,0.303543,0.299717,0.316702,0.328241,0.0,0.0,0.0,0.0,0.08619,-0.166667,0.051259,0.0,0.0,-0.038428,0.0,-0.024698,0.0,40-plus,static,Assistant Commandant,election duty,0
0.4352,0.470147,0.42634,0.387092,0.0,0.0,0.0,0.0,0.4847,0.481683,0.379513,0.381444,0.25,0.25,0.25,0.25,0.0,0.0,0.155556,0.077778,0.382871,0.311073,0.320336,0.323328,0.4415,0.415647,0.310587,0.316549,0.0,0.0,0.0,0.0,0.0,0.0,0.0,0.0,0.048108,0.0,0.103256,0.0,-0.077778,0.059543,0.124951,0.0,0.0,40-plus,static,Inspector,left-wing extremism area,0
0.346257,0.354653,0.358391,0.347259,0.0,0.0,0.0,0.172222,0.472971,0.43518,0.394954,0.411957,0.25,0.25,0.25,0.25,0.0,0.0,0.0,0.072222,0.273114,0.22618,0.32534,0.328271,0.0,0.0,0.0,0.0,0.0,0.0,0.0,0.0,0.0,0.0,0.0,0.0,-0.001002,-0.172222,0.061015,0.0,-0.072222,-0.055156,0.0,0.0,0.0,30-39,static,Assistant Sub-Inspector,group centre,0
0.486729,0.43938,0.468443,0.446557,0.0,0.0,0.344444,0.477778,0.2857,0.35614,0.420446,0.432612,0.75,0.75,0.75,0.75,0.0,0.0,0.0,0.0,0.473657,0.477223,0.453843,0.426951,0.0,0.0,0.0,0.0,0.488257,0.411813,0.424096,0.4217,0.0,0.0,0.0,0.0,0.040172,-0.477778,-0.146912,0.0,0.0,0.046706,0.0,0.066557,0.0,40-plus,static,Inspector,internal security duty,0
0.310614,0.32031,0.349823,0.371328,0.0,0.0,0.377778,0.2,0.2917,0.402397,0.386016,0.395492,0.25,0.25,0.25,0.25,0.0,0.0,0.0,0.0,0.371314,0.42848,0.412996,0.395073,0.0,0.0,0.0,0.0,0.359157,0.349183,0.363738,0.368042,0.0,0.0,0.0,0.0,-0.060714,-0.2,-0.103792,0.0,0.0,-0.023759,0.0,-0.008885,0.0,40-plus,static,Sub-Inspector,left-wing extremism area,0
0.274314,0.33939,0.361786,0.353411,0.0,0.0,0.0,0.0,0.345171,0.241267,0.309589,0.344436,0.25,0.25,0.25,0.25,0.0,0.0,0.0,0.0,0.432514,0.39432,0.400322,0.375387,0.0,0.0,0.0,0.0,0.0,0.0,0.0,0.0,0.0,0.0,0.0,0.0,-0.079096,0.0,0.000735,0.0,0.0,0.057127,0.0,0.0,0.0,40-plus,static,Assistant Commandant,law and order deployment,0
0.347743,0.39037,0.339252,0.327938,0.0,0.0,0.0,0.0,0.1987,0.30518,0.304576,0.356144,0.25,0.25,0.25,0.25,0.0,0.0,0.155556,0.077778,0.2177,0.21516,0.333479,0.354343,0.3221,0.3221,0.310802,0.241546,0.0,0.0,0.0,0.0,0.0,0.0,0.0,0.0,0.019805,0.0,-0.157444,0.0,-0.077778,-0.136643,0.080554,0.0,0.0,30-39,static,Assistant Sub-Inspector,left-wing extremism area,0
0.3167,0.33341,0.341864,0.329786,0.0,0.4,0.355556,0.177778,0.443143,0.373783,0.355106,0.349522,0.25,0.25,0.25,0.25,0.0,0.0,0.155556,0.077778,0.2207,0.399563,0.375278,0.387694,0.5036,0.5036,0.443697,0.421592,0.428414,0.375113,0.343091,0.34397,0.0,0.0,0.0,0.0,-0.013086,-0.177778,0.093621,0.0,-0.077778,-0.166994,0.082008,0.084444,0.0,under-30,static,Head Constable,left-wing extremism area,0
0.497871,0.40256,0.345597,0.349857,0.0,0.0,0.0,0.0,0.253914,0.244487,0.24536,0.266867,0.25,0.25,0.25,0.25,0.0,0.0,0.155556,0.077778,0.408629,0.46164,0.335114,0.333428,0.3313,0.3313,0.301711,0.387336,0.328629,0.300467,0.327302,0.329583,0.0,0.0,0.0,0.0,0.148015,0.0,-0.012953,0.0,-0.077778,0.075201,-0.056036,-0.000955,0.0,40-plus,static,Inspector,left-wing extremism area,0
0.337929,0.307107,0.349586,0.334013,0.0,0.0,0.0,0.177778,0.356614,0.397543,0.38394,0.394999,0.75,0.75,0.75,0.75,0.0,0.0,0.0,0.0,0.321629,0.356553,0.316952,0.336501,0.3136,0.3136,0.333889,0.365593,0.421686,0.346743,0.347781,0.350548,0.0,0.0,0.0,0.0,0.003915,-0.177778,-0.038385,0.0,0.0,-0.014872,-0.051993,0.071138,0.0,40-plus,static,Assistant Commandant,internal security duty,0
0.2962,0.365287,0.360183,0.381251,0.0,0.0,0.0,0.0,0.474671,0.379033,0.37365,0.362997,0.25,0.25,0.25,0.25,0.0,0.0,0.0,0.077778,0.234271,0.308837,0.29888,0.338414,0.4128,0.39832,0.372003,0.40119,0.0,0.0,0.0,0.0,0.0,0.0,0.0,0.0,-0.085051,0.0,0.111675,0.0,-0.077778,-0.104143,0.01161,0.0,0.0,30-39,static,Head Constable,left-wing extremism area,0
0.4629,0.328423,0.369314,0.373289,0.0,0.0,0.4,0.2,0.458743,0.425733,0.409828,0.380483,0.75,0.75,0.75,0.75,0.0,0.0,0.0,0.0,0.2394,0.447363,0.435453,0.416994,0.4848,0.4848,0.357659,0.287864,0.0,0.0,0.0,0.0,0.0,0.0,0.0,0.0,0.089611,-0.2,0.07826,0.0,0.0,-0.177594,0.196936,0.0,0.0,under-30,static,Constable,law and order deployment,0
0.4317,0.32158,0.328187,0.349538,0.0,0.0,0.0,0.0,0.3351,0.247937,0.320881,0.330876,0.25,0.25,0.25,0.25,0.0,0.0,0.0,0.0,0.4557,0.380427,0.365689,0.361727,0.0,0.0,0.0,0.0,0.0,0.0,0.0,0.0,0.0,0.0,0.0,0.0,0.082162,0.0,0.004224,0.0,0.0,0.093973,0.0,0.0,0.0,under-30,static,Head Constable,left-wing extremism area,0
0.429,0.380657,0.355793,0.341667,0.0,0.0,0.0,0.188889,0.384514,0.32481,0.32924,0.347336,0.75,0.75,0.75,0.75,0.0,0.0,0.155556,0.077778,0.242414,0.24351,0.324014,0.367192,0.0,0.0,0.0,0.0,0.0,0.0,0.0,0.0,0.0,0.0,0.0,0.0,0.087333,-0.188889,0.037179,0.0,-0.077778,-0.124778,0.0,0.0,0.0,under-30,static,Constable,left-wing extremism area,0
0.247629,0.339527,0.305546,0.328,0.0,0.0,0.0,0.038889,0.239786,0.273473,0.282721,0.316131,0.25,0.25,0.25,0.25,0.0,0.0,0.0,0.0,0.303529,0.332013,0.327032,0.320064,0.0,0.0,0.0,0.0,0.360114,0.317427,0.328147,0.322697,0.0,0.0,0.0,0.0,-0.080371,-0.038889,-0.076345,0.0,0.0,-0.016535,0.0,0.037418,0.0,under-30,static,Constable,group centre,0
0.323057,0.32147,0.341276,0.338584,0.0,0.0,0.0,0.0,0.2671,0.29904,0.384101,0.393661,0.25,0.25,0.25,0.25,0.0,0.0,0.0,0.0,0.351314,0.328683,0.339343,0.366889,0.3279,0.3662,0.303697,0.398398,0.0,0.0,0.0,0.0,0.0,0.0,0.0,0.0,-0.015527,0.0,-0.126561,0.0,0.0,-0.015575,-0.070498,0.0,0.0,30-39,static,Sub-Inspector,law and order deployment,0
0.3739,0.414497,0.442194,0.454031,0.0,0.0,0.0,0.216667,0.2601,0.380133,0.44565,0.456929,0.75,0.75,0.75,0.75,0.0,0.0,0.155556,0.077778,0.339286,0.39766,0.423994,0.442697,0.503,0.382073,0.42567,0.452301,0.0,0.0,0.0,0.0,0.0,0.0,0.0,0.0,-0.080131,-0.216667,-0.196829,0.0,-0.077778,-0.103412,0.050699,0.0,0.0,40-plus,static,Inspector,group centre,0
0.3423,0.439947,0.451249,0.397337,0.0,0.0,0.0,0.0,0.350014,0.323793,0.312463,0.360458,0.75,0.75,0.75,0.75,0.0,0.0,0.155556,0.155556,0.5146,0.393707,0.379812,0.382414,0.0,0.0,0.0,0.0,0.491457,0.352683,0.381898,0.364761,0.0,0.0,0.0,0.0,-0.055037,0.0,-0.010444,0.0,-0.155556,0.132186,0.0,0.126697,0.0,under-30,static,Head Constable,election duty,0
0.166514,0.372607,0.367729,0.356804,0.285714,0.833333,0.355556,0.177778,0.346829,0.2921,0.352522,0.357156,0.25,0.25,0.25,0.25,0.0,0.0,0.0,0.0,0.331943,0.38248,0.380906,0.358142,0.344786,0.25226,0.23986,0.313062,0.366857,0.360563,0.361681,0.346281,0.0,0.0,0.0,0.0,-0.19029,0.107937,-0.010327,0.0,0.0,-0.026199,0.031724,0.020576,0.0,40-plus,static,Assistant Commandant,internal security duty,0
0.3504,0.490997,0.502598,0.491944,0.0,0.0,0.0,0.35,0.442257,0.485993,0.498043,0.516341,0.25,0.25,0.25,0.25,0.0,0.0,0.155556,0.077778,0.3797,0.431427,0.41122,0.46845,0.5187,0.5187,0.516122,0.507394,0.462214,0.427493,0.449454,0.442026,0.0,0.0,0.0,0.0,-0.141544,-0.35,-0.074084,0.0,-0.077778,-0.08875,0.011306,0.020189,0.0,30-39,static,Head Constable,law and order deployment,1
0.275,0.324057,0.303378,0.288059,0.0,0.0,0.0,0.1,0.373686,0.306687,0.262119,0.297598,0.25,0.25,0.25,0.25,0.0,0.0,0.0,0.0,0.2261,0.300083,0.32864,0.356843,0.0,0.0,0.0,0.0,0.381157,0.308847,0.323931,0.324619,0.0,0.0,0.0,0.0,-0.013059,-0.1,0.076088,0.0,0.0,-0.130743,0.0,0.056538,0.0,under-30,static,Head Constable,group centre,0
0.444043,0.37529,0.392693,0.391638,0.0,0.0,0.0,0.216667,0.4213,0.434277,0.420431,0.460929,0.75,0.75,0.75,0.75,0.0,0.0,0.155556,0.155556,0.3497,0.45036,0.450553,0.452651,0.0,0.0,0.0,0.0,0.425029,0.376193,0.392261,0.408206,0.0,0.0,0.0,0.0,0.052405,-0.216667,-0.039629,0.0,-0.155556,-0.102951,0.0,0.016822,0.0,30-39,static,Assistant Sub-Inspector,internal security duty,0
0.499,0.497097,0.472874,0.426757,0.0,0.0,0.411111,0.205556,0.314143,0.389883,0.333528,0.357621,0.75,0.75,0.75,0.75,0.0,0.0,0.0,0.077778,0.5432,0.468013,0.407169,0.431601,0.0,0.0,0.0,0.0,0.0,0.0,0.0,0.0,0.0,0.0,0.0,0.0,0.072243,-0.205556,-0.043478,0.0,-0.077778,0.111599,0.0,0.0,0.0,under-30,static,Constable,election duty,0
0.2729,0.492113,0.492658,0.440688,0.428571,0.866667,0.455556,0.227778,0.4571,0.441127,0.456196,0.440438,0.75,0.75,0.75,0.75,0.0,0.0,0.155556,0.077778,0.326771,0.435127,0.444921,0.44867,0.347,0.347,0.428623,0.463895,0.413986,0.40196,0.406557,0.418668,0.0,0.0,0.0,0.0,-0.167788,0.200794,0.016662,0.0,-0.077778,-0.121899,-0.116895,-0.004682,0.0,30-39,static,Assistant Sub-Inspector,election duty,0
0.261386,0.295037,0.331972,0.357409,0.0,0.0,0.322222,0.161111,0.423957,0.454123,0.387097,0.3568,0.25,0.25,0.25,0.25,0.0,0.0,0.111111,0.077778,0.330143,0.34247,0.311446,0.330529,0.4275,0.4275,0.304493,0.312596,0.338514,0.279513,0.298478,0.29667,0.0,0.0,0.0,0.0,-0.096023,-0.161111,0.067157,0.0,-0.077778,-0.000387,0.114904,0.041844,0.0,under-30,static,Constable,internal security duty,0
0.748543,0.767263,0.626344,0.507992,0.3065,0.3065,0.207739,0.103869,0.7611,0.64982,0.610981,0.515454,0.25,0.25,0.25,0.25,0.0,0.0,0.0,0.0,0.7474,0.793413,0.685689,0.542792,0.546786,0.543183,0.535061,0.515911,0.425343,0.385157,0.38803,0.395646,0.0,0.0,0.0,0.0,0.240551,0.202631,0.245646,0.0,0.0,0.204608,0.030875,0.029697,0.0,40-plus,surged,Assistant Commandant,internal security duty,0
0.270043,0.29778,0.315638,0.305979,0.0,0.0,0.333333,0.166667,0.442571,0.403257,0.326371,0.306618,0.75,0.75,0.75,0.75,0.0,0.0,0.0,0.155556,0.386429,0.37002,0.37461,0.325983,0.2675,0.28155,0.123223,0.187172,0.0,0.0,0.0,0.0,0.0,0.0,0.0,0.0,-0.035936,-0.166667,0.135953,0.0,-0.155556,0.060445,0.080328,0.0,0.0,30-39,static,Assistant Sub-Inspector,group centre,0
0.512243,0.65152,0.543293,0.450277,0.2516,0.2516,0.170529,0.268598,0.4619,0.573587,0.518889,0.426834,0.25,0.25,0.25,0.25,0.0,0.0,0.0,0.077778,0.652871,0.61646,0.521303,0.435584,0.4482,0.4482,0.419033,0.378872,0.0,0.0,0.0,0.0,0.0,0.0,0.0,0.0,0.061966,-0.016998,0.035066,0.0,-0.077778,0.217288,0.069328,0.0,0.0,30-39,surged,Sub-Inspector,internal security duty,0
0.533529,0.504157,0.455313,0.443054,0.0,0.0,0.0,0.0,0.360871,0.449883,0.461293,0.438003,0.25,0.25,0.25,0.25,0.0,0.0,0.0,0.0,0.357286,0.363707,0.393628,0.435453,0.6812,0.54099,0.50093,0.483878,0.0,0.0,0.0,0.0,0.0,0.0,0.0,0.0,0.090475,0.0,-0.077131,0.0,0.0,-0.078167,0.197322,0.0,0.0,under-30,static,Constable,law and order deployment,0
0.272371,0.262627,0.314432,0.369196,0.0,0.0,0.0,0.0,0.342,0.403103,0.38379,0.365422,0.25,0.25,0.25,0.25,0.0,0.0,0.0,0.0,0.388286,0.32188,0.364112,0.365644,0.0941,0.23174,0.26558,0.290894,0.0,0.0,0.0,0.0,0.0,0.0,0.0,0.0,-0.096824,0.0,-0.023422,0.0,0.0,0.022642,-0.196794,0.0,0.0,under-30,static,Head Constable,left-wing extremism area,0
0.522,0.38706,0.384279,0.389511,0.0,0.0,0.388889,0.194444,0.316414,0.352293,0.329983,0.336307,0.25,0.25,0.25,0.25,0.0,0.0,0.0,0.0,0.5584,0.4135,0.410872,0.385068,0.0,0.0,0.0,0.0,0.372929,0.340287,0.342083,0.345386,0.0,0.0,0.0,0.0,0.132489,-0.194444,-0.019893,0.0,0.0,0.173332,0.0,0.027542,0.0,30-39,static,Assistant Sub-Inspector,group centre,0
0.376957,0.355907,0.364472,0.354598,0.0,0.0,0.0,0.061111,0.500843,0.469223,0.406337,0.361026,0.25,0.25,0.25,0.25,0.0,0.0,0.0,0.077778,0.338886,0.359303,0.381977,0.354675,0.0,0.0,0.0,0.0,0.415643,0.357967,0.355253,0.35695,0.0,0.0,0.0,0.0,0.022359,-0.061111,0.139817,0.0,-0.077778,-0.015789,0.0,0.058693,0.0,30-39,static,Head Constable,group centre,0
0.430286,0.41432,0.451233,0.484702,0.0,0.0,0.0,0.116667,0.494086,0.610713,0.515506,0.474469,0.75,0.75,0.75,0.75,0.0,0.0,0.0,0.0,0.3566,0.40352,0.460902,0.477988,0.5682,0.5682,0.537373,0.526896,0.0,0.0,0.0,0.0,0.0,0.0,0.0,0.0,-0.054416,-0.116667,0.019616,0.0,0.0,-0.121388,0.041304,0.0,0.0,40-plus,static,Assistant Commandant,election duty,1
0.382943,0.328687,0.399834,0.378782,0.0,0.0,0.388889,0.194444,0.4352,0.468857,0.415408,0.427078,0.25,0.25,0.25,0.25,0.0,0.0,0.0,0.0,0.408614,0.438577,0.423811,0.420421,0.0,0.0,0.0,0.0,0.3993,0.34959,0.383351,0.378845,0.0,0.0,0.0,0.0,0.004161,-0.194444,0.008122,0.0,0.0,-0.011807,0.0,0.020455,0.0,30-39,static,Assistant Sub-Inspector,group centre,0
0.700114,0.695143,0.624981,0.490394,0.3098,0.3098,0.209976,0.182766,0.544,0.67946,0.496597,0.436922,0.25,0.25,0.25,0.25,0.0,0.0,0.0,0.0,0.7728,0.69567,0.544788,0.427816,0.0,0.0,0.0,0.0,0.0,0.0,0.0,0.0,0.0,0.0,0.0,0.0,0.20972,0.127034,0.107078,0.0,0.0,0.344984,0.0,0.0,0.0,under-30,surged,Constable,internal security duty,0
0.335629,0.358337,0.359241,0.357927,0.0,0.0,0.266667,0.194444,0.2339,0.408917,0.427173,0.425898,0.25,0.25,0.25,0.25,0.0,0.0,0.155556,0.1,0.309757,0.425513,0.365571,0.372043,0.4439,0.4439,0.43774,0.385785,0.416314,0.33649,0.361904,0.361383,0.0,0.0,0.0,0.0,-0.022298,-0.194444,-0.191998,0.0,-0.1,-0.062286,0.058115,0.054931,0.0,under-30,static,Head Constable,left-wing extremism area,0
0.4506,0.333607,0.348459,0.322008,0.0,0.0,0.0,0.161111,0.2646,0.403377,0.362187,0.326739,0.75,0.75,0.75,0.75,0.0,0.0,0.066667,0.077778,0.336314,0.31388,0.347281,0.320143,0.0,0.0,0.0,0.0,0.288486,0.270837,0.32043,0.307842,0.0,0.0,0.0,0.0,0.128592,-0.161111,-0.062139,0.0,-0.077778,0.016171,0.0,-0.019356,0.0,under-30,static,Constable,internal security duty,0
0.464186,0.396007,0.386558,0.373232,0.0,0.0,0.0,0.194444,0.347071,0.382917,0.399073,0.375933,0.75,0.75,0.75,0.75,0.0,0.0,0.0,0.0,0.389757,0.393627,0.341967,0.372438,0.5232,0.5232,0.5232,0.48806,0.0,0.0,0.0,0.0,0.0,0.0,0.0,0.0,0.090954,-0.194444,-0.028861,0.0,0.0,0.017319,0.03514,0.0,0.0,40-plus,static,Assistant Commandant,group centre,0
0.7807,0.744407,0.633229,0.49474,0.3047,0.3047,0.530128,0.265064,0.606243,0.602153,0.549334,0.440656,0.25,0.25,0.25,0.25,0.571429,0.466667,0.155556,0.077778,0.801371,0.789267,0.586704,0.458993,0.488543,0.513657,0.422597,0.402239,0.0,0.0,0.0,0.0,0.0,0.0,0.0,0.0,0.28596,0.039636,0.165587,0.0,0.493651,0.342378,0.086303,0.0,0.0,under-30,surged,Head Constable,internal security duty,0
0.2527,0.33873,0.333601,0.335697,0.0,0.0,0.011111,0.166667,0.363957,0.377347,0.314073,0.359666,0.25,0.25,0.25,0.25,0.0,0.0,0.0,0.0,0.2566,0.30949,0.282052,0.294502,0.2395,0.2395,0.350829,0.364627,0.0,0.0,0.0,0.0,0.0,0.0,0.0,0.0,-0.082997,-0.166667,0.004291,0.0,0.0,-0.037902,-0.125127,0.0,0.0,under-30,static,Head Constable,internal security duty,0
0.2133,0.312617,0.32751,0.321759,0.0,0.0,0.0,0.166667,0.432671,0.3768,0.346666,0.361979,0.25,0.25,0.25,0.25,0.0,0.0,0.0,0.022222,0.288929,0.287583,0.324449,0.351562,0.0,0.0,0.0,0.0,0.0,0.0,0.0,0.0,0.0,0.0,0.0,0.0,-0.108459,-0.166667,0.070693,0.0,-0.022222,-0.062633,0.0,0.0,0.0,40-plus,static,Inspector,group centre,0
0.347571,0.4359,0.311283,0.318999,0.0,0.0,0.266667,0.183333,0.289,0.33247,0.370682,0.347122,0.25,0.25,0.25,0.25,0.0,0.2,0.155556,0.111111,0.344057,0.328627,0.338168,0.343031,0.0,0.0,0.0,0.0,0.0,0.0,0.0,0.0,0.0,0.0,0.0,0.0,0.028573,-0.183333,-0.058122,0.0,-0.111111,0.001026,0.0,0.0,0.0,30-39,static,Assistant Sub-Inspector,left-wing extremism area,0
0.302457,0.321927,0.379677,0.371856,0.0,0.0,0.388889,0.194444,0.2106,0.287437,0.343713,0.394117,0.25,0.25,0.25,0.25,0.0,0.1,0.155556,0.077778,0.3313,0.305943,0.349483,0.347545,0.0,0.0,0.0,0.0,0.0,0.0,0.0,0.0,0.0,0.0,0.0,0.0,-0.069399,-0.194444,-0.183517,0.0,-0.077778,-0.016245,0.0,0.0,0.0,30-39,static,Assistant Sub-Inspector,left-wing extremism area,0
0.453743,0.41072,0.376998,0.381243,0.0,0.0,0.0,0.0,0.303714,0.380533,0.350712,0.382109,0.25,0.25,0.25,0.25,0.0,0.0,0.0,0.0,0.392043,0.359117,0.345993,0.383357,0.3643,0.402167,0.395666,0.378583,0.0,0.0,0.0,0.0,0.0,0.0,0.0,0.0,0.0725,0.0,-0.078395,0.0,0.0,0.008686,-0.014283,0.0,0.0,40-plus,static,Inspector,election duty,0
0.624943,0.659993,0.528334,0.447862,0.3158,0.3158,0.214042,0.223688,0.708414,0.6483,0.594613,0.478669,0.25,0.25,0.25,0.25,0.0,0.0,0.0,0.077778,0.619857,0.70281,0.575132,0.467362,0.047,0.217433,0.299011,0.26526,0.0,0.0,0.0,0.0,0.0,0.0,0.0,0.0,0.177081,0.092112,0.229745,0.0,-0.077778,0.152495,-0.21826,0.0,0.0,30-39,surged,Sub-Inspector,internal security duty,0
0.442529,0.449677,0.31967,0.336877,0.0,0.366667,0.344444,0.172222,0.320629,0.337717,0.369631,0.367429,0.25,0.25,0.25,0.25,0.0,0.0,0.0,0.077778,0.247514,0.24612,0.291167,0.326865,0.202443,0.22518,0.265127,0.321592,0.0,0.0,0.0,0.0,0.0,0.0,0.0,0.0,0.105651,-0.172222,-0.0468,0.0,-0.077778,-0.079351,-0.119149,0.0,0.0,40-plus,static,Assistant Commandant,group centre,0
0.4841,0.513387,0.371506,0.371166,0.0,0.0,0.0,0.0,0.429571,0.404447,0.420192,0.395856,0.25,0.25,0.25,0.25,0.0,0.0,0.0,0.0,0.1838,0.252283,0.34504,0.328622,0.2252,0.39586,0.508068,0.451145,0.375043,0.340577,0.352633,0.349086,0.0,0.0,0.0,0.0,0.112934,0.0,0.033715,0.0,0.0,-0.144822,-0.225945,0.025957,0.0,40-plus,static,Sub-Inspector,law and order deployment,0
0.488957,0.449733,0.40087,0.410266,0.0,0.0,0.111111,0.205556,0.349029,0.37839,0.425391,0.399574,0.75,0.75,0.75,0.75,0.0,0.0,0.0,0.0,0.5217,0.45476,0.455343,0.398641,0.0,0.0,0.0,0.0,0.378871,0.32629,0.362783,0.376449,0.0,0.0,0.0,0.0,0.078692,-0.205556,-0.050546,0.0,0.0,0.123059,0.0,0.002422,0.0,40-plus,static,Assistant Commandant,law and order deployment,0
0.418514,0.44636,0.388532,0.386203,0.0,0.0,0.0,0.094444,0.302871,0.29234,0.36963,0.372694,0.75,0.75,0.75,0.75,0.0,0.0,0.0,0.0,0.3834,0.41254,0.349781,0.352104,0.4309,0.4309,0.391544,0.347972,0.404557,0.35059,0.354927,0.356356,0.0,0.0,0.0,0.0,0.032312,-0.094444,-0.069822,0.0,0.0,0.031296,0.082928,0.048202,0.0,40-plus,static,Assistant Commandant,internal security duty,0
0.3142,0.31178,0.31914,0.308673,0.0,0.0,0.0,0.15,0.2222,0.294827,0.287447,0.292474,0.25,0.25,0.25,0.25,0.0,0.0,0.0,0.0,0.388314,0.321707,0.321481,0.347654,0.6293,0.6293,0.6293,0.564015,0.0,0.0,0.0,0.0,0.0,0.0,0.0,0.0,0.005527,-0.15,-0.070274,0.0,0.0,0.04066,0.065285,0.0,0.0,40-plus,static,Assistant Commandant,internal security duty,0
0.5083,0.440733,0.399854,0.429059,0.0,0.0,0.0,0.205556,0.2409,0.357037,0.41822,0.422941,0.75,0.75,0.75,0.75,0.0,0.0,0.0,0.0,0.530886,0.500927,0.42979,0.441003,0.3153,0.3153,0.3153,0.316292,0.3414,0.348673,0.373718,0.382101,0.0,0.0,0.0,0.0,0.079241,-0.205556,-0.182041,0.0,0.0,0.089883,-0.000992,-0.040701,0.0,30-39,static,Assistant Sub-Inspector,left-wing extremism area,0
0.5036,0.502583,0.40331,0.431082,0.0,0.0,0.0,0.211111,0.442257,0.34309,0.39034,0.395502,0.25,0.25,0.25,0.25,0.0,0.0,0.0,0.077778,0.438814,0.48859,0.457532,0.431277,0.0,0.0,0.0,0.0,0.400757,0.334813,0.399834,0.390747,0.0,0.0,0.0,0.0,0.072518,-0.211111,0.046755,0.0,-0.077778,0.007538,0.0,0.01001,0.0,40-plus,static,Inspector,group centre,0
0.407757,0.40682,0.420211,0.412966,0.0,0.0,0.377778,0.188889,0.377243,0.37219,0.40418,0.379811,0.25,0.25,0.25,0.25,0.0,0.0,0.0,0.15,0.490471,0.3871,0.366497,0.367507,0.5061,0.450733,0.387629,0.380394,0.0,0.0,0.0,0.0,0.0,0.0,0.0,0.0,-0.005209,-0.188889,-0.002568,0.0,-0.15,0.122965,0.125706,0.0,0.0,30-39,static,Sub-Inspector,group centre,0
0.4967,0.469323,0.439433,0.420294,0.0,0.0,0.0,0.0,0.4453,0.338493,0.424346,0.413769,0.25,0.25,0.25,0.25,0.0,0.0,0.0,0.0,0.4915,0.447907,0.392038,0.372606,0.37,0.37,0.387121,0.429574,0.0,0.0,0.0,0.0,0.0,0.0,0.0,0.0,0.076406,0.0,0.031531,0.0,0.0,0.118894,-0.059574,0.0,0.0,under-30,static,Constable,left-wing extremism area,0
0.4921,0.499897,0.431963,0.423354,0.0,0.0,0.388889,0.194444,0.2708,0.276433,0.347598,0.377668,0.25,0.25,0.25,0.25,0.0,0.0,0.0,0.0,0.433843,0.313993,0.359516,0.370237,0.0,0.0,0.0,0.0,0.0,0.0,0.0,0.0,0.0,0.0,0.0,0.0,0.068746,-0.194444,-0.106868,0.0,0.0,0.063606,0.0,0.0,0.0,30-39,static,Assistant Sub-Inspector,left-wing extremism area,0
0.460357,0.395587,0.376502,0.367012,0.0,0.0,0.0,0.0,0.3539,0.3799,0.411264,0.416172,0.75,0.75,0.75,0.75,0.0,0.0,0.0,0.077778,0.3937,0.376193,0.398017,0.361683,0.3366,0.3366,0.291832,0.347256,0.0,0.0,0.0,0.0,0.0,0.0,0.0,0.0,0.093345,0.0,-0.062272,0.0,-0.077778,0.032017,-0.010656,0.0,0.0,40-plus,static,Inspector,left-wing extremism area,0
0.3517,0.473937,0.430081,0.423561,0.0,0.0,0.0,0.222222,0.4116,0.500143,0.421089,0.445237,0.75,0.75,0.75,0.75,0.0,0.0,0.0,0.077778,0.448957,0.516283,0.455462,0.453969,0.3736,0.3736,0.3736,0.3736,0.364114,0.348197,0.388212,0.399194,0.0,0.0,0.0,0.0,-0.071861,-0.222222,-0.033637,0.0,-0.077778,-0.005012,0.0,-0.03508,0.0,40-plus,static,Inspector,internal security duty,0
0.425271,0.545317,0.46993,0.452341,0.0,0.0,0.0,0.061111,0.512443,0.470807,0.480013,0.464348,0.25,0.25,0.25,0.25,0.0,0.233333,0.155556,0.155556,0.416086,0.39829,0.442066,0.443419,0.543757,0.463767,0.459189,0.458044,0.475529,0.40886,0.431346,0.424395,0.0,0.0,0.0,0.0,-0.02707,-0.061111,0.048095,0.0,-0.155556,-0.027333,0.085713,0.051134,0.0,40-plus,static,Sub-Inspector,left-wing extremism area,0
0.6967,0.695067,0.649159,0.543372,0.2312,0.2312,0.156702,0.306129,0.768114,0.737703,0.618569,0.562222,0.25,0.25,0.25,0.25,0.0,0.1,0.155556,0.077778,0.528614,0.683047,0.603829,0.557409,0.4449,0.4449,0.430563,0.443204,0.0,0.0,0.0,0.0,0.0,0.0,0.0,0.0,0.153328,-0.074929,0.205892,0.0,-0.077778,-0.028795,0.001696,0.0,0.0,40-plus,surged,Inspector,internal security duty,0
0.471971,0.42328,0.347858,0.359239,0.0,0.0,0.0,0.0,0.437386,0.40084,0.368344,0.415338,0.25,0.25,0.25,0.25,0.0,0.466667,0.155556,0.077778,0.389186,0.384647,0.407563,0.377105,0.4667,0.371393,0.196664,0.310093,0.412286,0.32673,0.366234,0.370554,0.0,0.0,0.0,0.0,0.112733,0.0,0.022047,0.0,-0.077778,0.012081,0.156607,0.041732,0.0,40-plus,static,Assistant Commandant,law and order deployment,0
0.697657,0.699613,0.562479,0.469169,0.2522,0.2522,0.170936,0.229912,0.713629,0.73787,0.552908,0.437375,0.25,0.25,0.25,0.25,0.0,0.0,0.0,0.077778,0.647,0.65993,0.542009,0.445038,0.2698,0.2698,0.379279,0.404538,0.3282,0.314233,0.353081,0.344394,0.0,0.0,0.0,0.0,0.228488,0.022288,0.276254,0.0,-0.077778,0.201962,-0.134738,-0.016194,0.0,under-30,surged,Head Constable,internal security duty,0
0.240571,0.282487,0.33587,0.343419,0.0,0.0,0.0,0.094444,0.501557,0.404993,0.3491,0.364697,0.25,0.25,0.25,0.25,0.0,0.0,0.0,0.044444,0.361129,0.44562,0.430281,0.408686,0.0,0.0,0.0,0.0,0.390771,0.36266,0.367257,0.365311,0.0,0.0,0.0,0.0,-0.102847,-0.094444,0.13686,0.0,-0.044444,-0.047558,0.0,0.02546,0.0,under-30,static,Head Constable,election duty,0
0.490271,0.48001,0.424902,0.410598,0.0,0.733333,0.444444,0.222222,0.588714,0.569947,0.458614,0.479546,0.75,0.75,0.75,0.75,0.0,0.0,0.155556,0.077778,0.587457,0.503887,0.476992,0.446681,0.5325,0.460767,0.365122,0.362794,0.381714,0.395183,0.413026,0.403858,0.0,0.0,0.0,0.0,0.079674,-0.222222,0.109168,0.0,-0.077778,0.140777,0.169706,-0.022144,0.0,under-30,static,Head Constable,group centre,0
0.3615,0.41872,0.369293,0.404917,0.0,0.0,0.0,0.022222,0.4854,0.456277,0.456846,0.403337,0.75,0.75,0.75,0.75,0.0,0.466667,0.155556,0.077778,0.2671,0.37186,0.373706,0.363181,0.236,0.236,0.25048,0.303504,0.384857,0.302597,0.363312,0.368628,0.0,0.0,0.0,0.0,-0.043417,-0.022222,0.082063,0.0,-0.077778,-0.096081,-0.067504,0.016229,0.0,under-30,static,Constable,group centre,0
0.3758,0.42299,0.354821,0.326396,0.0,0.0,0.322222,0.161111,0.238971,0.40252,0.379437,0.330288,0.25,0.25,0.25,0.25,0.0,0.266667,0.155556,0.077778,0.31,0.241403,0.274873,0.296351,0.0,0.0,0.0,0.0,0.0,0.0,0.0,0.0,0.0,0.0,0.0,0.0,0.049404,-0.161111,-0.091316,0.0,-0.077778,0.013649,0.0,0.0,0.0,30-39,static,Assistant Sub-Inspector,group centre,0
0.629143,0.604403,0.543234,0.467273,0.2363,0.2363,0.160159,0.257857,0.566871,0.59106,0.553147,0.473691,0.25,0.25,0.25,0.25,0.0,0.0,0.0,0.0,0.8269,0.693483,0.564298,0.507391,0.3333,0.3333,0.2905,0.26375,0.0,0.0,0.0,0.0,0.0,0.0,0.0,0.0,0.16187,-0.021557,0.093181,0.0,0.0,0.319509,0.06955,0.0,0.0,under-30,surged,Constable,internal security duty,0
0.2546,0.346973,0.363953,0.386536,0.0,0.0,0.0,0.0,0.4858,0.466427,0.450254,0.423989,0.25,0.25,0.25,0.25,0.0,0.0,0.0,0.077778,0.334871,0.33765,0.350354,0.361276,0.4315,0.3553,0.288607,0.276553,0.0,0.0,0.0,0.0,0.0,0.0,0.0,0.0,-0.131936,0.0,0.061811,0.0,-0.077778,-0.026404,0.154947,0.0,0.0,under-30,static,Head Constable,left-wing extremism area,0
0.488329,0.387687,0.43603,0.429302,0.0,0.7,0.411111,0.205556,0.4571,0.435477,0.431228,0.423601,0.25,0.25,0.25,0.25,0.0,0.0,0.0,0.0,0.430443,0.412753,0.441372,0.426291,0.3958,0.3958,0.3958,0.414698,0.422457,0.358307,0.389396,0.390066,0.0,0.0,0.0,0.0,0.059027,-0.205556,0.033499,0.0,0.0,0.004152,-0.018898,0.032391,0.0,40-plus,static,Inspector,left-wing extremism area,0
0.484671,0.35775,0.360109,0.375311,0.0,0.0,0.0,0.183333,0.333786,0.31396,0.344034,0.364687,0.25,0.25,0.25,0.25,0.0,0.0,0.0,0.077778,0.298729,0.360563,0.425286,0.35876,0.304,0.304,0.344233,0.405199,0.351043,0.299983,0.339758,0.346121,0.0,0.0,0.0,0.0,0.109361,-0.183333,-0.030901,0.0,-0.077778,-0.060031,-0.101199,0.004922,0.0,30-39,static,Assistant Sub-Inspector,law and order deployment,0
0.5133,0.437717,0.441084,0.443424,0.0,0.0,0.0,0.222222,0.3098,0.40855,0.446932,0.459195,0.25,0.25,0.25,0.25,0.0,0.0,0.0,0.0,0.573571,0.49879,0.473256,0.430489,0.0,0.0,0.0,0.0,0.3921,0.392337,0.39848,0.400979,0.0,0.0,0.0,0.0,0.069876,-0.222222,-0.149395,0.0,0.0,0.143083,0.0,-0.008879,0.0,30-39,static,Assistant Sub-Inspector,election duty,0
0.549557,0.525193,0.438884,0.402632,0.0,0.0,0.0,0.0,0.4922,0.411867,0.382189,0.387336,0.25,0.25,0.25,0.25,0.0,0.0,0.0,0.077778,0.392657,0.451227,0.393303,0.379098,0.0,0.0,0.0,0.0,0.369657,0.338477,0.366784,0.370678,0.0,0.0,0.0,0.0,0.146925,0.0,0.104864,0.0,-0.077778,0.013559,0.0,-0.001021,0.0,40-plus,static,Assistant Commandant,internal security duty,0
0.549457,0.430093,0.461433,0.446384,0.285714,0.833333,0.477778,0.238889,0.511143,0.462737,0.429802,0.454207,0.25,0.25,0.25,0.25,0.0,0.0,0.0,0.0,0.388443,0.451457,0.459036,0.464958,0.336,0.336,0.336,0.372117,0.340571,0.377327,0.422627,0.440393,0.0,0.0,0.0,0.0,0.103073,0.046825,0.056936,0.0,0.0,-0.076515,-0.036117,-0.099821,0.0,40-plus,static,Assistant Commandant,election duty,0
0.188486,0.24119,0.302453,0.302622,0.0,0.0,0.0,0.077778,0.329171,0.42416,0.329297,0.299791,0.25,0.25,0.25,0.25,0.0,0.0,0.088889,0.077778,0.209943,0.323387,0.320538,0.304214,0.0,0.0,0.0,0.0,0.371057,0.28852,0.334471,0.328991,0.0,0.0,0.0,0.0,-0.114137,-0.077778,0.029381,0.0,-0.077778,-0.094272,0.0,0.042067,0.0,40-plus,static,Inspector,election duty,0
0.246986,0.302587,0.378764,0.383261,0.0,0.0,0.0,0.194444,0.2653,0.32448,0.391908,0.393921,0.25,0.25,0.25,0.25,0.0,0.0,0.0,0.044444,0.3036,0.420467,0.43717,0.412774,0.329,0.368,0.380611,0.408441,0.0,0.0,0.0,0.0,0.0,0.0,0.0,0.0,-0.136275,-0.194444,-0.128621,0.0,-0.044444,-0.109174,-0.079441,0.0,0.0,40-plus,static,Assistant Commandant,left-wing extremism area,0
0.318886,0.356057,0.356839,0.377367,0.0,0.0,0.366667,0.183333,0.1989,0.286243,0.316962,0.334916,0.25,0.25,0.25,0.25,0.0,0.0,0.0,0.0,0.415057,0.350577,0.353933,0.366006,0.1374,0.1374,0.307483,0.398992,0.4125,0.367983,0.342887,0.349778,0.0,0.0,0.0,0.0,-0.058481,-0.183333,-0.136016,0.0,0.0,0.049051,-0.261592,0.062722,0.0,under-30,static,Constable,group centre,0
0.287457,0.370877,0.309252,0.328729,0.0,0.0,0.377778,0.188889,0.4616,0.42856,0.378589,0.378526,0.25,0.25,0.25,0.25,0.0,0.0,0.0,0.0,0.453414,0.43794,0.423176,0.386404,0.0,0.0,0.0,0.0,0.405871,0.37066,0.36536,0.361563,0.0,0.0,0.0,0.0,-0.041272,-0.188889,0.083074,0.0,0.0,0.06701,0.0,0.044309,0.0,40-plus,static,Assistant Commandant,law and order deployment,0
0.269829,0.341443,0.376207,0.37776,0.285714,0.833333,0.366667,0.183333,0.379086,0.38616,0.357043,0.361007,0.25,0.25,0.25,0.25,0.0,0.0,0.0,0.0,0.2303,0.430317,0.411018,0.372725,0.2284,0.294457,0.29203,0.27945,0.0,0.0,0.0,0.0,0.0,0.0,0.0,0.0,-0.107931,0.102381,0.018078,0.0,0.0,-0.142425,-0.05105,0.0,0.0,under-30,static,Constable,group centre,0
0.5893,0.617593,0.526063,0.444041,0.2643,0.2643,0.179137,0.089568,0.699414,0.600433,0.552762,0.455583,0.25,0.25,0.25,0.25,0.0,0.0,0.0,0.077778,0.6839,0.596023,0.579242,0.469024,0.2937,0.2937,0.3998,0.358433,0.0,0.0,0.0,0.0,0.0,0.0,0.0,0.0,0.145259,0.174732,0.243832,0.0,-0.077778,0.214876,-0.064733,0.0,0.0,30-39,surged,Head Constable,internal security duty,0
0.5041,0.521023,0.467434,0.429151,0.268686,0.82936,0.469218,0.234609,0.488143,0.507423,0.497952,0.440741,0.25,0.25,0.25,0.25,0.0,0.0,0.0,0.138889,0.7403,0.62181,0.556307,0.468951,0.0,0.0,0.0,0.0,0.0,0.0,0.0,0.0,0.0,0.0,0.0,0.0,0.074949,0.034077,0.047402,0.0,-0.138889,0.271349,0.0,0.0,0.0,under-30,surged,Constable,internal security duty,0
0.4052,0.3761,0.413591,0.398638,0.0,0.0,0.0,0.0,0.537229,0.45433,0.446378,0.426084,0.75,0.75,0.75,0.75,0.0,0.0,0.0,0.0,0.45,0.458193,0.458374,0.447428,0.3104,0.3104,0.362491,0.371006,0.0,0.0,0.0,0.0,0.0,0.0,0.0,0.0,0.006562,0.0,0.111145,0.0,0.0,0.002572,-0.060606,0.0,0.0,30-39,static,Assistant Sub-Inspector,election duty,0
0.319943,0.402643,0.354782,0.358511,0.0,0.266667,0.377778,0.188889,0.359157,0.434053,0.364708,0.371737,0.75,0.75,0.75,0.75,0.0,0.0,0.0,0.0,0.430386,0.44119,0.42703,0.434646,0.215557,0.355003,0.265334,0.242917,0.391757,0.320073,0.339529,0.341491,0.0,0.0,0.0,0.0,-0.038568,-0.188889,-0.01258,0.0,0.0,-0.00426,-0.02736,0.050266,0.0,under-30,static,Constable,group centre,0
0.329214,0.340143,0.341438,0.339204,0.0,0.0,0.0,0.166667,0.2768,0.27227,0.27649,0.297538,0.25,0.25,0.25,0.25,0.0,0.0,0.0,0.0,0.194729,0.219497,0.272557,0.276778,0.2544,0.2544,0.2544,0.247817,0.0,0.0,0.0,0.0,0.0,0.0,0.0,0.0,-0.00999,-0.166667,-0.020738,0.0,0.0,-0.082049,0.006583,0.0,0.0,under-30,static,Constable,group centre,0
0.3754,0.347463,0.410831,0.445025,0.0,0.0,0.0,0.0,0.561186,0.438973,0.426986,0.417054,0.25,0.25,0.25,0.25,0.0,0.0,0.0,0.0,0.3609,0.4395,0.423808,0.421733,0.514071,0.498593,0.493331,0.468133,0.485086,0.43324,0.43206,0.42848,0.0,0.0,0.0,0.0,-0.069625,0.0,0.144132,0.0,0.0,-0.060833,0.045938,0.056606,0.0,30-39,static,Sub-Inspector,election duty,0
0.653371,0.71796,0.658959,0.524386,0.2537,0.2537,0.227508,0.319309,0.6421,0.649077,0.571378,0.487224,0.75,0.75,0.75,0.75,0.0,0.0,0.0,0.0,0.601143,0.594023,0.60841,0.554232,0.4866,0.497293,0.523084,0.536492,0.0,0.0,0.0,0.0,0.0,0.0,0.0,0.0,0.128985,-0.065609,0.154876,0.0,0.0,0.046911,-0.049892,0.0,0.0,40-plus,surged,Sub-Inspector,internal security duty,0
0.3512,0.316973,0.333604,0.30831,0.0,0.0,0.0,0.177778,0.338786,0.38665,0.3705,0.380256,0.25,0.25,0.25,0.25,0.0,0.0,0.155556,0.077778,0.4166,0.43969,0.400929,0.391161,0.421,0.421,0.421,0.41078,0.0,0.0,0.0,0.0,0.0,0.0,0.0,0.0,0.04289,-0.177778,-0.04147,0.0,-0.077778,0.025439,0.01022,0.0,0.0,under-30,static,Head Constable,left-wing extremism area,0
0.424,0.441263,0.408599,0.390061,0.0,0.0,0.0,0.083333,0.408614,0.44665,0.372882,0.408076,0.75,0.75,0.75,0.75,0.0,0.0,0.0,0.077778,0.4395,0.426497,0.375301,0.383398,0.3322,0.3322,0.36142,0.33691,0.34,0.357503,0.369599,0.369267,0.0,0.0,0.0,0.0,0.033939,-0.083333,0.000539,0.0,-0.077778,0.056102,-0.00471,-0.029267,0.0,40-plus,static,Inspector,law and order deployment,0
0.274271,0.29505,0.305491,0.309946,0.0,0.0,0.322222,0.161111,0.4203,0.27619,0.276197,0.294201,0.25,0.25,0.25,0.25,0.0,0.0,0.155556,0.077778,0.284,0.37763,0.369778,0.342511,0.311,0.311,0.343,0.347059,0.348729,0.305523,0.303757,0.299838,0.0,0.0,0.0,0.0,-0.035674,-0.161111,0.126099,0.0,-0.077778,-0.058511,-0.036059,0.04889,0.0,30-39,static,Head Constable,internal security duty,0
0.316457,0.436503,0.445617,0.430009,0.0,0.0,0.0,0.2,0.424271,0.3575,0.427049,0.416409,0.75,0.75,0.75,0.75,0.0,0.0,0.0,0.077778,0.5522,0.468317,0.43701,0.428757,0.0,0.0,0.0,0.0,0.0,0.0,0.0,0.0,0.0,0.0,0.0,0.0,-0.113552,-0.2,0.007862,0.0,-0.077778,0.123443,0.0,0.0,0.0,under-30,static,Head Constable,group centre,0
0.42,0.371137,0.353908,0.336132,0.0,0.0,0.366667,0.183333,0.412871,0.380787,0.435187,0.427892,0.25,0.25,0.25,0.25,0.0,0.0,0.0,0.0,0.4264,0.297077,0.34449,0.343023,0.292071,0.34168,0.413776,0.400849,0.0,0.0,0.0,0.0,0.0,0.0,0.0,0.0,0.083868,-0.183333,-0.01502,0.0,0.0,0.083377,-0.108778,0.0,0.0,30-39,static,Sub-Inspector,left-wing extremism area,0
0.4639,0.363087,0.397023,0.403876,0.0,0.0,0.0,0.0,0.234486,0.263777,0.334559,0.363453,0.75,0.75,0.75,0.75,0.0,0.0,0.0,0.0,0.5239,0.406987,0.437552,0.422051,0.475743,0.49181,0.49507,0.495885,0.0,0.0,0.0,0.0,0.0,0.0,0.0,0.0,0.060024,0.0,-0.128967,0.0,0.0,0.101849,-0.020142,0.0,0.0,30-39,static,Assistant Sub-Inspector,election duty,0
0.4778,0.592507,0.524321,0.466414,0.2988,0.2988,0.20252,0.10126,0.680957,0.6473,0.545989,0.43625,0.75,0.75,0.75,0.75,0.0,0.0,0.0,0.0,0.728329,0.668827,0.579114,0.481291,0.3926,0.3926,0.321827,0.307414,0.404229,0.312933,0.341283,0.346329,0.0,0.0,0.0,0.0,0.011386,0.19754,0.244707,0.0,0.0,0.247038,0.085186,0.057899,0.0,under-30,surged,Constable,internal security duty,0
0.469357,0.459143,0.474752,0.452112,0.0,0.0,0.0,0.038889,0.418,0.41536,0.438636,0.430234,0.25,0.25,0.25,0.25,0.857143,0.466667,0.155556,0.155556,0.498286,0.4209,0.386392,0.387564,0.2957,0.277587,0.339586,0.299687,0.0,0.0,0.0,0.0,0.0,0.0,0.0,0.0,0.017245,-0.038889,-0.012234,0.0,0.701587,0.110722,-0.003987,0.0,0.0,40-plus,static,Assistant Commandant,law and order deployment,0
0.385143,0.429437,0.433324,0.422826,0.0,0.0,0.0,0.116667,0.482886,0.39957,0.372862,0.409663,0.25,0.25,0.25,0.25,0.0,0.0,0.311111,0.155556,0.381171,0.502163,0.453283,0.426124,0.4091,0.4091,0.41397,0.325181,0.440957,0.38005,0.396203,0.391256,0.0,0.0,0.0,0.0,-0.037683,-0.116667,0.073223,0.0,-0.155556,-0.044952,0.083919,0.049701,0.0,30-39,static,Sub-Inspector,group centre,0
0.469743,0.448433,0.392838,0.38743,0.0,0.0,0.0,0.188889,0.270929,0.372273,0.379383,0.371941,0.25,0.25,0.25,0.25,0.0,0.0,0.311111,0.155556,0.259286,0.279393,0.346087,0.368674,0.4403,0.48531,0.403503,0.33791,0.0,0.0,0.0,0.0,0.0,0.0,0.0,0.0,0.082313,-0.188889,-0.101012,0.0,-0.155556,-0.109389,0.10239,0.0,0.0,under-30,static,Constable,internal security duty,0
0.4188,0.4346,0.409237,0.378987,0.0,0.0,0.0,0.044444,0.262086,0.3509,0.372158,0.340203,0.25,0.25,0.25,0.25,0.0,0.0,0.0,0.0,0.331871,0.3186,0.342653,0.345316,0.0,0.0,0.24146,0.142487,0.0,0.0,0.0,0.0,0.0,0.0,0.0,0.0,0.039813,-0.044444,-0.078117,0.0,0.0,-0.013445,-0.142487,0.0,0.0,30-39,static,Assistant Sub-Inspector,law and order deployment,0
0.274671,0.345267,0.359487,0.351182,0.0,0.0,0.0,0.0,0.4678,0.406007,0.409691,0.376996,0.25,0.25,0.25,0.25,0.0,0.0,0.155556,0.077778,0.279171,0.25775,0.3024,0.315363,0.0,0.0,0.0,0.0,0.3485,0.310653,0.330426,0.333319,0.0,0.0,0.0,0.0,-0.07651,0.0,0.090804,0.0,-0.077778,-0.036192,0.0,0.015181,0.0,30-39,static,Assistant Sub-Inspector,group centre,0
0.2635,0.258307,0.362096,0.353418,0.0,0.0,0.044444,0.166667,0.3619,0.331823,0.3103,0.323817,0.25,0.25,0.25,0.25,0.0,0.0,0.155556,0.077778,0.281671,0.32597,0.379463,0.352981,0.4235,0.41205,0.333772,0.405209,0.0,0.0,0.0,0.0,0.0,0.0,0.0,0.0,-0.089918,-0.166667,0.038083,0.0,-0.077778,-0.071309,0.018291,0.0,0.0,30-39,static,Sub-Inspector,left-wing extremism area,0
0.375543,0.42442,0.367181,0.385969,0.0,0.7,0.388889,0.194444,0.421814,0.45703,0.428288,0.402363,0.25,0.25,0.25,0.25,0.0,0.466667,0.155556,0.077778,0.3021,0.330993,0.380898,0.389587,0.3438,0.3438,0.3438,0.306785,0.0,0.0,0.0,0.0,0.0,0.0,0.0,0.0,-0.010427,-0.194444,0.019451,0.0,-0.077778,-0.087487,0.037015,0.0,0.0,under-30,static,Constable,internal security duty,0
